<?xml version="1.0" encoding="UTF-8"?>
<!DOCTYPE generatorConfiguration
        PUBLIC "-//mybatis.org//DTD MyBatis Generator Configuration 1.0//EN"
        "http://mybatis.org/dtd/mybatis-generator-config_1_0.dtd">
<generatorConfiguration>
	<properties resource="application.properties"/>
    <!-- データソースドライバ
    <classPathEntry location="C:\Tools\postgresql-42.1.4.jar"/>-->
    <context id="OracleTables" targetRuntime="MyBatis3">
        <commentGenerator>
            <property name="suppressDate" value="true"/>
            <!-- コメント生成を外す -->
            <property name="suppressAllComments" value="true"/>
        </commentGenerator>
        <!--データベースURL、ユーザー、パスワード -->
        <jdbcConnection
        	driverClass="${spring.datasource.ora.driver-class-name}"
        	connectionURL="${spring.datasource.ora.url}"
        	userId="${spring.datasource.ora.username}"
        	password="${spring.datasource.ora.password}">
        </jdbcConnection>
        <javaTypeResolver>
            <property name="forceBigDecimals" value="false"/>
        </javaTypeResolver>
        <!-- モジュールファイル場所 -->
        <javaModelGenerator targetPackage="jp.co.nsd.nkssweb.oracle" targetProject="nkss-web/src/main/java">
            <property name="enableSubPackages" value="true"/>
            <property name="trimStrings" value="true"/>
        </javaModelGenerator>
        <!-- マッピングファイル場所 -->
        <sqlMapGenerator targetPackage="oramapper" targetProject="nkss-web/src/main/resources">
            <property name="enableSubPackages" value="true"/>
        </sqlMapGenerator>
        <!-- DAOファイル場所 -->
        <javaClientGenerator type="XMLMAPPER" targetPackage="jp.co.nsd.nkssweb.oracle.mapper" targetProject="nkss-web/src/main/java">
            <property name="enableSubPackages" value="true"/>
        </javaClientGenerator>
        <!-- テーブル名-->
        <table
        	tableName="aads01"
        	domainObjectName="Aads01"
        	enableCountByExample="false"
        	enableUpdateByExample="false"
        	enableDeleteByExample="false"
        	enableSelectByExample="false"
        	selectByExampleQueryId="false">
        </table>
    </context>
</generatorConfiguration>