<?xml version="1.0" encoding="UTF-8"?>
<!DOCTYPE mapper PUBLIC "-//mybatis.org//DTD Mapper 3.0//EN" "http://mybatis.org/dtd/mybatis-3-mapper.dtd">
<mapper namespace="jp.co.nsd.nkssweb.dao.mapper.AutocompleteMapper">
  <resultMap id="Kss002ResultMap" type="jp.co.nsd.nkssweb.dao.Kss002">
    <id column="kenmei_id" jdbcType="NUMERIC" property="kenmeiId" />
    <id column="kenmei_cd" jdbcType="CHAR" property="kenmeiCd" />
    <id column="kenmei_nm" jdbcType="VARCHAR" property="kenmeiNm" />
    <id column="tekiyo_start_ymd" jdbcType="DATE" property="tekiyoStartYmd" />
    <result column="tekiyo_end_ymd" jdbcType="DATE" property="tekiyoEndYmd" />
    <result column="renkei_status" jdbcType="CHAR" property="renkeiStatus" />
    <result column="entry_date" jdbcType="TIMESTAMP" property="entryDate" />
    <result column="entry_user_id" jdbcType="CHAR" property="entryUserId" />
    <result column="update_date" jdbcType="TIMESTAMP" property="updateDate" />
    <result column="update_user_id" jdbcType="CHAR" property="updateUserId" />
  </resultMap>
  <resultMap id="Kss011ResultMap" type="jp.co.nsd.nkssweb.dao.Kss011">
    <id column="soshiki_cd" jdbcType="CHAR" property="soshikiCd" />
    <result column="tekiyo_start_ymd" jdbcType="DATE" property="tekiyoStartYmd" />
    <result column="disabled_flg" jdbcType="CHAR" property="disabledFlg" />
    <result column="soshiki_nm" jdbcType="VARCHAR" property="soshikiNm" />
    <result column="soshiki_ren_nm" jdbcType="VARCHAR" property="soshikiRenNm" />
    <result column="sort_key" jdbcType="NUMERIC" property="sortKey" />
    <result column="soshiki_level" jdbcType="NUMERIC" property="soshikiLevel" />
    <result column="oya_soshiki_cd" jdbcType="CHAR" property="oyaSoshikiCd" />
  </resultMap>
  <resultMap id="Kss013ResultMap" type="jp.co.nsd.nkssweb.dao.Kss013">
    <id column="user_id" jdbcType="CHAR" property="userId" />
    <result column="sei" jdbcType="VARCHAR" property="sei" />
    <result column="mei" jdbcType="VARCHAR" property="mei" />
    <result column="nyusha_ymd" jdbcType="DATE" property="nyushaYmd" />
    <result column="taishoku_ymd" jdbcType="DATE" property="taishokuYmd" />
    <result column="zaiseki_kbn" jdbcType="CHAR" property="zaisekiKbn" />
  </resultMap>

  <sql id="Kss002_Column_List">
    kenmei_id, kenmei_cd, kenmei_nm, tekiyo_start_ymd, tekiyo_end_ymd, renkei_status,
    entry_date, entry_user_id, update_date, update_user_id
  </sql>
  <sql id="Kss011_Column_List">
    soshiki_cd, tekiyo_start_ymd, disabled_flg, soshiki_nm, soshiki_ren_nm, sort_key,
    soshiki_level, oya_soshiki_cd
  </sql>
  <sql id="Kss013_Column_List">
    user_id, sei, mei, nyusha_ymd, taishoku_ymd, zaiseki_kbn
  </sql>

  <select id="selectAllKss002" resultMap="Kss002ResultMap">
    select
    <include refid="Kss002_Column_List" />
    from kss002
  </select>
  <select id="selectAllKss011" resultMap="Kss011ResultMap">
    SELECT
       kss011.soshiki_cd           AS soshiki_cd
     , kss011.tekiyo_start_ymd     AS tekiyo_start_ymd
     , kss011.disabled_flg         AS disabled_flg
     , kss011.soshiki_nm           AS soshiki_nm
     , kss011.soshiki_ren_nm       AS soshiki_ren_ryaku_nm
     , kss011.sort_key             AS sort_key
     , kss011.soshiki_level        AS soshiki_level
     , kss011.oya_soshiki_cd       AS oya_soshiki_cd
    FROM
     kss011
     INNER JOIN kss014
       ON kss014.soshiki_cd = kss011.soshiki_cd
      AND kss014.kenmu_jun = 0
      AND CURRENT_DATE >= kss014.tekiyo_start_ymd
    WHERE
     kss011.disabled_flg = '0'
     AND CURRENT_DATE >= kss011.tekiyo_start_ymd;
  </select>
  <select id="selectAllKss013" resultMap="Kss013ResultMap">
    SELECT
        kss013.user_id       AS user_id
      , kss013.sei           AS sei
      , kss013.mei           AS mei
      , kss013.nyusha_ymd    AS nyusha_ymd
      , kss013.taishoku_ymd  AS taishoku_ymd
      , kss013.zaiseki_kbn   AS zaiseki_kbn
    FROM
      kss013
     INNER JOIN kss014
       ON kss014.user_id = kss013.user_id
       AND kss014.kenmu_jun = 0
       AND CURRENT_DATE >= kss014.tekiyo_start_ymd
    WHERE
      CURRENT_DATE BETWEEN kss013.nyusha_ymd AND coalesce(kss013.taishoku_ymd, '9999/12/31');
  </select>
</mapper>