<?xml version="1.0" encoding="UTF-8"?>
<!DOCTYPE mapper PUBLIC "-//mybatis.org//DTD Mapper 3.0//EN" "http://mybatis.org/dtd/mybatis-3-mapper.dtd">

<mapper namespace="jp.co.nsd.nkssweb.dao.mapper.BunkatsuSyunyuMapper">

  <select id="selectByWhere" parameterType="jp.co.nsd.nkssweb.dao.BunkatsuSyunyu" resultType="jp.co.nsd.nkssweb.dao.BunkatsuSyunyu">
      SELECT
          kss004.seisan_sho_no                       AS seisanshono,      --精算書番号
          kss004.kenmei_cd                           AS koujikodo,        --工事件名コード
          kss004.shonin_sattus                       AS shoninjyotai,     --承認状態
          kss004.riyu                                AS keirihininriyu,   --経理否認理由
          kss008.service_start_ymd                   AS sabisukaisiymd,   --サービス年月日
          kss.abda08.ab8_kmouwk_knj                  AS kojiKenmei,       --工事件名
          kss011.soshiki_ren_nm                      AS seisankasyo       --精算箇所
      FROM
          kss004               -- 精算書
          LEFT JOIN kss008     -- 分割収入
              ON (     kss008.seisan_sho_id = kss004.seisan_sho_id
                 )
          LEFT JOIN kss011     -- 組織マスタ
              ON (     kss004.seisan_soshiki_cd = kss011.soshiki_cd
                   AND current_date <![CDATA[ >= ]]> kss011.tekiyo_start_ymd
                   AND disabled_flg= '0'
                 )
          LEFT JOIN kss.abda08     -- 科目内訳定数
              ON ( kss004.kenmei_cd = kss.abda08.ab8_kmouwk_cod
                   AND kss008.service_start_ymd  <![CDATA[ >= ]]>  kss.abda08.ab8_tekiyf_ymd
                   AND kss008.service_start_ymd  <![CDATA[ <= ]]>  kss.abda08.ab8_tekiyt_ymd
                 )
    <where>
      0 = 0
       <if test="seisanshono != ''">
         AND kss004.seisan_sho_no LIKE #{seisanshono, jdbcType=VARCHAR} || '%'
       </if>
       <if test="sabisukaisiymdF != ''">
         AND kss008.service_start_ymd <![CDATA[ >= ]]> CAST(#{sabisukaisiymdF} AS DATE)
       </if>
       <if test="sabisukaisiymdT != ''">
         AND kss008.service_start_ymd <![CDATA[ <= ]]> CAST(#{sabisukaisiymdT} AS DATE)
       </if>
       <if test="shoninjyotai != ''">
         AND TRIM(kss004.shonin_sattus) IN ( '01', '02', '20' )
       </if>
	   <if test="shoninjyotai != ''">
			AND kss004.shonin_sattus = #{shoninjyotai, jdbcType=VARCHAR}
	   </if>
		 AND exists ( select * from kss008 where kss008.seisan_sho_id = kss004.seisan_sho_id )
		 AND not exists ( select * from kss006 where kss006.jokyaku_seisan_sho_id = kss004.seisan_sho_id )
       <if test="kojiKenmei != ''">
         AND kss.abda08.ab8_kmouwk_knj LIKE #{kojiKenmei, jdbcType=VARCHAR} || '%'
       </if>
    </where>
  </select>
</mapper>