<?xml version="1.0" encoding="UTF-8"?>
<!DOCTYPE mapper PUBLIC "-//mybatis.org//DTD Mapper 3.0//EN" "http://mybatis.org/dtd/mybatis-3-mapper.dtd">

<mapper namespace="jp.co.nsd.nkssweb.dao.mapper.KoteshisanDaityoMapper">

	<select id="selectByWhere" parameterType="jp.co.nsd.nkssweb.dao.KoteshisanDaityo"
		resultType="jp.co.nsd.nkssweb.dao.KoteshisanDaityo">
		SELECT
		    awdm01.mw1_kamoku_knj           AS kamokuKnj
		  , awdm01.mw1_seisan_no            AS seisanNo
		  , awdm01.mw1_use_ymd              AS useYmd
		  , awdm01.mw1_get_ymd              AS getYmd
		  , awdm01.mw1_kotei_no             AS koteiNo
		  , awdm02.mw2_komk06_kna           AS komk06Kna
		  , awdm02.mw2_komk07_kna           AS komk07Kna
		  , awdm01.mw1_kotei_knj            AS koteiKnj
		  , awda01.aw1_shu_knj              AS shuKnj
		  , awda02.aw2_kou_knj              AS kouKnj
		  , awda03.aw3_sai_knj              AS saiKnj
		  , awda04.aw4_shu4_knj             AS shu4Knj
		  , awda05.aw5_shu5_knj             AS shu5Knj
		  , awda06.aw6_shu6_knj             AS shu6Knj
		  , awdm01.mw1_torihiki_knj         AS torihikiKnj
		  , awdm01.mw1_shotai_ys            AS shotaiYs
		  , ( awdm01.mw1_shotai_ys - awdm01.mw1_skeika_y )
		                                    AS skeikaY
		  , awda20.awk_meisho_knj           AS meishoKnj
		  , awdm01.mw1_ssyk_rit             AS ssykRit
		  , awdm02.mw2_kagak1_yen           AS kagak1Yen
		  , awdm02.mw2_kagak2_yen           AS kagak2Yen
		  , awdm02.mw2_kagak3_yen           AS kagak3Yen
		  , awdm02.mw2_getkgk_yen           AS getkgkYen
		  , awdm02.mw2_maebkas_yen          AS maebkasYen
		  , awdm02.mw2_tkishs_yen           AS tkishsYen
		  , awdm02.mw2_ends_yen             AS endsYen
		  , awdm02.mw2_mei_su               AS meiSu
		  , awda15.awf_tani_knj             AS taniKnj
		  , awdm01.mw1_kanri_knj            AS kanriKnj
		  , awdm01.mw1_futan1_knj           AS futan1Knj
		  , awda10.awa_basho_knj            AS bashoKnj
		  , awdm02.mw2_seizo_knj            AS kaisyaKnj
		  , awdm01.mw1_memo_knj             AS memo1Knj
		  , awdm02.mw2_memo_knj             AS memo2Knj
		  , awdm02.mw2_komk11_knj           AS komk11Knj
		  , awdm02.mw2_komk12_knj           AS komk12Knj
		  , awdm02.mw2_komk13_knj           AS komk13Knj
		  , awdm02.mw2_komk08_kna           AS komk08Kna
		  , awdm02.mw2_komk15_knj           AS komk15Knj
		  , awdm02.mw2_komk14_knj           AS komk14Knj
		  , awdm01.mw1_kaikei_ym            AS kaikeiYm
		  , awdm01.mw1_koteibkt_no          AS koteibktNo
		  , awdm02.mw2_jyokyk_ymd           AS jyokykYmd
		  , awda20.awk_meisho_knj           AS meisho1Knj
		  , awdm02.mw2_zanzons_yen          AS zanzonsYen
		  , awdm01.mw1_zeitai_ys            AS zeitaiYs
		  , ( awdm01.mw1_zeitai_ys - awdm01.mw1_zkeika_y )
		                                    AS zkeikaY
		  , awdm02.mw2_maebkaz_yen          AS maebkazYen
		  , awdm02.mw2_tkishz_yen           AS tkishzYen
		  , awdm02.mw2_endz_yen             AS endzYen
		  , awda08.aw8_shinkk_knj           AS shinkkKnj
		  , awda20.awk_meisho_knj           AS meisho2Knj
		  , awdm02.mw2_ybnhyk_yen           AS ybnhykYen
		  , awdm02.mw2_yfnhyk_yen           AS yfnhykYen
		FROM
		  awda20,
		  awdm01
          LEFT JOIN awdm02
          ON ( awdm01.mw1_kotei_cod = awdm02.mw2_kotei_cod )
          LEFT JOIN awda01
          ON ( awdm01.mw1_shu_cod = awda01.aw1_shu_cod )
          LEFT JOIN awda02
          ON ( awdm01.mw1_kou_cod = awda02.aw2_kou_cod )
          LEFT JOIN awda03
          ON ( awdm01.mw1_sai_cod = awda03.aw3_sai_cod )
          LEFT JOIN awda04
          ON ( awdm01.mw1_shu4_cod = awda04.aw4_shu4_cod )
          LEFT JOIN awda05
          ON ( awdm01.mw1_shu5_cod = awda05.aw5_shu5_cod )
          LEFT JOIN awda06
          ON ( awdm01.mw1_shu6_cod = awda06.aw6_shu6_cod )
          LEFT JOIN awda08
          ON ( awdm01.mw1_shinkk_cod = awda08.aw8_shinkk_cod )
          LEFT JOIN awda10
          ON ( awdm01.mw1_city_cod = awda10.awa_basho_cod )
          LEFT JOIN awda15
          ON ( awdm02.mw2_mei_tni = awda15.awf_tani_cod )
		<where>
		0 = 0
<!-- 		<if test="jokyakuSeisanShoNo != ''"> -->
<!-- 			AND kss006.jokyaku_seisan_sho_no LIKE CONCAT(CONCAT('%', #{jokyakuSeisanShoNo, jdbcType=VARCHAR}), '%') -->
<!-- 		</if> -->
<!-- 		<if test="jokyakuYoteYmdFrom != ''"> -->
<!-- 			AND kss006.jokyaku_yote_ymd <![CDATA[ >= ]]> CAST(#{jokyakuYoteYmdFrom} AS DATE) -->
<!-- 		</if> -->
<!-- 		<if test="jokyakuYoteYmdTo != ''"> -->
<!-- 			AND kss006.jokyaku_yote_ymd <![CDATA[ <= ]]> CAST(#{jokyakuYoteYmdTo} AS DATE) -->
<!-- 		</if> -->
<!-- 		<if test="kenmeiNm != ''"> -->
<!-- 			AND kss006.kenmei_nm LIKE CONCAT(CONCAT('%', #{kenmeiNm, jdbcType=VARCHAR}), '%') -->
<!-- 		</if> -->
<!-- 		<if test="soshikiRenNm != ''"> -->
<!-- 			AND kss011.soshiki_ren_ryaku_nm LIKE CONCAT(CONCAT('%', #{soshikiRenNm, jdbcType=VARCHAR}), '%') -->
<!-- 		</if> -->
	    </where>
	    ORDER BY
	      awdm01.mw1_seisan_no
	</select>
</mapper>