<?xml version="1.0" encoding="UTF-8"?>
<!DOCTYPE mapper PUBLIC "-//mybatis.org//DTD Mapper 3.0//EN" "http://mybatis.org/dtd/mybatis-3-mapper.dtd">
<mapper namespace="jp.co.nsd.nkssweb.dao.mapper.Kss006Mapper">
  <resultMap id="BaseResultMap" type="jp.co.nsd.nkssweb.dao.Kss006">
    <id column="jokyaku_seisan_sho_id" jdbcType="NUMERIC" property="jokyakuSeisanShoId" />
    <id column="jokyaku_shisan_no" jdbcType="NUMERIC" property="jokyakuShisanNo" />
    <result column="jokyaku_seisan_sho_no" jdbcType="CHAR" property="jokyakuSeisanShoNo" />
    <result column="kenmei_nm" jdbcType="VARCHAR" property="kenmeiNm" />
    <result column="seisan_soshiki_cd" jdbcType="CHAR" property="seisanSoshikiCd" />
    <result column="tekiyo_start_ymd" jdbcType="DATE" property="tekiyoStartYmd" />
    <result column="jokyaku_yote_ymd" jdbcType="DATE" property="jokyakuYoteYmd" />
    <result column="jokyaku_ymd" jdbcType="DATE" property="jokyakuYmd" />
    <result column="seisan_entry_user_id" jdbcType="VARCHAR" property="seisanEntryUserId" />
    <result column="tanto_tekiyo_start_ymd" jdbcType="DATE" property="tantoTekiyoStartYmd" />
    <result column="tekiyo" jdbcType="VARCHAR" property="tekiyo" />
    <result column="shonin_sattus" jdbcType="CHAR" property="shoninSattus" />
    <result column="riyu" jdbcType="VARCHAR" property="riyu" />
    <result column="hansu" jdbcType="NUMERIC" property="hansu" />
    <result column="entry_date" jdbcType="TIMESTAMP" property="entryDate" />
    <result column="entry_user_id" jdbcType="CHAR" property="entryUserId" />
    <result column="update_date" jdbcType="TIMESTAMP" property="updateDate" />
    <result column="update_user_id" jdbcType="CHAR" property="updateUserId" />
  </resultMap>
  <sql id="Base_Column_List">
    jokyaku_seisan_sho_id, jokyaku_shisan_no, jokyaku_seisan_sho_no, kenmei_nm, seisan_soshiki_cd, 
    tekiyo_start_ymd, jokyaku_yote_ymd, jokyaku_ymd, seisan_entry_user_id, tanto_tekiyo_start_ymd, 
    tekiyo, shonin_sattus, riyu, hansu, entry_date, entry_user_id, update_date, update_user_id
  </sql>
  <select id="selectByPrimaryKey" parameterType="jp.co.nsd.nkssweb.dao.Kss006Key" resultMap="BaseResultMap">
    select 
    <include refid="Base_Column_List" />
    from kss006
    where jokyaku_seisan_sho_id = #{jokyakuSeisanShoId,jdbcType=NUMERIC}
      and jokyaku_shisan_no = #{jokyakuShisanNo,jdbcType=NUMERIC}
  </select>
  <delete id="deleteByPrimaryKey" parameterType="jp.co.nsd.nkssweb.dao.Kss006Key">
    delete from kss006
    where jokyaku_seisan_sho_id = #{jokyakuSeisanShoId,jdbcType=NUMERIC}
      and jokyaku_shisan_no = #{jokyakuShisanNo,jdbcType=NUMERIC}
  </delete>
  <insert id="insert" parameterType="jp.co.nsd.nkssweb.dao.Kss006">
    insert into kss006 (jokyaku_seisan_sho_id, jokyaku_shisan_no, 
      jokyaku_seisan_sho_no, kenmei_nm, seisan_soshiki_cd, 
      tekiyo_start_ymd, jokyaku_yote_ymd, jokyaku_ymd, 
      seisan_entry_user_id, tanto_tekiyo_start_ymd, tekiyo, 
      shonin_sattus, riyu, hansu, 
      entry_date, entry_user_id, update_date, 
      update_user_id)
    values (#{jokyakuSeisanShoId,jdbcType=NUMERIC}, #{jokyakuShisanNo,jdbcType=NUMERIC}, 
      #{jokyakuSeisanShoNo,jdbcType=CHAR}, #{kenmeiNm,jdbcType=VARCHAR}, #{seisanSoshikiCd,jdbcType=CHAR}, 
      #{tekiyoStartYmd,jdbcType=DATE}, #{jokyakuYoteYmd,jdbcType=DATE}, #{jokyakuYmd,jdbcType=DATE}, 
      #{seisanEntryUserId,jdbcType=VARCHAR}, #{tantoTekiyoStartYmd,jdbcType=DATE}, #{tekiyo,jdbcType=VARCHAR}, 
      #{shoninSattus,jdbcType=CHAR}, #{riyu,jdbcType=VARCHAR}, #{hansu,jdbcType=NUMERIC}, 
      #{entryDate,jdbcType=TIMESTAMP}, #{entryUserId,jdbcType=CHAR}, #{updateDate,jdbcType=TIMESTAMP}, 
      #{updateUserId,jdbcType=CHAR})
  </insert>
  <insert id="insertSelective" parameterType="jp.co.nsd.nkssweb.dao.Kss006">
    insert into kss006
    <trim prefix="(" suffix=")" suffixOverrides=",">
      <if test="jokyakuSeisanShoId != null">
        jokyaku_seisan_sho_id,
      </if>
      <if test="jokyakuShisanNo != null">
        jokyaku_shisan_no,
      </if>
      <if test="jokyakuSeisanShoNo != null">
        jokyaku_seisan_sho_no,
      </if>
      <if test="kenmeiNm != null">
        kenmei_nm,
      </if>
      <if test="seisanSoshikiCd != null">
        seisan_soshiki_cd,
      </if>
      <if test="tekiyoStartYmd != null">
        tekiyo_start_ymd,
      </if>
      <if test="jokyakuYoteYmd != null">
        jokyaku_yote_ymd,
      </if>
      <if test="jokyakuYmd != null">
        jokyaku_ymd,
      </if>
      <if test="seisanEntryUserId != null">
        seisan_entry_user_id,
      </if>
      <if test="tantoTekiyoStartYmd != null">
        tanto_tekiyo_start_ymd,
      </if>
      <if test="tekiyo != null">
        tekiyo,
      </if>
      <if test="shoninSattus != null">
        shonin_sattus,
      </if>
      <if test="riyu != null">
        riyu,
      </if>
      <if test="hansu != null">
        hansu,
      </if>
      <if test="entryDate != null">
        entry_date,
      </if>
      <if test="entryUserId != null">
        entry_user_id,
      </if>
      <if test="updateDate != null">
        update_date,
      </if>
      <if test="updateUserId != null">
        update_user_id,
      </if>
    </trim>
    <trim prefix="values (" suffix=")" suffixOverrides=",">
      <if test="jokyakuSeisanShoId != null">
        #{jokyakuSeisanShoId,jdbcType=NUMERIC},
      </if>
      <if test="jokyakuShisanNo != null">
        #{jokyakuShisanNo,jdbcType=NUMERIC},
      </if>
      <if test="jokyakuSeisanShoNo != null">
        #{jokyakuSeisanShoNo,jdbcType=CHAR},
      </if>
      <if test="kenmeiNm != null">
        #{kenmeiNm,jdbcType=VARCHAR},
      </if>
      <if test="seisanSoshikiCd != null">
        #{seisanSoshikiCd,jdbcType=CHAR},
      </if>
      <if test="tekiyoStartYmd != null">
        #{tekiyoStartYmd,jdbcType=DATE},
      </if>
      <if test="jokyakuYoteYmd != null">
        #{jokyakuYoteYmd,jdbcType=DATE},
      </if>
      <if test="jokyakuYmd != null">
        #{jokyakuYmd,jdbcType=DATE},
      </if>
      <if test="seisanEntryUserId != null">
        #{seisanEntryUserId,jdbcType=VARCHAR},
      </if>
      <if test="tantoTekiyoStartYmd != null">
        #{tantoTekiyoStartYmd,jdbcType=DATE},
      </if>
      <if test="tekiyo != null">
        #{tekiyo,jdbcType=VARCHAR},
      </if>
      <if test="shoninSattus != null">
        #{shoninSattus,jdbcType=CHAR},
      </if>
      <if test="riyu != null">
        #{riyu,jdbcType=VARCHAR},
      </if>
      <if test="hansu != null">
        #{hansu,jdbcType=NUMERIC},
      </if>
      <if test="entryDate != null">
        #{entryDate,jdbcType=TIMESTAMP},
      </if>
      <if test="entryUserId != null">
        #{entryUserId,jdbcType=CHAR},
      </if>
      <if test="updateDate != null">
        #{updateDate,jdbcType=TIMESTAMP},
      </if>
      <if test="updateUserId != null">
        #{updateUserId,jdbcType=CHAR},
      </if>
    </trim>
  </insert>
  <update id="updateByPrimaryKeySelective" parameterType="jp.co.nsd.nkssweb.dao.Kss006">
    update kss006
    <set>
      <if test="jokyakuSeisanShoNo != null">
        jokyaku_seisan_sho_no = #{jokyakuSeisanShoNo,jdbcType=CHAR},
      </if>
      <if test="kenmeiNm != null">
        kenmei_nm = #{kenmeiNm,jdbcType=VARCHAR},
      </if>
      <if test="seisanSoshikiCd != null">
        seisan_soshiki_cd = #{seisanSoshikiCd,jdbcType=CHAR},
      </if>
      <if test="tekiyoStartYmd != null">
        tekiyo_start_ymd = #{tekiyoStartYmd,jdbcType=DATE},
      </if>
      <if test="jokyakuYoteYmd != null">
        jokyaku_yote_ymd = #{jokyakuYoteYmd,jdbcType=DATE},
      </if>
      <if test="jokyakuYmd != null">
        jokyaku_ymd = #{jokyakuYmd,jdbcType=DATE},
      </if>
      <if test="seisanEntryUserId != null">
        seisan_entry_user_id = #{seisanEntryUserId,jdbcType=VARCHAR},
      </if>
      <if test="tantoTekiyoStartYmd != null">
        tanto_tekiyo_start_ymd = #{tantoTekiyoStartYmd,jdbcType=DATE},
      </if>
      <if test="tekiyo != null">
        tekiyo = #{tekiyo,jdbcType=VARCHAR},
      </if>
      <if test="shoninSattus != null">
        shonin_sattus = #{shoninSattus,jdbcType=CHAR},
      </if>
      <if test="riyu != null">
        riyu = #{riyu,jdbcType=VARCHAR},
      </if>
      <if test="hansu != null">
        hansu = #{hansu,jdbcType=NUMERIC},
      </if>
      <if test="entryDate != null">
        entry_date = #{entryDate,jdbcType=TIMESTAMP},
      </if>
      <if test="entryUserId != null">
        entry_user_id = #{entryUserId,jdbcType=CHAR},
      </if>
      <if test="updateDate != null">
        update_date = #{updateDate,jdbcType=TIMESTAMP},
      </if>
      <if test="updateUserId != null">
        update_user_id = #{updateUserId,jdbcType=CHAR},
      </if>
    </set>
    where jokyaku_seisan_sho_id = #{jokyakuSeisanShoId,jdbcType=NUMERIC}
      and jokyaku_shisan_no = #{jokyakuShisanNo,jdbcType=NUMERIC}
  </update>
  <update id="updateByPrimaryKey" parameterType="jp.co.nsd.nkssweb.dao.Kss006">
    update kss006
    set jokyaku_seisan_sho_no = #{jokyakuSeisanShoNo,jdbcType=CHAR},
      kenmei_nm = #{kenmeiNm,jdbcType=VARCHAR},
      seisan_soshiki_cd = #{seisanSoshikiCd,jdbcType=CHAR},
      tekiyo_start_ymd = #{tekiyoStartYmd,jdbcType=DATE},
      jokyaku_yote_ymd = #{jokyakuYoteYmd,jdbcType=DATE},
      jokyaku_ymd = #{jokyakuYmd,jdbcType=DATE},
      seisan_entry_user_id = #{seisanEntryUserId,jdbcType=VARCHAR},
      tanto_tekiyo_start_ymd = #{tantoTekiyoStartYmd,jdbcType=DATE},
      tekiyo = #{tekiyo,jdbcType=VARCHAR},
      shonin_sattus = #{shoninSattus,jdbcType=CHAR},
      riyu = #{riyu,jdbcType=VARCHAR},
      hansu = #{hansu,jdbcType=NUMERIC},
      entry_date = #{entryDate,jdbcType=TIMESTAMP},
      entry_user_id = #{entryUserId,jdbcType=CHAR},
      update_date = #{updateDate,jdbcType=TIMESTAMP},
      update_user_id = #{updateUserId,jdbcType=CHAR}
    where jokyaku_seisan_sho_id = #{jokyakuSeisanShoId,jdbcType=NUMERIC}
      and jokyaku_shisan_no = #{jokyakuShisanNo,jdbcType=NUMERIC}
  </update>
</mapper>