<?xml version="1.0" encoding="UTF-8"?>
<!DOCTYPE mapper PUBLIC "-//mybatis.org//DTD Mapper 3.0//EN" "http://mybatis.org/dtd/mybatis-3-mapper.dtd">
<mapper namespace="jp.co.nsd.nkssweb.dao.mapper.Kss007Mapper">
  <resultMap id="BaseResultMap" type="jp.co.nsd.nkssweb.dao.Kss007">
    <id column="jokyaku_seisan_sho_id" jdbcType="NUMERIC" property="jokyakuSeisanShoId" />
    <id column="jokyaku_shisan_no" jdbcType="NUMERIC" property="jokyakuShisanNo" />
    <id column="moto_kotei_shisan_id" jdbcType="CHAR" property="motoKoteiShisanId" />
    <result column="rireki_no" jdbcType="CHAR" property="rirekiNo" />
    <result column="jokyaku_kbn" jdbcType="CHAR" property="jokyakuKbn" />
    <result column="shurui_cd" jdbcType="CHAR" property="shuruiCd" />
    <result column="kouzou_cd" jdbcType="CHAR" property="kouzouCd" />
    <result column="shisan_tani_cd" jdbcType="CHAR" property="shisanTaniCd" />
    <result column="kamoku_cd_1" jdbcType="CHAR" property="kamokuCd1" />
    <result column="kamoku_cd_2" jdbcType="CHAR" property="kamokuCd2" />
    <result column="kamoku_cd_3" jdbcType="CHAR" property="kamokuCd3" />
    <result column="jokyaku_shubetsu_cd" jdbcType="CHAR" property="jokyakuShubetsuCd" />
    <result column="jokyaku_suryo" jdbcType="NUMERIC" property="jokyakuSuryo" />
    <result column="jokyaku_gaku" jdbcType="NUMERIC" property="jokyakuGaku" />
    <result column="chozo_bunrui_cd" jdbcType="CHAR" property="chozoBunruiCd" />
    <result column="entry_date" jdbcType="TIMESTAMP" property="entryDate" />
    <result column="entry_user_id" jdbcType="CHAR" property="entryUserId" />
    <result column="update_date" jdbcType="TIMESTAMP" property="updateDate" />
    <result column="update_user_id" jdbcType="CHAR" property="updateUserId" />
  </resultMap>
  <sql id="Base_Column_List">
    jokyaku_seisan_sho_id, jokyaku_shisan_no, moto_kotei_shisan_id, rireki_no, jokyaku_kbn, 
    shurui_cd, kouzou_cd, shisan_tani_cd, kamoku_cd_1, kamoku_cd_2, kamoku_cd_3, jokyaku_shubetsu_cd, 
    jokyaku_suryo, jokyaku_gaku, chozo_bunrui_cd, entry_date, entry_user_id, update_date, 
    update_user_id
  </sql>
  <select id="selectByPrimaryKey" parameterType="jp.co.nsd.nkssweb.dao.Kss007Key" resultMap="BaseResultMap">
    select 
    <include refid="Base_Column_List" />
    from kss007
    where jokyaku_seisan_sho_id = #{jokyakuSeisanShoId,jdbcType=NUMERIC}
      and jokyaku_shisan_no = #{jokyakuShisanNo,jdbcType=NUMERIC}
      and moto_kotei_shisan_id = #{motoKoteiShisanId,jdbcType=CHAR}
  </select>
  <delete id="deleteByPrimaryKey" parameterType="jp.co.nsd.nkssweb.dao.Kss007Key">
    delete from kss007
    where jokyaku_seisan_sho_id = #{jokyakuSeisanShoId,jdbcType=NUMERIC}
      and jokyaku_shisan_no = #{jokyakuShisanNo,jdbcType=NUMERIC}
      and moto_kotei_shisan_id = #{motoKoteiShisanId,jdbcType=CHAR}
  </delete>
  <insert id="insert" parameterType="jp.co.nsd.nkssweb.dao.Kss007">
    insert into kss007 (jokyaku_seisan_sho_id, jokyaku_shisan_no, 
      moto_kotei_shisan_id, rireki_no, jokyaku_kbn, 
      shurui_cd, kouzou_cd, shisan_tani_cd, 
      kamoku_cd_1, kamoku_cd_2, kamoku_cd_3, 
      jokyaku_shubetsu_cd, jokyaku_suryo, jokyaku_gaku, 
      chozo_bunrui_cd, entry_date, entry_user_id, 
      update_date, update_user_id)
    values (#{jokyakuSeisanShoId,jdbcType=NUMERIC}, #{jokyakuShisanNo,jdbcType=NUMERIC}, 
      #{motoKoteiShisanId,jdbcType=CHAR}, #{rirekiNo,jdbcType=CHAR}, #{jokyakuKbn,jdbcType=CHAR}, 
      #{shuruiCd,jdbcType=CHAR}, #{kouzouCd,jdbcType=CHAR}, #{shisanTaniCd,jdbcType=CHAR}, 
      #{kamokuCd1,jdbcType=CHAR}, #{kamokuCd2,jdbcType=CHAR}, #{kamokuCd3,jdbcType=CHAR}, 
      #{jokyakuShubetsuCd,jdbcType=CHAR}, #{jokyakuSuryo,jdbcType=NUMERIC}, #{jokyakuGaku,jdbcType=NUMERIC}, 
      #{chozoBunruiCd,jdbcType=CHAR}, #{entryDate,jdbcType=TIMESTAMP}, #{entryUserId,jdbcType=CHAR}, 
      #{updateDate,jdbcType=TIMESTAMP}, #{updateUserId,jdbcType=CHAR})
  </insert>
  <insert id="insertSelective" parameterType="jp.co.nsd.nkssweb.dao.Kss007">
    insert into kss007
    <trim prefix="(" suffix=")" suffixOverrides=",">
      <if test="jokyakuSeisanShoId != null">
        jokyaku_seisan_sho_id,
      </if>
      <if test="jokyakuShisanNo != null">
        jokyaku_shisan_no,
      </if>
      <if test="motoKoteiShisanId != null">
        moto_kotei_shisan_id,
      </if>
      <if test="rirekiNo != null">
        rireki_no,
      </if>
      <if test="jokyakuKbn != null">
        jokyaku_kbn,
      </if>
      <if test="shuruiCd != null">
        shurui_cd,
      </if>
      <if test="kouzouCd != null">
        kouzou_cd,
      </if>
      <if test="shisanTaniCd != null">
        shisan_tani_cd,
      </if>
      <if test="kamokuCd1 != null">
        kamoku_cd_1,
      </if>
      <if test="kamokuCd2 != null">
        kamoku_cd_2,
      </if>
      <if test="kamokuCd3 != null">
        kamoku_cd_3,
      </if>
      <if test="jokyakuShubetsuCd != null">
        jokyaku_shubetsu_cd,
      </if>
      <if test="jokyakuSuryo != null">
        jokyaku_suryo,
      </if>
      <if test="jokyakuGaku != null">
        jokyaku_gaku,
      </if>
      <if test="chozoBunruiCd != null">
        chozo_bunrui_cd,
      </if>
      <if test="entryDate != null">
        entry_date,
      </if>
      <if test="entryUserId != null">
        entry_user_id,
      </if>
      <if test="updateDate != null">
        update_date,
      </if>
      <if test="updateUserId != null">
        update_user_id,
      </if>
    </trim>
    <trim prefix="values (" suffix=")" suffixOverrides=",">
      <if test="jokyakuSeisanShoId != null">
        #{jokyakuSeisanShoId,jdbcType=NUMERIC},
      </if>
      <if test="jokyakuShisanNo != null">
        #{jokyakuShisanNo,jdbcType=NUMERIC},
      </if>
      <if test="motoKoteiShisanId != null">
        #{motoKoteiShisanId,jdbcType=CHAR},
      </if>
      <if test="rirekiNo != null">
        #{rirekiNo,jdbcType=CHAR},
      </if>
      <if test="jokyakuKbn != null">
        #{jokyakuKbn,jdbcType=CHAR},
      </if>
      <if test="shuruiCd != null">
        #{shuruiCd,jdbcType=CHAR},
      </if>
      <if test="kouzouCd != null">
        #{kouzouCd,jdbcType=CHAR},
      </if>
      <if test="shisanTaniCd != null">
        #{shisanTaniCd,jdbcType=CHAR},
      </if>
      <if test="kamokuCd1 != null">
        #{kamokuCd1,jdbcType=CHAR},
      </if>
      <if test="kamokuCd2 != null">
        #{kamokuCd2,jdbcType=CHAR},
      </if>
      <if test="kamokuCd3 != null">
        #{kamokuCd3,jdbcType=CHAR},
      </if>
      <if test="jokyakuShubetsuCd != null">
        #{jokyakuShubetsuCd,jdbcType=CHAR},
      </if>
      <if test="jokyakuSuryo != null">
        #{jokyakuSuryo,jdbcType=NUMERIC},
      </if>
      <if test="jokyakuGaku != null">
        #{jokyakuGaku,jdbcType=NUMERIC},
      </if>
      <if test="chozoBunruiCd != null">
        #{chozoBunruiCd,jdbcType=CHAR},
      </if>
      <if test="entryDate != null">
        #{entryDate,jdbcType=TIMESTAMP},
      </if>
      <if test="entryUserId != null">
        #{entryUserId,jdbcType=CHAR},
      </if>
      <if test="updateDate != null">
        #{updateDate,jdbcType=TIMESTAMP},
      </if>
      <if test="updateUserId != null">
        #{updateUserId,jdbcType=CHAR},
      </if>
    </trim>
  </insert>
  <update id="updateByPrimaryKeySelective" parameterType="jp.co.nsd.nkssweb.dao.Kss007">
    update kss007
    <set>
      <if test="rirekiNo != null">
        rireki_no = #{rirekiNo,jdbcType=CHAR},
      </if>
      <if test="jokyakuKbn != null">
        jokyaku_kbn = #{jokyakuKbn,jdbcType=CHAR},
      </if>
      <if test="shuruiCd != null">
        shurui_cd = #{shuruiCd,jdbcType=CHAR},
      </if>
      <if test="kouzouCd != null">
        kouzou_cd = #{kouzouCd,jdbcType=CHAR},
      </if>
      <if test="shisanTaniCd != null">
        shisan_tani_cd = #{shisanTaniCd,jdbcType=CHAR},
      </if>
      <if test="kamokuCd1 != null">
        kamoku_cd_1 = #{kamokuCd1,jdbcType=CHAR},
      </if>
      <if test="kamokuCd2 != null">
        kamoku_cd_2 = #{kamokuCd2,jdbcType=CHAR},
      </if>
      <if test="kamokuCd3 != null">
        kamoku_cd_3 = #{kamokuCd3,jdbcType=CHAR},
      </if>
      <if test="jokyakuShubetsuCd != null">
        jokyaku_shubetsu_cd = #{jokyakuShubetsuCd,jdbcType=CHAR},
      </if>
      <if test="jokyakuSuryo != null">
        jokyaku_suryo = #{jokyakuSuryo,jdbcType=NUMERIC},
      </if>
      <if test="jokyakuGaku != null">
        jokyaku_gaku = #{jokyakuGaku,jdbcType=NUMERIC},
      </if>
      <if test="chozoBunruiCd != null">
        chozo_bunrui_cd = #{chozoBunruiCd,jdbcType=CHAR},
      </if>
      <if test="entryDate != null">
        entry_date = #{entryDate,jdbcType=TIMESTAMP},
      </if>
      <if test="entryUserId != null">
        entry_user_id = #{entryUserId,jdbcType=CHAR},
      </if>
      <if test="updateDate != null">
        update_date = #{updateDate,jdbcType=TIMESTAMP},
      </if>
      <if test="updateUserId != null">
        update_user_id = #{updateUserId,jdbcType=CHAR},
      </if>
    </set>
    where jokyaku_seisan_sho_id = #{jokyakuSeisanShoId,jdbcType=NUMERIC}
      and jokyaku_shisan_no = #{jokyakuShisanNo,jdbcType=NUMERIC}
      and moto_kotei_shisan_id = #{motoKoteiShisanId,jdbcType=CHAR}
  </update>
  <update id="updateByPrimaryKey" parameterType="jp.co.nsd.nkssweb.dao.Kss007">
    update kss007
    set rireki_no = #{rirekiNo,jdbcType=CHAR},
      jokyaku_kbn = #{jokyakuKbn,jdbcType=CHAR},
      shurui_cd = #{shuruiCd,jdbcType=CHAR},
      kouzou_cd = #{kouzouCd,jdbcType=CHAR},
      shisan_tani_cd = #{shisanTaniCd,jdbcType=CHAR},
      kamoku_cd_1 = #{kamokuCd1,jdbcType=CHAR},
      kamoku_cd_2 = #{kamokuCd2,jdbcType=CHAR},
      kamoku_cd_3 = #{kamokuCd3,jdbcType=CHAR},
      jokyaku_shubetsu_cd = #{jokyakuShubetsuCd,jdbcType=CHAR},
      jokyaku_suryo = #{jokyakuSuryo,jdbcType=NUMERIC},
      jokyaku_gaku = #{jokyakuGaku,jdbcType=NUMERIC},
      chozo_bunrui_cd = #{chozoBunruiCd,jdbcType=CHAR},
      entry_date = #{entryDate,jdbcType=TIMESTAMP},
      entry_user_id = #{entryUserId,jdbcType=CHAR},
      update_date = #{updateDate,jdbcType=TIMESTAMP},
      update_user_id = #{updateUserId,jdbcType=CHAR}
    where jokyaku_seisan_sho_id = #{jokyakuSeisanShoId,jdbcType=NUMERIC}
      and jokyaku_shisan_no = #{jokyakuShisanNo,jdbcType=NUMERIC}
      and moto_kotei_shisan_id = #{motoKoteiShisanId,jdbcType=CHAR}
  </update>
</mapper>