<?xml version="1.0" encoding="UTF-8"?>
<!DOCTYPE mapper PUBLIC "-//mybatis.org//DTD Mapper 3.0//EN" "http://mybatis.org/dtd/mybatis-3-mapper.dtd">
<mapper namespace="jp.co.nsd.nkssweb.dao.mapper.Kss005Mapper">
  <resultMap id="BaseResultMap" type="jp.co.nsd.nkssweb.dao.Kss005">
    <id column="seisan_sho_id" jdbcType="NUMERIC" property="seisanShoId" />
    <id column="kotei_shisan_id" jdbcType="NUMERIC" property="koteiShisanId" />
    <result column="oya_kotei_shisan_no" jdbcType="CHAR" property="oyaKoteiShisanNo" />
    <result column="oya_kotei_shisan_eda" jdbcType="CHAR" property="oyaKoteiShisanEda" />
    <result column="shutoku_ymd" jdbcType="DATE" property="shutokuYmd" />
    <result column="kotei_shisan_nm" jdbcType="VARCHAR" property="koteiShisanNm" />
    <result column="shurui_cd" jdbcType="CHAR" property="shuruiCd" />
    <result column="kouzou_cd" jdbcType="CHAR" property="kouzouCd" />
    <result column="shisan_tani_cd" jdbcType="CHAR" property="shisanTaniCd" />
    <result column="kamoku_cd_1" jdbcType="CHAR" property="kamokuCd1" />
    <result column="kamoku_cd_2" jdbcType="CHAR" property="kamokuCd2" />
    <result column="kamoku_cd_3" jdbcType="CHAR" property="kamokuCd3" />
    <result column="jita_shisan_kbn" jdbcType="CHAR" property="jitaShisanKbn" />
    <result column="torihiki_saki_cd" jdbcType="CHAR" property="torihikiSakiCd" />
    <result column="seizo_kaisha_nm" jdbcType="VARCHAR" property="seizoKaishaNm" />
    <result column="seihin_nm" jdbcType="VARCHAR" property="seihinNm" />
    <result column="kataban" jdbcType="VARCHAR" property="kataban" />
    <result column="suryo" jdbcType="NUMERIC" property="suryo" />
    <result column="tani_cd" jdbcType="CHAR" property="taniCd" />
    <result column="buppon_gaku" jdbcType="NUMERIC" property="bupponGaku" />
    <result column="kouhi_gaku" jdbcType="NUMERIC" property="kouhiGaku" />
    <result column="sou_keihi_gaku" jdbcType="NUMERIC" property="souKeihiGaku" />
    <result column="kanri_soshiki_cd" jdbcType="CHAR" property="kanriSoshikiCd" />
    <result column="futan_soshiki_cd" jdbcType="CHAR" property="futanSoshikiCd" />
    <result column="sechi_basho_cd" jdbcType="CHAR" property="sechiBashoCd" />
    <result column="shutoku_riyu_cd" jdbcType="CHAR" property="shutokuRiyuCd" />
    <result column="taiyo_nensu_zei" jdbcType="NUMERIC" property="taiyoNensuZei" />
    <result column="tekiyo_1" jdbcType="VARCHAR" property="tekiyo1" />
    <result column="tekiyo_2" jdbcType="VARCHAR" property="tekiyo2" />
    <result column="tekiyo_3" jdbcType="VARCHAR" property="tekiyo3" />
    <result column="tekiyo_4" jdbcType="VARCHAR" property="tekiyo4" />
    <result column="tekiyo_5" jdbcType="VARCHAR" property="tekiyo5" />
    <result column="koji_tanto_user_nm" jdbcType="VARCHAR" property="kojiTantoUserNm" />
    <result column="koji_seisan_user_nm" jdbcType="VARCHAR" property="kojiSeisanUserNm" />
    <result column="bibo_kagaku_zei" jdbcType="NUMERIC" property="biboKagakuZei" />
    <result column="bibo_kagaku_sho" jdbcType="NUMERIC" property="biboKagakuSho" />
    <result column="shokyaku_gendo_zei" jdbcType="NUMERIC" property="shokyakuGendoZei" />
    <result column="shokyaku_gendo_sho" jdbcType="NUMERIC" property="shokyakuGendoSho" />
    <result column="syokyaku_hoho_zei" jdbcType="CHAR" property="syokyakuHohoZei" />
    <result column="syokyaku_hoho_sho" jdbcType="CHAR" property="syokyakuHohoSho" />
    <result column="zanzon_ritsu_zei" jdbcType="NUMERIC" property="zanzonRitsuZei" />
    <result column="zanzon_ritsu_sho" jdbcType="NUMERIC" property="zanzonRitsuSho" />
    <result column="taiyo_tsukisu_zei" jdbcType="NUMERIC" property="taiyoTsukisuZei" />
    <result column="taiyo_tsukisu_sho" jdbcType="NUMERIC" property="taiyoTsukisuSho" />
    <result column="entry_date" jdbcType="TIMESTAMP" property="entryDate" />
    <result column="entry_user_id" jdbcType="CHAR" property="entryUserId" />
    <result column="update_date" jdbcType="TIMESTAMP" property="updateDate" />
    <result column="update_user_id" jdbcType="CHAR" property="updateUserId" />
  </resultMap>
  <sql id="Base_Column_List">
    seisan_sho_id, kotei_shisan_id, oya_kotei_shisan_no, oya_kotei_shisan_eda, shutoku_ymd,
    kotei_shisan_nm, shurui_cd, kouzou_cd, shisan_tani_cd, kamoku_cd_1, kamoku_cd_2,
    kamoku_cd_3, jita_shisan_kbn, torihiki_saki_cd, seizo_kaisha_nm, seihin_nm, kataban,
    suryo, tani_cd, buppon_gaku, kouhi_gaku, sou_keihi_gaku, kanri_soshiki_cd, futan_soshiki_cd,
    sechi_basho_cd, shutoku_riyu_cd, taiyo_nensu_zei, tekiyo_1, tekiyo_2, tekiyo_3, tekiyo_4,
    tekiyo_5, koji_tanto_user_nm, koji_seisan_user_nm, bibo_kagaku_zei, bibo_kagaku_sho,
    shokyaku_gendo_zei, shokyaku_gendo_sho, syokyaku_hoho_zei, syokyaku_hoho_sho, zanzon_ritsu_zei,
    zanzon_ritsu_sho, taiyo_tsukisu_zei, taiyo_tsukisu_sho, entry_date, entry_user_id,
    update_date, update_user_id
  </sql>
  <select id="selectByPrimaryKey" parameterType="jp.co.nsd.nkssweb.dao.Kss005Key" resultMap="BaseResultMap">
    select
    <include refid="Base_Column_List" />
    from kss005
    where seisan_sho_id = #{seisanShoId,jdbcType=NUMERIC}
      and kotei_shisan_id = #{koteiShisanId,jdbcType=NUMERIC}
  </select>
  <delete id="deleteByPrimaryKey" parameterType="jp.co.nsd.nkssweb.dao.Kss005Key">
    delete from kss005
    where seisan_sho_id = #{seisanShoId,jdbcType=NUMERIC}
      and kotei_shisan_id = #{koteiShisanId,jdbcType=NUMERIC}
  </delete>
  <insert id="insert" parameterType="jp.co.nsd.nkssweb.dao.Kss005">
    insert into kss005 (seisan_sho_id, kotei_shisan_id, oya_kotei_shisan_no,
      oya_kotei_shisan_eda, shutoku_ymd, kotei_shisan_nm,
      shurui_cd, kouzou_cd, shisan_tani_cd,
      kamoku_cd_1, kamoku_cd_2, kamoku_cd_3,
      jita_shisan_kbn, torihiki_saki_cd, seizo_kaisha_nm,
      seihin_nm, kataban, suryo,
      tani_cd, buppon_gaku, kouhi_gaku,
      sou_keihi_gaku, kanri_soshiki_cd, futan_soshiki_cd,
      sechi_basho_cd, shutoku_riyu_cd, taiyo_nensu_zei,
      tekiyo_1, tekiyo_2, tekiyo_3,
      tekiyo_4, tekiyo_5, koji_tanto_user_nm,
      koji_seisan_user_nm, bibo_kagaku_zei, bibo_kagaku_sho,
      shokyaku_gendo_zei, shokyaku_gendo_sho, syokyaku_hoho_zei,
      syokyaku_hoho_sho, zanzon_ritsu_zei, zanzon_ritsu_sho,
      taiyo_tsukisu_zei, taiyo_tsukisu_sho, entry_date,
      entry_user_id, update_date, update_user_id
      )
    values (#{seisanShoId,jdbcType=NUMERIC}, #{koteiShisanId,jdbcType=NUMERIC}, #{oyaKoteiShisanNo,jdbcType=CHAR},
      #{oyaKoteiShisanEda,jdbcType=CHAR}, #{shutokuYmd,jdbcType=DATE}, #{koteiShisanNm,jdbcType=VARCHAR},
      #{shuruiCd,jdbcType=CHAR}, #{kouzouCd,jdbcType=CHAR}, #{shisanTaniCd,jdbcType=CHAR},
      #{kamokuCd1,jdbcType=CHAR}, #{kamokuCd2,jdbcType=CHAR}, #{kamokuCd3,jdbcType=CHAR},
      #{jitaShisanKbn,jdbcType=CHAR}, #{torihikiSakiCd,jdbcType=CHAR}, #{seizoKaishaNm,jdbcType=VARCHAR},
      #{seihinNm,jdbcType=VARCHAR}, #{kataban,jdbcType=VARCHAR}, #{suryo,jdbcType=NUMERIC},
      #{taniCd,jdbcType=CHAR}, #{bupponGaku,jdbcType=NUMERIC}, #{kouhiGaku,jdbcType=NUMERIC},
      #{souKeihiGaku,jdbcType=NUMERIC}, #{kanriSoshikiCd,jdbcType=CHAR}, #{futanSoshikiCd,jdbcType=CHAR},
      #{sechiBashoCd,jdbcType=CHAR}, #{shutokuRiyuCd,jdbcType=CHAR}, #{taiyoNensuZei,jdbcType=NUMERIC},
      #{tekiyo1,jdbcType=VARCHAR}, #{tekiyo2,jdbcType=VARCHAR}, #{tekiyo3,jdbcType=VARCHAR},
      #{tekiyo4,jdbcType=VARCHAR}, #{tekiyo5,jdbcType=VARCHAR}, #{kojiTantoUserNm,jdbcType=VARCHAR},
      #{kojiSeisanUserNm,jdbcType=VARCHAR}, #{biboKagakuZei,jdbcType=NUMERIC}, #{biboKagakuSho,jdbcType=NUMERIC},
      #{shokyakuGendoZei,jdbcType=NUMERIC}, #{shokyakuGendoSho,jdbcType=NUMERIC}, #{syokyakuHohoZei,jdbcType=CHAR},
      #{syokyakuHohoSho,jdbcType=CHAR}, #{zanzonRitsuZei,jdbcType=NUMERIC}, #{zanzonRitsuSho,jdbcType=NUMERIC},
      #{taiyoTsukisuZei,jdbcType=NUMERIC}, #{taiyoTsukisuSho,jdbcType=NUMERIC}, #{entryDate,jdbcType=TIMESTAMP},
      #{entryUserId,jdbcType=CHAR}, #{updateDate,jdbcType=TIMESTAMP}, #{updateUserId,jdbcType=CHAR}
      )
  </insert>
  <insert id="insertSelective" parameterType="jp.co.nsd.nkssweb.dao.Kss005">
    insert into kss005
    <trim prefix="(" suffix=")" suffixOverrides=",">
      <if test="seisanShoId != null">
        seisan_sho_id,
      </if>
      <if test="koteiShisanId != null">
        kotei_shisan_id,
      </if>
      <if test="oyaKoteiShisanNo != null">
        oya_kotei_shisan_no,
      </if>
      <if test="oyaKoteiShisanEda != null">
        oya_kotei_shisan_eda,
      </if>
      <if test="shutokuYmd != null">
        shutoku_ymd,
      </if>
      <if test="koteiShisanNm != null">
        kotei_shisan_nm,
      </if>
      <if test="shuruiCd != null">
        shurui_cd,
      </if>
      <if test="kouzouCd != null">
        kouzou_cd,
      </if>
      <if test="shisanTaniCd != null">
        shisan_tani_cd,
      </if>
      <if test="kamokuCd1 != null">
        kamoku_cd_1,
      </if>
      <if test="kamokuCd2 != null">
        kamoku_cd_2,
      </if>
      <if test="kamokuCd3 != null">
        kamoku_cd_3,
      </if>
      <if test="jitaShisanKbn != null">
        jita_shisan_kbn,
      </if>
      <if test="torihikiSakiCd != null">
        torihiki_saki_cd,
      </if>
      <if test="seizoKaishaNm != null">
        seizo_kaisha_nm,
      </if>
      <if test="seihinNm != null">
        seihin_nm,
      </if>
      <if test="kataban != null">
        kataban,
      </if>
      <if test="suryo != null">
        suryo,
      </if>
      <if test="taniCd != null">
        tani_cd,
      </if>
      <if test="bupponGaku != null">
        buppon_gaku,
      </if>
      <if test="kouhiGaku != null">
        kouhi_gaku,
      </if>
      <if test="souKeihiGaku != null">
        sou_keihi_gaku,
      </if>
      <if test="kanriSoshikiCd != null">
        kanri_soshiki_cd,
      </if>
      <if test="futanSoshikiCd != null">
        futan_soshiki_cd,
      </if>
      <if test="sechiBashoCd != null">
        sechi_basho_cd,
      </if>
      <if test="shutokuRiyuCd != null">
        shutoku_riyu_cd,
      </if>
      <if test="taiyoNensuZei != null">
        taiyo_nensu_zei,
      </if>
      <if test="tekiyo1 != null">
        tekiyo_1,
      </if>
      <if test="tekiyo2 != null">
        tekiyo_2,
      </if>
      <if test="tekiyo3 != null">
        tekiyo_3,
      </if>
      <if test="tekiyo4 != null">
        tekiyo_4,
      </if>
      <if test="tekiyo5 != null">
        tekiyo_5,
      </if>
      <if test="kojiTantoUserNm != null">
        koji_tanto_user_nm,
      </if>
      <if test="kojiSeisanUserNm != null">
        koji_seisan_user_nm,
      </if>
      <if test="biboKagakuZei != null">
        bibo_kagaku_zei,
      </if>
      <if test="biboKagakuSho != null">
        bibo_kagaku_sho,
      </if>
      <if test="shokyakuGendoZei != null">
        shokyaku_gendo_zei,
      </if>
      <if test="shokyakuGendoSho != null">
        shokyaku_gendo_sho,
      </if>
      <if test="syokyakuHohoZei != null">
        syokyaku_hoho_zei,
      </if>
      <if test="syokyakuHohoSho != null">
        syokyaku_hoho_sho,
      </if>
      <if test="zanzonRitsuZei != null">
        zanzon_ritsu_zei,
      </if>
      <if test="zanzonRitsuSho != null">
        zanzon_ritsu_sho,
      </if>
      <if test="taiyoTsukisuZei != null">
        taiyo_tsukisu_zei,
      </if>
      <if test="taiyoTsukisuSho != null">
        taiyo_tsukisu_sho,
      </if>
      <if test="entryDate != null">
        entry_date,
      </if>
      <if test="entryUserId != null">
        entry_user_id,
      </if>
      <if test="updateDate != null">
        update_date,
      </if>
      <if test="updateUserId != null">
        update_user_id,
      </if>
    </trim>
    <trim prefix="values (" suffix=")" suffixOverrides=",">
      <if test="seisanShoId != null">
        #{seisanShoId,jdbcType=NUMERIC},
      </if>
      <if test="koteiShisanId != null">
        #{koteiShisanId,jdbcType=NUMERIC},
      </if>
      <if test="oyaKoteiShisanNo != null">
        #{oyaKoteiShisanNo,jdbcType=CHAR},
      </if>
      <if test="oyaKoteiShisanEda != null">
        #{oyaKoteiShisanEda,jdbcType=CHAR},
      </if>
      <if test="shutokuYmd != null">
        #{shutokuYmd,jdbcType=DATE},
      </if>
      <if test="koteiShisanNm != null">
        #{koteiShisanNm,jdbcType=VARCHAR},
      </if>
      <if test="shuruiCd != null">
        #{shuruiCd,jdbcType=CHAR},
      </if>
      <if test="kouzouCd != null">
        #{kouzouCd,jdbcType=CHAR},
      </if>
      <if test="shisanTaniCd != null">
        #{shisanTaniCd,jdbcType=CHAR},
      </if>
      <if test="kamokuCd1 != null">
        #{kamokuCd1,jdbcType=CHAR},
      </if>
      <if test="kamokuCd2 != null">
        #{kamokuCd2,jdbcType=CHAR},
      </if>
      <if test="kamokuCd3 != null">
        #{kamokuCd3,jdbcType=CHAR},
      </if>
      <if test="jitaShisanKbn != null">
        #{jitaShisanKbn,jdbcType=CHAR},
      </if>
      <if test="torihikiSakiCd != null">
        #{torihikiSakiCd,jdbcType=CHAR},
      </if>
      <if test="seizoKaishaNm != null">
        #{seizoKaishaNm,jdbcType=VARCHAR},
      </if>
      <if test="seihinNm != null">
        #{seihinNm,jdbcType=VARCHAR},
      </if>
      <if test="kataban != null">
        #{kataban,jdbcType=VARCHAR},
      </if>
      <if test="suryo != null">
        #{suryo,jdbcType=NUMERIC},
      </if>
      <if test="taniCd != null">
        #{taniCd,jdbcType=CHAR},
      </if>
      <if test="bupponGaku != null">
        #{bupponGaku,jdbcType=NUMERIC},
      </if>
      <if test="kouhiGaku != null">
        #{kouhiGaku,jdbcType=NUMERIC},
      </if>
      <if test="souKeihiGaku != null">
        #{souKeihiGaku,jdbcType=NUMERIC},
      </if>
      <if test="kanriSoshikiCd != null">
        #{kanriSoshikiCd,jdbcType=CHAR},
      </if>
      <if test="futanSoshikiCd != null">
        #{futanSoshikiCd,jdbcType=CHAR},
      </if>
      <if test="sechiBashoCd != null">
        #{sechiBashoCd,jdbcType=CHAR},
      </if>
      <if test="shutokuRiyuCd != null">
        #{shutokuRiyuCd,jdbcType=CHAR},
      </if>
      <if test="taiyoNensuZei != null">
        #{taiyoNensuZei,jdbcType=NUMERIC},
      </if>
      <if test="tekiyo1 != null">
        #{tekiyo1,jdbcType=VARCHAR},
      </if>
      <if test="tekiyo2 != null">
        #{tekiyo2,jdbcType=VARCHAR},
      </if>
      <if test="tekiyo3 != null">
        #{tekiyo3,jdbcType=VARCHAR},
      </if>
      <if test="tekiyo4 != null">
        #{tekiyo4,jdbcType=VARCHAR},
      </if>
      <if test="tekiyo5 != null">
        #{tekiyo5,jdbcType=VARCHAR},
      </if>
      <if test="kojiTantoUserNm != null">
        #{kojiTantoUserNm,jdbcType=VARCHAR},
      </if>
      <if test="kojiSeisanUserNm != null">
        #{kojiSeisanUserNm,jdbcType=VARCHAR},
      </if>
      <if test="biboKagakuZei != null">
        #{biboKagakuZei,jdbcType=NUMERIC},
      </if>
      <if test="biboKagakuSho != null">
        #{biboKagakuSho,jdbcType=NUMERIC},
      </if>
      <if test="shokyakuGendoZei != null">
        #{shokyakuGendoZei,jdbcType=NUMERIC},
      </if>
      <if test="shokyakuGendoSho != null">
        #{shokyakuGendoSho,jdbcType=NUMERIC},
      </if>
      <if test="syokyakuHohoZei != null">
        #{syokyakuHohoZei,jdbcType=CHAR},
      </if>
      <if test="syokyakuHohoSho != null">
        #{syokyakuHohoSho,jdbcType=CHAR},
      </if>
      <if test="zanzonRitsuZei != null">
        #{zanzonRitsuZei,jdbcType=NUMERIC},
      </if>
      <if test="zanzonRitsuSho != null">
        #{zanzonRitsuSho,jdbcType=NUMERIC},
      </if>
      <if test="taiyoTsukisuZei != null">
        #{taiyoTsukisuZei,jdbcType=NUMERIC},
      </if>
      <if test="taiyoTsukisuSho != null">
        #{taiyoTsukisuSho,jdbcType=NUMERIC},
      </if>
      <if test="entryDate != null">
        #{entryDate,jdbcType=TIMESTAMP},
      </if>
      <if test="entryUserId != null">
        #{entryUserId,jdbcType=CHAR},
      </if>
      <if test="updateDate != null">
        #{updateDate,jdbcType=TIMESTAMP},
      </if>
      <if test="updateUserId != null">
        #{updateUserId,jdbcType=CHAR},
      </if>
    </trim>
  </insert>
  <update id="updateByPrimaryKeySelective" parameterType="jp.co.nsd.nkssweb.dao.Kss005">
    update kss005
    <set>
      <if test="oyaKoteiShisanNo != null">
        oya_kotei_shisan_no = #{oyaKoteiShisanNo,jdbcType=CHAR},
      </if>
      <if test="oyaKoteiShisanEda != null">
        oya_kotei_shisan_eda = #{oyaKoteiShisanEda,jdbcType=CHAR},
      </if>
      <if test="shutokuYmd != null">
        shutoku_ymd = #{shutokuYmd,jdbcType=DATE},
      </if>
      <if test="koteiShisanNm != null">
        kotei_shisan_nm = #{koteiShisanNm,jdbcType=VARCHAR},
      </if>
      <if test="shuruiCd != null">
        shurui_cd = #{shuruiCd,jdbcType=CHAR},
      </if>
      <if test="kouzouCd != null">
        kouzou_cd = #{kouzouCd,jdbcType=CHAR},
      </if>
      <if test="shisanTaniCd != null">
        shisan_tani_cd = #{shisanTaniCd,jdbcType=CHAR},
      </if>
      <if test="kamokuCd1 != null">
        kamoku_cd_1 = #{kamokuCd1,jdbcType=CHAR},
      </if>
      <if test="kamokuCd2 != null">
        kamoku_cd_2 = #{kamokuCd2,jdbcType=CHAR},
      </if>
      <if test="kamokuCd3 != null">
        kamoku_cd_3 = #{kamokuCd3,jdbcType=CHAR},
      </if>
      <if test="jitaShisanKbn != null">
        jita_shisan_kbn = #{jitaShisanKbn,jdbcType=CHAR},
      </if>
      <if test="torihikiSakiCd != null">
        torihiki_saki_cd = #{torihikiSakiCd,jdbcType=CHAR},
      </if>
      <if test="seizoKaishaNm != null">
        seizo_kaisha_nm = #{seizoKaishaNm,jdbcType=VARCHAR},
      </if>
      <if test="seihinNm != null">
        seihin_nm = #{seihinNm,jdbcType=VARCHAR},
      </if>
      <if test="kataban != null">
        kataban = #{kataban,jdbcType=VARCHAR},
      </if>
      <if test="suryo != null">
        suryo = #{suryo,jdbcType=NUMERIC},
      </if>
      <if test="taniCd != null">
        tani_cd = #{taniCd,jdbcType=CHAR},
      </if>
      <if test="bupponGaku != null">
        buppon_gaku = #{bupponGaku,jdbcType=NUMERIC},
      </if>
      <if test="kouhiGaku != null">
        kouhi_gaku = #{kouhiGaku,jdbcType=NUMERIC},
      </if>
      <if test="souKeihiGaku != null">
        sou_keihi_gaku = #{souKeihiGaku,jdbcType=NUMERIC},
      </if>
      <if test="kanriSoshikiCd != null">
        kanri_soshiki_cd = #{kanriSoshikiCd,jdbcType=CHAR},
      </if>
      <if test="futanSoshikiCd != null">
        futan_soshiki_cd = #{futanSoshikiCd,jdbcType=CHAR},
      </if>
      <if test="sechiBashoCd != null">
        sechi_basho_cd = #{sechiBashoCd,jdbcType=CHAR},
      </if>
      <if test="shutokuRiyuCd != null">
        shutoku_riyu_cd = #{shutokuRiyuCd,jdbcType=CHAR},
      </if>
      <if test="taiyoNensuZei != null">
        taiyo_nensu_zei = #{taiyoNensuZei,jdbcType=NUMERIC},
      </if>
      <if test="tekiyo1 != null">
        tekiyo_1 = #{tekiyo1,jdbcType=VARCHAR},
      </if>
      <if test="tekiyo2 != null">
        tekiyo_2 = #{tekiyo2,jdbcType=VARCHAR},
      </if>
      <if test="tekiyo3 != null">
        tekiyo_3 = #{tekiyo3,jdbcType=VARCHAR},
      </if>
      <if test="tekiyo4 != null">
        tekiyo_4 = #{tekiyo4,jdbcType=VARCHAR},
      </if>
      <if test="tekiyo5 != null">
        tekiyo_5 = #{tekiyo5,jdbcType=VARCHAR},
      </if>
      <if test="kojiTantoUserNm != null">
        koji_tanto_user_nm = #{kojiTantoUserNm,jdbcType=VARCHAR},
      </if>
      <if test="kojiSeisanUserNm != null">
        koji_seisan_user_nm = #{kojiSeisanUserNm,jdbcType=VARCHAR},
      </if>
      <if test="biboKagakuZei != null">
        bibo_kagaku_zei = #{biboKagakuZei,jdbcType=NUMERIC},
      </if>
      <if test="biboKagakuSho != null">
        bibo_kagaku_sho = #{biboKagakuSho,jdbcType=NUMERIC},
      </if>
      <if test="shokyakuGendoZei != null">
        shokyaku_gendo_zei = #{shokyakuGendoZei,jdbcType=NUMERIC},
      </if>
      <if test="shokyakuGendoSho != null">
        shokyaku_gendo_sho = #{shokyakuGendoSho,jdbcType=NUMERIC},
      </if>
      <if test="syokyakuHohoZei != null">
        syokyaku_hoho_zei = #{syokyakuHohoZei,jdbcType=CHAR},
      </if>
      <if test="syokyakuHohoSho != null">
        syokyaku_hoho_sho = #{syokyakuHohoSho,jdbcType=CHAR},
      </if>
      <if test="zanzonRitsuZei != null">
        zanzon_ritsu_zei = #{zanzonRitsuZei,jdbcType=NUMERIC},
      </if>
      <if test="zanzonRitsuSho != null">
        zanzon_ritsu_sho = #{zanzonRitsuSho,jdbcType=NUMERIC},
      </if>
      <if test="taiyoTsukisuZei != null">
        taiyo_tsukisu_zei = #{taiyoTsukisuZei,jdbcType=NUMERIC},
      </if>
      <if test="taiyoTsukisuSho != null">
        taiyo_tsukisu_sho = #{taiyoTsukisuSho,jdbcType=NUMERIC},
      </if>
      <if test="entryDate != null">
        entry_date = #{entryDate,jdbcType=TIMESTAMP},
      </if>
      <if test="entryUserId != null">
        entry_user_id = #{entryUserId,jdbcType=CHAR},
      </if>
      <if test="updateDate != null">
        update_date = #{updateDate,jdbcType=TIMESTAMP},
      </if>
      <if test="updateUserId != null">
        update_user_id = #{updateUserId,jdbcType=CHAR},
      </if>
    </set>
    where seisan_sho_id = #{seisanShoId,jdbcType=NUMERIC}
      and kotei_shisan_id = #{koteiShisanId,jdbcType=NUMERIC}
  </update>
  <update id="updateByPrimaryKey" parameterType="jp.co.nsd.nkssweb.dao.Kss005">
    update kss005
    set oya_kotei_shisan_no = #{oyaKoteiShisanNo,jdbcType=CHAR},
      oya_kotei_shisan_eda = #{oyaKoteiShisanEda,jdbcType=CHAR},
      shutoku_ymd = #{shutokuYmd,jdbcType=DATE},
      kotei_shisan_nm = #{koteiShisanNm,jdbcType=VARCHAR},
      shurui_cd = #{shuruiCd,jdbcType=CHAR},
      kouzou_cd = #{kouzouCd,jdbcType=CHAR},
      shisan_tani_cd = #{shisanTaniCd,jdbcType=CHAR},
      kamoku_cd_1 = #{kamokuCd1,jdbcType=CHAR},
      kamoku_cd_2 = #{kamokuCd2,jdbcType=CHAR},
      kamoku_cd_3 = #{kamokuCd3,jdbcType=CHAR},
      jita_shisan_kbn = #{jitaShisanKbn,jdbcType=CHAR},
      torihiki_saki_cd = #{torihikiSakiCd,jdbcType=CHAR},
      seizo_kaisha_nm = #{seizoKaishaNm,jdbcType=VARCHAR},
      seihin_nm = #{seihinNm,jdbcType=VARCHAR},
      kataban = #{kataban,jdbcType=VARCHAR},
      suryo = #{suryo,jdbcType=NUMERIC},
      tani_cd = #{taniCd,jdbcType=CHAR},
      buppon_gaku = #{bupponGaku,jdbcType=NUMERIC},
      kouhi_gaku = #{kouhiGaku,jdbcType=NUMERIC},
      sou_keihi_gaku = #{souKeihiGaku,jdbcType=NUMERIC},
      kanri_soshiki_cd = #{kanriSoshikiCd,jdbcType=CHAR},
      futan_soshiki_cd = #{futanSoshikiCd,jdbcType=CHAR},
      sechi_basho_cd = #{sechiBashoCd,jdbcType=CHAR},
      shutoku_riyu_cd = #{shutokuRiyuCd,jdbcType=CHAR},
      taiyo_nensu_zei = #{taiyoNensuZei,jdbcType=NUMERIC},
      tekiyo_1 = #{tekiyo1,jdbcType=VARCHAR},
      tekiyo_2 = #{tekiyo2,jdbcType=VARCHAR},
      tekiyo_3 = #{tekiyo3,jdbcType=VARCHAR},
      tekiyo_4 = #{tekiyo4,jdbcType=VARCHAR},
      tekiyo_5 = #{tekiyo5,jdbcType=VARCHAR},
      koji_tanto_user_nm = #{kojiTantoUserNm,jdbcType=VARCHAR},
      koji_seisan_user_nm = #{kojiSeisanUserNm,jdbcType=VARCHAR},
      bibo_kagaku_zei = #{biboKagakuZei,jdbcType=NUMERIC},
      bibo_kagaku_sho = #{biboKagakuSho,jdbcType=NUMERIC},
      shokyaku_gendo_zei = #{shokyakuGendoZei,jdbcType=NUMERIC},
      shokyaku_gendo_sho = #{shokyakuGendoSho,jdbcType=NUMERIC},
      syokyaku_hoho_zei = #{syokyakuHohoZei,jdbcType=CHAR},
      syokyaku_hoho_sho = #{syokyakuHohoSho,jdbcType=CHAR},
      zanzon_ritsu_zei = #{zanzonRitsuZei,jdbcType=NUMERIC},
      zanzon_ritsu_sho = #{zanzonRitsuSho,jdbcType=NUMERIC},
      taiyo_tsukisu_zei = #{taiyoTsukisuZei,jdbcType=NUMERIC},
      taiyo_tsukisu_sho = #{taiyoTsukisuSho,jdbcType=NUMERIC},
      entry_date = #{entryDate,jdbcType=TIMESTAMP},
      entry_user_id = #{entryUserId,jdbcType=CHAR},
      update_date = #{updateDate,jdbcType=TIMESTAMP},
      update_user_id = #{updateUserId,jdbcType=CHAR}
    where seisan_sho_id = #{seisanShoId,jdbcType=NUMERIC}
      and kotei_shisan_id = #{koteiShisanId,jdbcType=NUMERIC}
  </update>
</mapper>