<?xml version="1.0" encoding="UTF-8"?>
<!DOCTYPE mapper PUBLIC "-//mybatis.org//DTD Mapper 3.0//EN" "http://mybatis.org/dtd/mybatis-3-mapper.dtd">
<mapper namespace="jp.co.nsd.nkssweb.dao.mapper.Kss015Mapper">
  <resultMap id="BaseResultMap" type="jp.co.nsd.nkssweb.dao.Kss015">
    <id column="kanri_soshiki_cd" jdbcType="CHAR" property="kanriSoshikiCd" />
    <id column="kanri_tekiyo_start_ymd" jdbcType="DATE" property="kanriTekiyoStartYmd" />
    <id column="futan_soshiki_cd" jdbcType="CHAR" property="futanSoshikiCd" />
    <id column="futan_tekiyo_start_ymd" jdbcType="DATE" property="futanTekiyoStartYmd" />
    <result column="kanri_tekiyo_end_ymd" jdbcType="DATE" property="kanriTekiyoEndYmd" />
    <result column="futan_tekiyo_end_ymd" jdbcType="DATE" property="futanTekiyoEndYmd" />
    <result column="entry_date" jdbcType="TIMESTAMP" property="entryDate" />
    <result column="entry_user_id" jdbcType="CHAR" property="entryUserId" />
    <result column="update_date" jdbcType="TIMESTAMP" property="updateDate" />
    <result column="update_user_id" jdbcType="CHAR" property="updateUserId" />
  </resultMap>
  <sql id="Base_Column_List">
    kanri_soshiki_cd, kanri_tekiyo_start_ymd, futan_soshiki_cd, futan_tekiyo_start_ymd, 
    kanri_tekiyo_end_ymd, futan_tekiyo_end_ymd, entry_date, entry_user_id, update_date, 
    update_user_id
  </sql>
  <select id="selectByPrimaryKey" parameterType="jp.co.nsd.nkssweb.dao.Kss015Key" resultMap="BaseResultMap">
    select 
    <include refid="Base_Column_List" />
    from kss015
    where kanri_soshiki_cd = #{kanriSoshikiCd,jdbcType=CHAR}
      and kanri_tekiyo_start_ymd = #{kanriTekiyoStartYmd,jdbcType=DATE}
      and futan_soshiki_cd = #{futanSoshikiCd,jdbcType=CHAR}
      and futan_tekiyo_start_ymd = #{futanTekiyoStartYmd,jdbcType=DATE}
  </select>
  <delete id="deleteByPrimaryKey" parameterType="jp.co.nsd.nkssweb.dao.Kss015Key">
    delete from kss015
    where kanri_soshiki_cd = #{kanriSoshikiCd,jdbcType=CHAR}
      and kanri_tekiyo_start_ymd = #{kanriTekiyoStartYmd,jdbcType=DATE}
      and futan_soshiki_cd = #{futanSoshikiCd,jdbcType=CHAR}
      and futan_tekiyo_start_ymd = #{futanTekiyoStartYmd,jdbcType=DATE}
  </delete>
  <insert id="insert" parameterType="jp.co.nsd.nkssweb.dao.Kss015">
    insert into kss015 (kanri_soshiki_cd, kanri_tekiyo_start_ymd, futan_soshiki_cd, 
      futan_tekiyo_start_ymd, kanri_tekiyo_end_ymd, futan_tekiyo_end_ymd, 
      entry_date, entry_user_id, update_date, 
      update_user_id)
    values (#{kanriSoshikiCd,jdbcType=CHAR}, #{kanriTekiyoStartYmd,jdbcType=DATE}, #{futanSoshikiCd,jdbcType=CHAR}, 
      #{futanTekiyoStartYmd,jdbcType=DATE}, #{kanriTekiyoEndYmd,jdbcType=DATE}, #{futanTekiyoEndYmd,jdbcType=DATE}, 
      #{entryDate,jdbcType=TIMESTAMP}, #{entryUserId,jdbcType=CHAR}, #{updateDate,jdbcType=TIMESTAMP}, 
      #{updateUserId,jdbcType=CHAR})
  </insert>
  <insert id="insertSelective" parameterType="jp.co.nsd.nkssweb.dao.Kss015">
    insert into kss015
    <trim prefix="(" suffix=")" suffixOverrides=",">
      <if test="kanriSoshikiCd != null">
        kanri_soshiki_cd,
      </if>
      <if test="kanriTekiyoStartYmd != null">
        kanri_tekiyo_start_ymd,
      </if>
      <if test="futanSoshikiCd != null">
        futan_soshiki_cd,
      </if>
      <if test="futanTekiyoStartYmd != null">
        futan_tekiyo_start_ymd,
      </if>
      <if test="kanriTekiyoEndYmd != null">
        kanri_tekiyo_end_ymd,
      </if>
      <if test="futanTekiyoEndYmd != null">
        futan_tekiyo_end_ymd,
      </if>
      <if test="entryDate != null">
        entry_date,
      </if>
      <if test="entryUserId != null">
        entry_user_id,
      </if>
      <if test="updateDate != null">
        update_date,
      </if>
      <if test="updateUserId != null">
        update_user_id,
      </if>
    </trim>
    <trim prefix="values (" suffix=")" suffixOverrides=",">
      <if test="kanriSoshikiCd != null">
        #{kanriSoshikiCd,jdbcType=CHAR},
      </if>
      <if test="kanriTekiyoStartYmd != null">
        #{kanriTekiyoStartYmd,jdbcType=DATE},
      </if>
      <if test="futanSoshikiCd != null">
        #{futanSoshikiCd,jdbcType=CHAR},
      </if>
      <if test="futanTekiyoStartYmd != null">
        #{futanTekiyoStartYmd,jdbcType=DATE},
      </if>
      <if test="kanriTekiyoEndYmd != null">
        #{kanriTekiyoEndYmd,jdbcType=DATE},
      </if>
      <if test="futanTekiyoEndYmd != null">
        #{futanTekiyoEndYmd,jdbcType=DATE},
      </if>
      <if test="entryDate != null">
        #{entryDate,jdbcType=TIMESTAMP},
      </if>
      <if test="entryUserId != null">
        #{entryUserId,jdbcType=CHAR},
      </if>
      <if test="updateDate != null">
        #{updateDate,jdbcType=TIMESTAMP},
      </if>
      <if test="updateUserId != null">
        #{updateUserId,jdbcType=CHAR},
      </if>
    </trim>
  </insert>
  <update id="updateByPrimaryKeySelective" parameterType="jp.co.nsd.nkssweb.dao.Kss015">
    update kss015
    <set>
      <if test="kanriTekiyoEndYmd != null">
        kanri_tekiyo_end_ymd = #{kanriTekiyoEndYmd,jdbcType=DATE},
      </if>
      <if test="futanTekiyoEndYmd != null">
        futan_tekiyo_end_ymd = #{futanTekiyoEndYmd,jdbcType=DATE},
      </if>
      <if test="entryDate != null">
        entry_date = #{entryDate,jdbcType=TIMESTAMP},
      </if>
      <if test="entryUserId != null">
        entry_user_id = #{entryUserId,jdbcType=CHAR},
      </if>
      <if test="updateDate != null">
        update_date = #{updateDate,jdbcType=TIMESTAMP},
      </if>
      <if test="updateUserId != null">
        update_user_id = #{updateUserId,jdbcType=CHAR},
      </if>
    </set>
    where kanri_soshiki_cd = #{kanriSoshikiCd,jdbcType=CHAR}
      and kanri_tekiyo_start_ymd = #{kanriTekiyoStartYmd,jdbcType=DATE}
      and futan_soshiki_cd = #{futanSoshikiCd,jdbcType=CHAR}
      and futan_tekiyo_start_ymd = #{futanTekiyoStartYmd,jdbcType=DATE}
  </update>
  <update id="updateByPrimaryKey" parameterType="jp.co.nsd.nkssweb.dao.Kss015">
    update kss015
    set kanri_tekiyo_end_ymd = #{kanriTekiyoEndYmd,jdbcType=DATE},
      futan_tekiyo_end_ymd = #{futanTekiyoEndYmd,jdbcType=DATE},
      entry_date = #{entryDate,jdbcType=TIMESTAMP},
      entry_user_id = #{entryUserId,jdbcType=CHAR},
      update_date = #{updateDate,jdbcType=TIMESTAMP},
      update_user_id = #{updateUserId,jdbcType=CHAR}
    where kanri_soshiki_cd = #{kanriSoshikiCd,jdbcType=CHAR}
      and kanri_tekiyo_start_ymd = #{kanriTekiyoStartYmd,jdbcType=DATE}
      and futan_soshiki_cd = #{futanSoshikiCd,jdbcType=CHAR}
      and futan_tekiyo_start_ymd = #{futanTekiyoStartYmd,jdbcType=DATE}
  </update>
</mapper>