<?xml version="1.0" encoding="UTF-8"?>
<!DOCTYPE mapper PUBLIC "-//mybatis.org//DTD Mapper 3.0//EN" "http://mybatis.org/dtd/mybatis-3-mapper.dtd">
<mapper namespace="jp.co.nsd.nkssweb.dao.mapper.Kss013Mapper">
  <resultMap id="BaseResultMap" type="jp.co.nsd.nkssweb.dao.Kss013">
    <id column="user_id" jdbcType="CHAR" property="userId" />
    <result column="sei" jdbcType="VARCHAR" property="sei" />
    <result column="mei" jdbcType="VARCHAR" property="mei" />
    <result column="nyusha_ymd" jdbcType="DATE" property="nyushaYmd" />
    <result column="taishoku_ymd" jdbcType="DATE" property="taishokuYmd" />
    <result column="zaiseki_kbn" jdbcType="CHAR" property="zaisekiKbn" />
  </resultMap>
  <sql id="Base_Column_List">
    user_id, sei, mei, nyusha_ymd, taishoku_ymd, zaiseki_kbn
  </sql>
  <select id="selectByPrimaryKey" parameterType="java.lang.String" resultMap="BaseResultMap">
    select
    <include refid="Base_Column_List" />
    from kss013
    where user_id = #{userId,jdbcType=CHAR}
  </select>
  <delete id="deleteByPrimaryKey" parameterType="java.lang.String">
    delete from kss013
    where user_id = #{userId,jdbcType=CHAR}
  </delete>
  <insert id="insert" parameterType="jp.co.nsd.nkssweb.dao.Kss013">
    insert into kss013 (user_id, sei, mei,
      nyusha_ymd, taishoku_ymd, zaiseki_kbn)
    values (#{userId,jdbcType=CHAR}, #{sei,jdbcType=VARCHAR}, #{mei,jdbcType=VARCHAR},
      #{nyushaYmd,jdbcType=DATE}, #{taishokuYmd,jdbcType=DATE}, #{zaisekiKbn,jdbcType=CHAR})
  </insert>
  <insert id="insertSelective" parameterType="jp.co.nsd.nkssweb.dao.Kss013">
    insert into kss013
    <trim prefix="(" suffix=")" suffixOverrides=",">
      <if test="userId != null">
        user_id,
      </if>
      <if test="sei != null">
        sei,
      </if>
      <if test="mei != null">
        mei,
      </if>
      <if test="nyushaYmd != null">
        nyusha_ymd,
      </if>
      <if test="taishokuYmd != null">
        taishoku_ymd,
      </if>
      <if test="zaisekiKbn != null">
        zaiseki_kbn,
      </if>
    </trim>
    <trim prefix="values (" suffix=")" suffixOverrides=",">
      <if test="userId != null">
        #{userId,jdbcType=CHAR},
      </if>
      <if test="sei != null">
        #{sei,jdbcType=VARCHAR},
      </if>
      <if test="mei != null">
        #{mei,jdbcType=VARCHAR},
      </if>
      <if test="nyushaYmd != null">
        #{nyushaYmd,jdbcType=DATE},
      </if>
      <if test="taishokuYmd != null">
        #{taishokuYmd,jdbcType=DATE},
      </if>
      <if test="zaisekiKbn != null">
        #{zaisekiKbn,jdbcType=CHAR},
      </if>
    </trim>
  </insert>
  <update id="updateByPrimaryKeySelective" parameterType="jp.co.nsd.nkssweb.dao.Kss013">
    update kss013
    <set>
      <if test="sei != null">
        sei = #{sei,jdbcType=VARCHAR},
      </if>
      <if test="mei != null">
        mei = #{mei,jdbcType=VARCHAR},
      </if>
      <if test="nyushaYmd != null">
        nyusha_ymd = #{nyushaYmd,jdbcType=DATE},
      </if>
      <if test="taishokuYmd != null">
        taishoku_ymd = #{taishokuYmd,jdbcType=DATE},
      </if>
      <if test="zaisekiKbn != null">
        zaiseki_kbn = #{zaisekiKbn,jdbcType=CHAR},
      </if>
    </set>
    where user_id = #{userId,jdbcType=CHAR}
  </update>
  <update id="updateByPrimaryKey" parameterType="jp.co.nsd.nkssweb.dao.Kss013">
    update kss013
    set sei = #{sei,jdbcType=VARCHAR},
      mei = #{mei,jdbcType=VARCHAR},
      nyusha_ymd = #{nyushaYmd,jdbcType=DATE},
      taishoku_ymd = #{taishokuYmd,jdbcType=DATE},
      zaiseki_kbn = #{zaisekiKbn,jdbcType=CHAR}
    where user_id = #{userId,jdbcType=CHAR}
  </update>
</mapper>