<?xml version="1.0" encoding="UTF-8"?>
<!DOCTYPE mapper PUBLIC "-//mybatis.org//DTD Mapper 3.0//EN" "http://mybatis.org/dtd/mybatis-3-mapper.dtd">

<mapper namespace="jp.co.nsd.nkssweb.dao.mapper.SanshoMapper">
	<select id="selectKoteiSisan" parameterType="jp.co.nsd.nkssweb.dao.KoteiSisan"
		resultType="jp.co.nsd.nkssweb.dao.KoteiSisan">
        SELECT
		    trim(awdm01.mw1_kotei_no)           AS koteiNo             -- 固定資産番号
		  , trim(awdm01.mw1_koteioya_no)        AS koteioyaNo          -- 親固定資産番号
		  , awdm01.mw1_kotei_knj                AS koteiKnj            -- 固定資産名称
		  , trim(awdm01.mw1_kotei_cod)          AS koteiCod            -- 固定資産ID
		  , trim(awdm01.mw1_kanri_knj)          AS kanriKnj            -- 管理箇所名称
		  , trim(awdm02.mw2_komk07_kna)         AS edaBan              -- 枝番
		  , trim(awdm01.mw1_memo_knj)           AS tekiyo1             -- 摘要１
		  , trim(awdm02.mw2_memo_knj)           AS tekiyo2             -- 摘要２
		  , trim(awdm02.mw2_komk11_knj)         AS tekiyo3             -- 摘要３
		  , trim(awdm02.mw2_komk12_knj)         AS tekiyo4             -- 摘要４
		  , trim(awdm02.mw2_komk13_knj)         AS tekiyo5             -- 摘要５
		  , trim(a.shu_knj)                     AS syurui              -- 種類
		  , trim(b.kou_knj)                     AS kouzo               -- 構造
		  , trim(c.sai_knj)                     AS sisanTani           -- 資産単位
		  , trim(d.shu4_knj)                    AS kamoku1             -- 科目１
		  , trim(e.shu5_knj)                    AS kamoku2             -- 科目２
		  , trim(f.shu6_knj)                    AS kamoku3             -- 科目３
		  , trim(awdm02.mw2_komk14_knj)         AS kojiTantosya        -- 項目１４(工事担当者)
		  , trim(awdm02.mw2_komk15_knj)         AS kojiTantokasyo      -- 項目１５(工事担当箇所)
		  , awdm02.mw2_mei_su                   AS meiSu               -- 物品数量
		  , awdm02.mw2_getkgk_yen               AS getkgkYen           -- 取得価格
		  , awdm01.mw1_get_ymd                  AS getYmd              -- 取得年月日
		  , awdm01.mw1_use_ymd                  AS useYmd              -- 使用開始年月日
		  , trim(awda10.awa_basho_knj)          AS bashoKnj            -- 設置場所名称
		  , trim(awda15.awf_tani_knj)           AS taniKnj             -- 単位名称
		  , awdm02.mw2_kagak1_yen               AS butuhin             -- 取得原価内訳１（物品）
		  , awdm02.mw2_kagak2_yen               AS kohi                -- 取得原価内訳２（工費）
		  , awdm02.mw2_kagak3_yen               AS sokeh               -- 取得原価内訳３（総係費）
		  , trim(awdm01.mw1_torihiki_knj)       AS torihikiKnj         -- 取引先名称
		  , kss004.seisan_sho_no                AS seisanShoNo         -- 精算書番号
		  , kss011.soshiki_ren_nm               AS soshikiRenNm   -- 精算箇所
		  , kss004.seisan_entry_user_id         AS seisanEntryUserId   -- 登録者コード
		  , CONCAT(kss013.sei , kss013.mei)     AS torokusyaNm         -- 登録者氏名
		  , kss004.kenmei_cd                    AS kenmeiCd            -- 工事件名コード
		  , abda08.ab8_kmouwk_knj               AS kmouwkKnj           -- 工事件名
		  , awdm0102.koshiKbn                                          -- 子資産残
		FROM
          awdm01                  -- 精算書
          LEFT JOIN kss004        -- 固定資産
              ON (     kss004.kotei_shisan_no = awdm01.mw1_kotei_no  )
          LEFT JOIN awdm02         -- 固定資産明細
              ON (     awdm01.mw1_kotei_cod = awdm02.mw2_kotei_cod
                    AND awdm01.mw1_rrk_cod = awdm02.mw2_rrk_cod  )
          LEFT JOIN kss.abda08     -- 科目内訳定数
              ON ( kss004.kenmei_cd = kss.abda08.ab8_kmouwk_cod     )
          LEFT JOIN kss013         -- ユーザー情報
              ON ( kss004.seisan_entry_user_id = kss013.user_id     )
          LEFT JOIN kss011         -- 組織マスタ
              ON ( kss004.seisan_soshiki_cd = kss011.soshiki_cd     )
          LEFT JOIN awda10         -- 場所定数
              ON ( awdm02.mw2_basho_cod = awda10.awa_basho_cod     )
          LEFT JOIN awda15         -- 単位定数
              ON ( awdm02.mw2_mei_tni = awda15.awf_tani_cod        )
          LEFT JOIN awdv02 a        -- 種類構造細目２
              ON ( awdm01.mw1_shu_cod = a.shu_cod        )
          LEFT JOIN awdv02 b        -- 種類構造細目２
              ON ( awdm01.mw1_kou_cod = b.kou_cod        )
          LEFT JOIN awdv02 c        -- 種類構造細目２
              ON ( awdm01.mw1_sai_cod = c.sai_cod        )
          LEFT JOIN awdv02 d        -- 種類構造細目２
              ON ( awdm01.mw1_shu4_cod = d.shu4_cod        )
          LEFT JOIN awdv02 e        -- 種類構造細目２
              ON ( awdm01.mw1_shu5_cod = e.shu5_cod        )
          LEFT JOIN awdv02 f        -- 種類構造細目２
              ON ( awdm01.mw1_shu6_cod = f.shu6_cod        )
          LEFT JOIN (
		    SELECT
		        MIN(awdm01.mw1_kotei_cod) AS mw1_kotei_cod
		      , CASE coalesce(trim(awdm02.mw2_komk06_kna), '')
		        WHEN '' THEN '0'
		        ELSE '1'
		        END AS koshiKbn
		    FROM
		      awdm01
		      LEFT JOIN awdm02
		        ON (
		          trim(awdm01.mw1_kotei_no) != trim(
		            COALESCE(awdm02.mw2_komk06_kna, '000000000000000')
		          )
		          AND awdm01.mw1_kotei_cod = awdm02.mw2_kotei_cod
		        )
		    GROUP BY
		      awdm02.mw2_komk06_kna
		  ) AS awdm0102
		    ON (awdm0102.mw1_kotei_cod = awdm01.mw1_kotei_cod)
		<where>
		0 = 0
		<if test="!(koteiCod == '' or koteiCod == null)">
			AND trim(awdm01.mw1_kotei_cod) LIKE CONCAT(CONCAT('%', trim(#{koteiCod, jdbcType=VARCHAR})), '%')
		</if>
		<if test="!(koteiNo == '' or koteiNo == null)">
			AND trim(awdm01.mw1_kotei_no) LIKE CONCAT(CONCAT('%', #{koteiNo, jdbcType=VARCHAR}), '%')
		</if>
		<if test="!(koteioyaNo == '' or koteioyaNo == null)">
			AND awdm01.mw1_koteioya_no LIKE CONCAT(CONCAT('%', #{koteioyaNo, jdbcType=VARCHAR}), '%')
		</if>
		<if test="!(koteiKnj == '' or koteiKnj == null)">
			AND awdm01.mw1_kotei_knj LIKE CONCAT(CONCAT('%', #{koteiKnj, jdbcType=VARCHAR}), '%')
		</if>
		<if test="!(getYmdFrom == '' or getYmdFrom == null)">
			AND awdm01.mw1_get_ymd <![CDATA[ >= ]]> CAST(#{getYmdFrom} AS DATE)
		</if>
		<if test="!(getYmdTo == '' or getYmdTo == null)">
			AND awdm01.mw1_get_ymd <![CDATA[ <= ]]> CAST(#{getYmdTo} AS DATE)
		</if>
		<if test="!(kanriKnj == '' or kanriKnj == null)">
			AND awdm01.mw1_kanri_knj LIKE CONCAT(CONCAT('%', #{kanriKnj, jdbcType=VARCHAR}), '%')
		</if>
		<if test="!(syurui == '' or syurui == null)">
			AND trim(a.shu_knj) LIKE CONCAT(CONCAT('%', #{syurui, jdbcType=VARCHAR}), '%')
		</if>
		<if test="!(kouzo == '' or kouzo == null)">
			AND trim(b.kou_knj) LIKE CONCAT(CONCAT('%', #{kouzo, jdbcType=VARCHAR}), '%')
		</if>
		<if test="!(sisanTani == '' or sisanTani == null)">
			AND trim(c.sai_knj) LIKE CONCAT(CONCAT('%', #{sisanTani, jdbcType=VARCHAR}), '%')
		</if>
		<if test="!(kamoku1 == '' or kamoku1 == null)">
			AND trim(d.shu4_knj) LIKE CONCAT(CONCAT('%', #{kamoku1, jdbcType=VARCHAR}), '%')
		</if>
		<if test="!(kamoku2 == '' or kamoku2 == null)">
			AND trim(e.shu5_knj) LIKE CONCAT(CONCAT('%', #{kamoku2, jdbcType=VARCHAR}), '%')
		</if>
		<if test="!(kamoku3 == '' or kamoku3 == null)">
			AND trim(f.shu6_knj) LIKE CONCAT(CONCAT('%', #{kamoku3, jdbcType=VARCHAR}), '%')
		</if>
		<if test="!(bashoKnj == '' or bashoKnj == null)">
			AND awda10.awa_basho_knj LIKE CONCAT(CONCAT('%', #{bashoKnj, jdbcType=VARCHAR}), '%')
		</if>
		<if test="!(seisanShoNo == '' or seisanShoNo == null)">
			AND kss004.seisan_sho_no LIKE CONCAT(CONCAT('%', #{seisanShoNo, jdbcType=VARCHAR}), '%')
		</if>
		<if test="!(soshikiRenNm == '' or soshikiRenNm == null)">
			AND kss011.soshiki_ren_nm LIKE CONCAT(CONCAT('%', #{soshikiRenNm, jdbcType=VARCHAR}), '%')
		</if>
		<if test="!(useYmdFrom == '' or useYmdFrom == null)">
			AND awdm01.mw1_use_ymd <![CDATA[ >= ]]> CAST(#{useYmdFrom} AS DATE)
		</if>
		<if test="!(useYmdTo == '' or useYmdTo == null)">
			AND awdm01.mw1_use_ymd <![CDATA[ <= ]]> CAST(#{useYmdTo} AS DATE)
		</if>
		<if test="!(seisanEntryUserId == '' or seisanEntryUserId == null)">
			AND kss004.seisan_entry_user_id LIKE CONCAT(CONCAT('%', #{seisanEntryUserId, jdbcType=VARCHAR}), '%')
		</if>
		<if test="!(torokusyaNm == '' or torokusyaNm == null)">
			AND CONCAT(kss013.sei , kss013.mei) LIKE CONCAT(CONCAT('%', #{torokusyaNm, jdbcType=VARCHAR}), '%')
		</if>
		<if test="!(kmouwkKnj == '' or kmouwkKnj == null)">
			AND abda08.ab8_kmouwk_knj LIKE CONCAT(CONCAT('%', #{kmouwkKnj, jdbcType=VARCHAR}), '%')
		</if>
		<if test="!(kojiTantokasyo == '' or kojiTantokasyo == null)">
			AND awdm02.mw2_komk15_knj LIKE CONCAT(CONCAT('%', #{kojiTantokasyo, jdbcType=VARCHAR}), '%')
		</if>
		<if test="!(kojiTantosya == '' or kojiTantosya == null)">
			AND awdm02.mw2_komk14_knj LIKE CONCAT(CONCAT('%', #{kojiTantosya, jdbcType=VARCHAR}), '%')
		</if>
	    </where>
	</select>

  <select id="selectTorihikiSaki" parameterType="jp.co.nsd.nkssweb.dao.TorihikiSaki"
    resultType="jp.co.nsd.nkssweb.dao.TorihikiSaki">
    SELECT
        abb_torihk_cod        AS abbTorihkCod,
        abb_torihk_knj        AS abbTorihkKnj,
        abb_torihk_kna        AS abbTorihkKna,
        abb_torihk_ybn        AS abbTorihkYbn,
        abb_torihk_adr        AS abbTorihkAdr,
        abb_torihk_tel        AS abbTorihkTel,
        abb_tekiyf_ymd        AS abbTekiyfYmd,
        abb_tekiyt_ymd        AS abbTekiytYmd
    FROM
      abda12
    <where>
    0 = 0
    <if test="abbTorihkCod != ''">
      AND abb_torihk_cod LIKE CONCAT(CONCAT('%', #{abbTorihkCod, jdbcType=VARCHAR}), '%')
    </if>
    <if test="abbTorihkKnj != ''">
      AND abb_torihk_knj LIKE CONCAT(CONCAT('%', #{abbTorihkKnj, jdbcType=VARCHAR}), '%')
    </if>
    <if test="abbTekiyfYmd != ''">
        AND abb_tekiyf_ymd <![CDATA[ <= ]]> CAST(#{abbTekiyfYmd} AS DATE)
        AND abb_tekiyt_ymd <![CDATA[ >= ]]> CAST(#{abbTekiyfYmd} AS DATE)
    </if>
    </where>
  </select>

  <select id="selectKanriFutanks" parameterType="jp.co.nsd.nkssweb.dao.KanriFutanks"
    resultType="jp.co.nsd.nkssweb.dao.KanriFutanks">
    SELECT
        kanri.ab9_soshik_knj              AS kanrikasyo
      , futan.ab9_soshik_knj              AS futankasyo
      , kss015.kanri_tekiyo_start_ymd     AS kkikanF
      , kss015.kanri_tekiyo_end_ymd       AS kkikanT
      , kss015.futan_tekiyo_start_ymd     AS fkikanF
      , kss015.futan_tekiyo_end_ymd       AS fkikanT
      , kss015.futan_tekiyo_end_ymd       AS fkikanT
      , kss015.kanri_soshiki_cd           AS kanrikasyocd
      , kss015.futan_soshiki_cd           AS futankasyocd
    FROM
    kss015
    LEFT JOIN kss.abda09 kanri
      ON (
        kanri.ab9_soshik_cod = kss015.kanri_soshiki_cd
    AND kanri.ab9_tekiyf_ymd = kss015.kanri_tekiyo_start_ymd
    )
    LEFT JOIN kss.abda09 futan
    ON (
        futan.ab9_soshik_cod = kss015.futan_soshiki_cd
    AND futan.ab9_tekiyf_ymd = kss015.futan_tekiyo_start_ymd
    )
    <where>
    0 = 0
    <if test="kanrikasyocd != ''">
      AND kss015.kanri_soshiki_cd LIKE '%' || #{kanrikasyocd, jdbcType=VARCHAR} || '%'
    </if>
    <if test="kanrikasyo != ''">
      AND kanri.ab9_ks_soshik_knj LIKE '%' || #{kanrikasyo, jdbcType=VARCHAR} || '%'
    </if>
    <if test="futankasyocd != ''">
      AND kss015.futan_soshiki_cd LIKE '%' || #{futankasyocd, jdbcType=VARCHAR} || '%'
    </if>
    <if test="futankasyo != ''">
      AND futan.ab9_ks_soshik_knj LIKE '%' || #{futankasyo, jdbcType=VARCHAR} || '%'
    </if>
    </where>
  </select>

  <select id="selectSechiBasho" parameterType="jp.co.nsd.nkssweb.dao.SechiBasho"
    resultType="jp.co.nsd.nkssweb.dao.SechiBasho">
    SELECT
        awa_basho_cod        AS sechiBashoCd,
        awa_basho_knj        AS sechiBashoNm
    FROM
      awda10
    <where>
    0 = 0
    <if test="sechiBashoCd != ''">
      AND awa_basho_cod LIKE CONCAT(CONCAT('%', #{sechiBashoCd, jdbcType=VARCHAR}), '%')
    </if>
    <if test="sechiBashoNm != ''">
      AND awa_basho_knj LIKE CONCAT(CONCAT('%', #{sechiBashoNm, jdbcType=VARCHAR}), '%')
    </if>
    </where>
  </select>
</mapper>