<?xml version="1.0" encoding="UTF-8"?>
<!DOCTYPE mapper PUBLIC "-//mybatis.org//DTD Mapper 3.0//EN" "http://mybatis.org/dtd/mybatis-3-mapper.dtd">

<mapper namespace="jp.co.nsd.nkssweb.dao.mapper.SeisanshoShoninMapper">

	<select id="selectByWhere" parameterType="jp.co.nsd.nkssweb.dao.SeisanshoShonin"
		resultType="jp.co.nsd.nkssweb.dao.SeisanshoShonin">
      SELECT
          kss004.seisan_sho_no                       AS seisanShoNo,      --精算書番号
          kss004.kenmei_cd                           AS kenmeiCd,         --工事件名コード
          kss004.shonin_sattus                       AS shoninSattus,     --承認状態
          kss004.siyo_start_ymd                      AS siyoStartYmd,     --使用開始年月日
          CONCAT(kss005.buppon_gaku,
                 kss005.kouhi_gaku,
                 kss005.sou_keihi_gaku)              AS shutokuKagakuGokei,      --取得価額合計
          kss.abda08.ab8_kmouwk_knj                  AS kenmeiNm,                --工事件名
          kss011.soshiki_ren_nm                      AS soshikiRenNm             --精算箇所
      FROM
          kss004                -- 精算書
          INNER JOIN kss005     -- 取得資産明細
              ON (     kss005.seisan_sho_id = kss004.seisan_sho_id
                 )
          LEFT JOIN kss011     -- 組織マスタ
              ON (     kss004.seisan_soshiki_cd = kss011.soshiki_cd
                   AND current_date <![CDATA[ >= ]]> kss011.tekiyo_start_ymd
                   AND disabled_flg= '0'
                 )
          LEFT JOIN kss.abda08     -- 科目内訳定数
              ON ( kss004.kenmei_cd = kss.abda08.ab8_kmouwk_cod
                   AND current_date  <![CDATA[ >= ]]>  kss.abda08.ab8_tekiyf_ymd
                   AND current_date  <![CDATA[ <= ]]>  kss.abda08.ab8_tekiyt_ymd
                 )
		<where>
		0 = 0
		<if test="seisanShoNo != ''">
			AND kss004.seisan_sho_no LIKE CONCAT(CONCAT('%', #{seisanShoNo, jdbcType=VARCHAR}), '%')
		</if>
		<if test="siyoStartYmdFrom != ''">
			AND kss004.siyo_start_ymd <![CDATA[ >= ]]> CAST(#{siyoStartYmdFrom} AS DATE)
		</if>
		<if test="siyoStartYmdTo != ''">
			AND kss004.siyo_start_ymd <![CDATA[ <= ]]> CAST(#{siyoStartYmdTo} AS DATE)
		</if>
		<if test="shoninSattus != ''">
			AND kss004.shonin_sattus LIKE CONCAT(CONCAT('%', #{shoninSattus, jdbcType=VARCHAR}), '%')
		</if>
		<if test="kenmeiNm != ''">
			AND kss.abda08.ab8_kmouwk_knj LIKE CONCAT(CONCAT('%', #{kenmeiNm, jdbcType=VARCHAR}), '%')
		</if>
	    </where>
<!-- 	    ORDER BY -->
<!-- 	      kss004.seisan_sho_no -->
	</select>

    <select id="selectBySeisanShoNo" parameterType="jp.co.nsd.nkssweb.dao.SeisanshoShoninShokai"
		resultType="jp.co.nsd.nkssweb.dao.SeisanshoShoninShokai">
		SELECT
		    kss004.riyu                    AS riyu                  --経理否認理由
		  , kss004.seisan_sho_no           AS seisanShoNo           --精算書番号
		  , kss004.hansu                   AS hansu                 --処理No
		  , kss004.siyo_start_ymd          AS siyoStartYmd          --使用開始年月日
          , kss004.shonin_sattus           AS shoninSattus          --承認状態
          , kss004.kotei_shisan_no         AS koteiShisanNo         --固定資産番号
          , CONCAT(kss005.buppon_gaku,
                   kss005.kouhi_gaku,
                   kss005.sou_keihi_gaku)  AS shutokuKagakuGoke     --取得価額合計
          , kss005.kotei_shisan_nm         AS koteiShisanNm         --固定資産名称
          , kss005.shutoku_ymd             AS shutokuYmd            --取得年月日
          , CONCAT(kss005.buppon_gaku,
                   kss005.kouhi_gaku,
                   kss005.sou_keihi_gaku)  AS shutokuKagaku         --取得価額合計
          , kss.abda08.ab8_kmouwk_knj      AS kenmeiNm              --工事件名
		FROM
          kss004               -- 精算書
          LEFT JOIN kss005     -- 取得資産明細
              ON (     kss005.seisan_sho_id = kss004.seisan_sho_id     )
          LEFT JOIN kss.abda08     -- 科目内訳定数
              ON ( kss004.kenmei_cd = kss.abda08.ab8_kmouwk_cod
                   AND current_date  <![CDATA[ >= ]]>  kss.abda08.ab8_tekiyf_ymd
                   AND current_date  <![CDATA[ <= ]]>  kss.abda08.ab8_tekiyt_ymd
                 )
		WHERE
		  kss004.seisan_sho_no = #{seisanShoNo, jdbcType=VARCHAR}
	</select>
</mapper>