<?xml version="1.0" encoding="UTF-8"?>
<!DOCTYPE mapper PUBLIC "-//mybatis.org//DTD Mapper 3.0//EN" "http://mybatis.org/dtd/mybatis-3-mapper.dtd">

<mapper namespace="jp.co.nsd.nkssweb.dao.mapper.SeisanshoTorokuKmskJheMapper">

	<select id="selectByWhere" parameterType="jp.co.nsd.nkssweb.dao.SeisanshoTorokuKmskJhe"
		resultType="jp.co.nsd.nkssweb.dao.SeisanshoTorokuKmskJhe">
		SELECT
		    kss002.kenmei_id           AS kenmeiId
		  , kss002.kenmei_cd           AS kenmeiCd
		  , kss002.kenmei_nm           AS kenmeiNm
		  , kss002.renkei_status       AS renkeiStatus
		  , kss002.entry_date          AS entryDate
		  , kss002.entry_user_id       AS entryUserId
		  , kss002.update_date         AS updateDate
		  , kss002.update_user_id      AS updateUserId
		FROM
		  kss002
		<where>
		0 = 0
<!-- 		<if test="jokyakuSeisanShoNo != ''"> -->
<!-- 			AND kss006.jokyaku_seisan_sho_no LIKE CONCAT(CONCAT('%', #{jokyakuSeisanShoNo, jdbcType=VARCHAR}), '%') -->
<!-- 		</if> -->
<!-- 		<if test="jokyakuYoteYmdFrom != ''"> -->
<!-- 			AND kss006.jokyaku_yote_ymd <![CDATA[ >= ]]> CAST(#{jokyakuYoteYmdFrom} AS DATE) -->
<!-- 		</if> -->
<!-- 		<if test="jokyakuYoteYmdTo != ''"> -->
<!-- 			AND kss006.jokyaku_yote_ymd <![CDATA[ <= ]]> CAST(#{jokyakuYoteYmdTo} AS DATE) -->
<!-- 		</if> -->
<!-- 		<if test="kenmeiNm != ''"> -->
<!-- 			AND kss006.kenmei_nm LIKE CONCAT(CONCAT('%', #{kenmeiNm, jdbcType=VARCHAR}), '%') -->
<!-- 		</if> -->
<!-- 		<if test="soshikiRenRyakuNm != ''"> -->
<!-- 			AND kss011.soshiki_ren_ryaku_nm LIKE CONCAT(CONCAT('%', #{soshikiRenRyakuNm, jdbcType=VARCHAR}), '%') -->
<!-- 		</if> -->
	    </where>
	    ORDER BY
	      kss002.kenmei_id
	</select>

    <update id="updateByPrimaryKey" parameterType="jp.co.nsd.nkssweb.dao.SeisanshoTorokuKmskJhe">
        UPDATE kss002
        <set>
            renkei_status = #{renkeiStatus, jdbcType=CHAR}
        </set>
         where kss002.kenmei_id = #{kenmeiId,jdbcType=NUMERIC}
    </update>

</mapper>