<?xml version="1.0" encoding="UTF-8"?>
<!DOCTYPE mapper PUBLIC "-//mybatis.org//DTD Mapper 3.0//EN" "http://mybatis.org/dtd/mybatis-3-mapper.dtd">

<mapper namespace="jp.co.nsd.nkssweb.dao.mapper.SeisanshoShutokuKeiriMapper">

	<select id="selectByWhere" parameterType="jp.co.nsd.nkssweb.dao.SeisanshoShutokuKeiri"
		resultType="jp.co.nsd.nkssweb.dao.SeisanshoShutokuKeiri">
		SELECT
		    kss004.seisan_sho_no         AS seisanShoNo         --精算書番号
		  , kss004.riyu                  AS riyu                --経理否認理由
		  , kss004.kenmei_cd             AS kenmeiCd            --工事件名コード
		  , kss004.siyo_start_ymd        AS siyoStartYmd        --使用開始年月日
		  , kss004.shonin_sattus         AS shoninSattus        --承認ステータス
		  , kss004.hansu                 AS hansu               --処理No
		  , (kss005.buppon_gaku +
		     kss005.kouhi_gaku +
		     kss005.sou_keihi_gaku )     AS shutokuKagakuGokei  --取得価額合計
		  , kss011.soshiki_ren_nm        AS soshikiRenNm        --精算箇所
		  , kss.abda08.ab8_kmouwk_knj    AS kenmeiNm            --工事件名
		FROM
		  kss005
		  LEFT JOIN kss004
		    ON (  kss005.seisan_sho_id = kss004.seisan_sho_id  )
		  LEFT JOIN kss011
		    ON (  kss004.seisan_soshiki_cd = kss011.soshiki_cd  )
		  LEFT JOIN abda08
		    ON (  kss004.kenmei_cd = abda08.ab8_kmouwk_cod  )
		<where>
		0 = 0
		<if test="seisanShoNo != ''">
			AND kss004.seisan_sho_no LIKE CONCAT(CONCAT('%', #{seisanShoNo, jdbcType=VARCHAR}), '%')
		</if>
		<if test="siyoStartYmdFrom != ''">
			AND kss004.siyo_start_ymd <![CDATA[ >= ]]> CAST(#{siyoStartYmdFrom} AS DATE)
		</if>
		<if test="siyoStartYmdTo != ''">
			AND kss004.siyo_start_ymd <![CDATA[ <= ]]> CAST(#{siyoStartYmdTo} AS DATE)
		</if>
		<if test="shoninSattus != ''">
			AND kss004.shonin_sattus = #{shoninSattus, jdbcType=VARCHAR}
		</if>
		<if test="kenmeiNm != ''">
			AND kss.abda08.ab8_kmouwk_knj = #{kenmeiNm, jdbcType=VARCHAR}
		</if>
		<if test="!(seisanShoNo != '' or siyoStartYmdFrom != '' or siyoStartYmdTo != '' or kenmeiNm != '' or shoninSattus != '')">
			AND TRIM(kss004.shonin_sattus) IN ( '01', '02', '20' )
		</if>
	    </where>
<!-- 	    ORDER BY -->
<!-- 	      kss004.seisan_sho_no -->
	</select>
</mapper>