<?xml version="1.0" encoding="UTF-8"?>
<!DOCTYPE mapper PUBLIC "-//mybatis.org//DTD Mapper 3.0//EN" "http://mybatis.org/dtd/mybatis-3-mapper.dtd">

<mapper namespace="jp.co.nsd.nkssweb.dao.mapper.SeisanshoShutokuMapper">
  <select id="kensaku" parameterType="jp.co.nsd.nkssweb.dao.SeisanshoShutokuKensaku"
                       resultType="jp.co.nsd.nkssweb.dao.SeisanshoShutokuKensaku">
      SELECT
          kss004.seisan_sho_id                       AS seisanShoId,
          kss004,seisan_sho_no                       AS seisanShoNo,
          kss004.kotei_shisan_Id                     AS koteiShisanId,
          kss011.soshiki_nm                          AS soshikiNm,
          kss004.siyo_start_ymd                      AS siyoStartYmdFrom,
          kss013.name                                AS torokushaName,
          kss004.kotei_shisan_no                     AS koteiShisanNo,
          kss005.kotei_shisan_nm                     AS koteiShisanName,
          kss005.shutoku_ymd                         AS shutokuYmdFrom,
          awda10.awa_basho_knj                       AS sechiBashoName,
          kss004.kenmei_cd                           AS kenmeiCd,
          kss002.kenmei_nm                           AS kenmeiNm,
          kss005.kanri_soshiki_cd                    AS kanriSoshikiCd,
          kss005.koji_tanto_user_nm                  AS kojiTantoUserNm
      FROM
          kss004
          LEFT JOIN kss011
                 ON (kss004.seisan_soshiki_cd = kss011.soshiki_cd
                     AND current_date <![CDATA[ >= ]]> kss011.tekiyo_start_ymd
                     AND kss011.disabled_flg = '0'
                    )
          LEFT JOIN (SELECT user_id, nyusha_ymd, sei || mei AS name
                     FROM kss013
                     WHERE current_date <![CDATA[ >= ]]> nyusha_ymd) AS kss013
                 ON (kss004.seisan_entry_user_id = kss013.user_id)
          LEFT JOIN kss005
                 ON (kss004.seisan_sho_id = kss005.seisan_sho_id)
          LEFT JOIN awda10
                 ON (kss005.sechi_basho_cd = awda10.awa_basho_cod)
          LEFT JOIN kss002
                 ON (kss004.kenmei_cd = kss002.kenmei_cd
                     AND current_date <![CDATA[ >= ]]> kss002.tekiyo_start_ymd
                     AND current_date <![CDATA[ <= ]]> kss002.tekiyo_end_ymd
                    )
    <where>
      0 = 0
      <if test="seisanShoNo != ''">
        AND kss004.seisan_sho_no LIKE CONCAT(CONCAT('%', #{seisanShoNo, jdbcType=VARCHAR}), '%')
      </if>
      <if test="soshikiNm != ''">
        AND kss011.soshiki_nm LIKE CONCAT(CONCAT('%', #{soshikiNm, jdbcType=VARCHAR}), '%')
      </if>
      <if test="siyoStartYmdFrom != ''">
        AND kss004.siyo_start_ymd <![CDATA[ >= ]]> CAST(#{siyoStartYmdFrom} AS DATE)
      </if>
      <if test="siyoStartYmdTo != ''">
        AND kss004.siyo_start_ymd <![CDATA[ <= ]]> CAST(#{siyoStartYmdTo} AS DATE)
      </if>
      <if test="torokushaName != ''">
        AND kss013.name LIKE CONCAT(CONCAT('%', #{torokushaName, jdbcType=VARCHAR}), '%')
      </if>
      <if test="koteiShisanNo != ''">
        AND kss004.kotei_shisan_no LIKE CONCAT(CONCAT('%', #{koteiShisanNo, jdbcType=VARCHAR}), '%')
      </if>
      <if test="koteiShisanName != ''">
        AND kss005.kotei_shisan_nm LIKE CONCAT(CONCAT('%', #{koteiShisanName, jdbcType=VARCHAR}), '%')
      </if>
      <if test="shutokuYmdFrom != ''">
        AND kss005.shutoku_ymd <![CDATA[ >= ]]> CAST(#{shutokuYmdFrom} AS DATE)
      </if>
      <if test="shutokuYmdTo != ''">
        AND kss005.shutoku_ymd <![CDATA[ <= ]]> CAST(#{shutokuYmdTo} AS DATE)
      </if>
      <if test="sechiBashoName != ''">
        AND awda10.awa_basho_knj LIKE CONCAT(CONCAT('%', #{sechiBashoName, jdbcType=VARCHAR}), '%')
      </if>
      <if test="kenmeiCd != ''">
        AND kss004.kenmei_cd LIKE CONCAT(CONCAT('%', #{kenmeiCd, jdbcType=VARCHAR}), '%')
      </if>
      <if test="kenmeiNm != ''">
        AND kss002.kenmei_nm LIKE CONCAT(CONCAT('%', #{kenmeiNm, jdbcType=VARCHAR}), '%')
      </if>
      <if test="kanriSoshikiCd != ''">
        AND kss005.kanri_soshiki_cd LIKE CONCAT(CONCAT('%', #{kanriSoshikiCd, jdbcType=VARCHAR}), '%')
      </if>
      <if test="kojiTantoUserNm != ''">
        AND kss005.koji_tanto_user_nm LIKE CONCAT(CONCAT('%', #{kojiTantoUserNm, jdbcType=VARCHAR}), '%')
      </if>
    </where>
  </select>

  <select id="shokai" parameterType="jp.co.nsd.nkssweb.dao.SeisanshoShutokuShokai"
                      resultType="jp.co.nsd.nkssweb.dao.SeisanshoShutokuShokai">
      SELECT
          kss004.seisan_sho_id                       AS seisanShoId,
          kss004.kotei_shisan_Id                     AS koteiShisanId,
          kss011.soshiki_nm                          AS soshikiNm,
          awda10.awa_basho_knj                       AS sechiBashoName,
          kss004.kenmei_cd                           AS kenmeiCd,
          kss002.kenmei_nm                           AS kenmeiNm,
          kss004.siyo_start_ymd                      AS siyoStartYmdFrom,
          kss004.kotei_shisan_no                     AS koteiShisanNo,
          kss005.oya_kotei_shisan_no                 AS oyaKoteiShisanNo,
          kss005.oya_kotei_shisan_eda                AS oyaKoteiShisanEda,
          kss005.shutoku_ymd                         AS shutokuYmd,
          kss005.kotei_shisan_nm                     AS koteiShisanNm,
          kss005.shurui_cd                           AS shuruiCd,
          kss005.kouzou_cd                           AS kouzouCd,
          kss005.shisan_tani_cd                      AS shisanTaniCd,
          kss005.kamoku_cd_1                         AS kamokuCd1,
          kss005.kamoku_cd_2                         AS kamokuCd2,
          kss005.kamoku_cd_3                         AS kamokuCd3,
          kss005.taiyo_nensu_zei                     AS taiyoNensuZei,
          kss005.torihiki_saki_cd                    AS torihikiSakiCd,
          kss005.seizo_kaisha_nm                     AS seizoKaishaNm,
          kss005.kataban                             AS kataban ,
          kss005.suryo                               AS suryo,
          kss005.tani_cd                             AS taniCd,
          kss005.buppon_gaku                         AS bupponGaku,
          kss005.kouhi_gaku                          AS kouhiGaku,
          kss005.sou_keihi_gaku                      AS souKeihiGaku,
          1000000                                    AS shutokuGaku,
          kss005.kanri_soshiki_cd                    AS kanriSoshikiCd,
          kss005.futan_soshiki_cd                    AS futanSoshikiCd,
          kss005.sechi_basho_cd                      AS sechiBashoCd,
          kss005.shutoku_riyu_cd                     AS shutokuRiyu_cd,
          kss005.tekiyo_1                            AS tekiyo1,
          kss005.tekiyo_2                            AS tekiyo2,
          kss005.tekiyo_3                            AS tekiyo3,
          kss005.tekiyo_4                            AS tekiyo4,
          kss005.tekiyo_5                            AS tekiyo5,
          kss005.koji_tanto_user_nm                  AS kojiTantoUserNm,
          kss005.koji_seisan_user_nm                 AS kojiSeisanUserNm
      FROM
          kss004
          LEFT JOIN kss011
                 ON (kss004.seisan_soshiki_cd = kss011.soshiki_cd
                     AND current_date <![CDATA[ >= ]]> kss011.tekiyo_start_ymd
                     AND kss011.disabled_flg = '0'
                    )
          LEFT JOIN kss005
                 ON (kss004.seisan_sho_id = kss005.seisan_sho_id
                     AND kss004.kotei_shisan_Id = kss005.kotei_shisan_Id)
          LEFT JOIN awda10
                 ON (kss005.sechi_basho_cd = awda10.awa_basho_cod)
          LEFT JOIN kss002
                 ON (kss004.kenmei_cd = kss002.kenmei_cd
                     AND current_date <![CDATA[ >= ]]> kss002.tekiyo_start_ymd
                     AND current_date <![CDATA[ <= ]]> kss002.tekiyo_end_ymd
                    )
    <where>
      0 = 0
      <if test="seisanShoId != ''">
        AND kss004.seisan_sho_id = CAST(#{seisanShoId} AS NUMERIC)
      </if>
      <if test="koteiShisanId != ''">
        AND kss004.kotei_shisan_id = CAST(#{koteiShisanId} AS NUMERIC)
      </if>
    </where>
  </select>
</mapper>