<?xml version="1.0" encoding="UTF-8"?>
<!DOCTYPE mapper PUBLIC "-//mybatis.org//DTD Mapper 3.0//EN" "http://mybatis.org/dtd/mybatis-3-mapper.dtd">

<mapper namespace="jp.co.nsd.nkssweb.dao.mapper.SeisanshoJokyakuSeisanMapper">

	<select id="selectByWhere" parameterType="jp.co.nsd.nkssweb.dao.SeisanshoJokyakuSeisan"
		resultType="jp.co.nsd.nkssweb.dao.SeisanshoJokyakuSeisan">
		SELECT
		    kss006.jokyaku_seisan_sho_id       AS jokyakuSeisanShoId
		  , kss006.jokyaku_shisan_no           AS jokyakuShisanNo
		  , kss006.jokyaku_seisan_sho_no       AS jokyakuSeisanShoNo
		  , kss006.kenmei_nm                   AS kenmeiNm
		  , kss006.jokyaku_ymd                 AS jokyakuYmd
		  , kss011.soshiki_ren_nm              AS soshikiRenNm
		FROM
		  kss006
		  INNER JOIN kss011
		    ON (
		      kss006.seisan_soshiki_cd = kss011.soshiki_cd
		      AND kss011.disabled_flg = '0'
		      AND CURRENT_DATE >= kss011.tekiyo_start_ymd
		    )
		<where>
		EXISTS (
		  SELECT
		      *
		  FROM
		    kss007
		  WHERE
		    kss007.jokyaku_shisan_no = kss006.jokyaku_shisan_no
		)
		<if test="jokyakuSeisanShoNo != ''">
			AND kss006.jokyaku_seisan_sho_no LIKE CONCAT(CONCAT('%', #{jokyakuSeisanShoNo, jdbcType=VARCHAR}), '%')
		</if>
		<if test="jokyakuYmdFrom != ''">
			AND kss006.jokyaku_ymd <![CDATA[ >= ]]> CAST(#{jokyakuYmdFrom} AS DATE)
		</if>
		<if test="jokyakuYmdTo != ''">
			AND kss006.jokyaku_ymd <![CDATA[ <= ]]> CAST(#{jokyakuYmdTo} AS DATE)
		</if>
		<if test="kenmeiNm != ''">
			AND kss006.kenmei_nm LIKE CONCAT(CONCAT('%', #{kenmeiNm, jdbcType=VARCHAR}), '%')
		</if>
		<if test="soshikiRenNm != ''">
			AND kss011.soshiki_ren_nm LIKE CONCAT(CONCAT('%', #{soshikiRenNm, jdbcType=VARCHAR}), '%')
		</if>
		<if test="!(jokyakuSeisanShoNo != '' or jokyakuYmdFrom != '' or jokyakuYmdTo != '' or kenmeiNm != '' or soshikiRenNm != '')">
			AND TRIM(kss006.shonin_sattus) IN ( '00', '' )
		</if>
	    </where>
	    ORDER BY
	      kss006.jokyaku_seisan_sho_no
	</select>

		<select id="selectBySeisanShoNo" parameterType="jp.co.nsd.nkssweb.dao.SeisanshoJokyakuSeisanShokai"
		resultType="jp.co.nsd.nkssweb.dao.SeisanshoJokyakuSeisanShokai">
		SELECT
		    kss006.jokyaku_seisan_sho_id   AS jokyakuSeisanShoId
		  , kss006.jokyaku_shisan_no       AS jokyakuShisanNo
		  , kss006.jokyaku_seisan_sho_no   AS jokyakuSeisanShoNo
		  , kss006.kenmei_nm               AS kenmeiNm
		  , kss006.jokyaku_ymd             AS jokyakuYmd
		  , kss006.shonin_sattus           AS shoninSattus
		  , kss006.tekiyo
		  , kss011.soshiki_ren_nm          AS soshikiRenNm
		  , kss007.jokyaku_gaku            AS jokyakuGaku
		  , kss007.moto_kotei_shisan_id    AS motoKoteiShisanId
		  , kss007.rireki_no               AS rirekiNo
		  , kss007.jokyaku_gaku            AS jokyakuGaku
		  , kss007.jokyaku_shubetsu_cd     AS jokyakuShubetsuCd
		  , CONCAT(kss013.sei, kss013.mei) AS seiMei
		  , awda20.awk_meisho_knj          AS jokyakuShubetsuNm
		FROM
		  kss006
		  LEFT JOIN kss007
		    ON (
		      kss007.jokyaku_seisan_sho_id = kss006.jokyaku_seisan_sho_id
		      AND kss007.jokyaku_shisan_no = kss006.jokyaku_shisan_no
		    )
		  INNER JOIN kss011
		    ON (
		      kss011.soshiki_cd = kss006.seisan_soshiki_cd
		      AND kss011.disabled_flg = '0'
		      AND CURRENT_DATE >= kss011.tekiyo_start_ymd
		    )
		  LEFT JOIN kss013
		    ON (kss013.user_id = kss006.seisan_entry_user_id)
		  INNER JOIN awda20
		    ON (
		      awda20.awk_komok_sbt = '165'
		      AND awda20.awk_kmksbt_cod = kss007.jokyaku_shubetsu_cd
		    )
		WHERE
		  kss007.jokyaku_shisan_no = #{jokyakuShisanNo, jdbcType=VARCHAR}
		ORDER BY
  		  kss007.moto_kotei_shisan_id
	</select>
</mapper>