<?xml version="1.0" encoding="UTF-8"?>
<!DOCTYPE mapper PUBLIC "-//mybatis.org//DTD Mapper 3.0//EN" "http://mybatis.org/dtd/mybatis-3-mapper.dtd">

<mapper namespace="jp.co.nsd.nkssweb.dao.mapper.SeisanshoTorokuMapper">
  <resultMap id="BaseResultMap" type="jp.co.nsd.nkssweb.dao.SeisanshoToroku">
    <result column="seisanShoId"      jdbcType="NUMERIC"  property="seisanShoId"      />
    <result column="koteiShisanId"    jdbcType="NUMERIC"  property="koteiShisanId"    />
    <result column="seisanShoNo"      jdbcType="VARCHAR"  property="seisanShoNo"      />
    <result column="soshikiNm"        jdbcType="VARCHAR"  property="soshikiNm"        />
    <result column="siyoStartYmdFrom" jdbcType="VARCHAR"  property="siyoStartYmdFrom" />
    <result column="tekiyo"           jdbcType="VARCHAR"  property="tekiyo"           />
    <result column="yoyakusu"         jdbcType="VARCHAR"  property="yoyakusu"         />
    <result column="torokushaName"    jdbcType="VARCHAR"  property="torokushaName"    />
    <result column="kenmeiCd"         jdbcType="VARCHAR"  property="kenmeiCd"         />
    <result column="kenmeiNm"         jdbcType="VARCHAR"  property="kenmeiNm"         />
    <result column="tekiyoStartYmd"   jdbcType="VARCHAR"  property="tekiyoStartYmd"   />
    <result column="tekiyoEndYmd"     jdbcType="VARCHAR"  property="tekiyoEndYmd"     />
  </resultMap>

  <select id="selectByWhere" parameterType="jp.co.nsd.nkssweb.dao.SeisanshoToroku"
                             resultType="jp.co.nsd.nkssweb.dao.SeisanshoToroku">
      SELECT
          kss004.seisan_sho_id                       AS seisanShoId,
          kss004.kotei_shisan_Id                     AS koteiShisanId,
          kss004.seisan_sho_no                       AS seisanShoNo,
          kss011.soshiki_nm                          AS soshikiNm,
          kss004.siyo_start_ymd                      AS siyoStartYmdFrom,
          '3'                                        AS yoyakusu,
          kss013.name                                AS torokushaName,
          kss004.kenmei_cd                           AS kenmeiCd,
          kss002.kenmei_nm                           AS kenmeiNm,
          kss002.tekiyo_start_ymd                    AS tekiyoStartYmd,
          kss002.tekiyo_end_ymd                      AS tekiyoEndYmd
      FROM
          kss004
          LEFT JOIN kss011
                 ON (kss004.seisan_soshiki_cd = kss011.soshiki_cd
                     AND current_date <![CDATA[ >= ]]> kss011.tekiyo_start_ymd
                     AND kss011.disabled_flg = '0'
                    )
          LEFT JOIN kss002
                 ON (kss004.kenmei_cd = kss002.kenmei_cd
                     AND current_date <![CDATA[ >= ]]> kss002.tekiyo_start_ymd
                     AND current_date <![CDATA[ <= ]]> kss002.tekiyo_end_ymd
                    )
          LEFT JOIN (SELECT user_id, nyusha_ymd, sei || mei AS name
                     FROM kss013
                     WHERE current_date <![CDATA[ >= ]]> nyusha_ymd) AS kss013
                 ON (kss004.seisan_entry_user_id = kss013.user_id)
    <where>
      0 = 0
      <if test="seisanShoNo != ''">
        AND kss004.seisan_sho_no LIKE CONCAT(CONCAT('%', #{seisanShoNo, jdbcType=VARCHAR}), '%')
      </if>
      <if test="soshikiNm != ''">
        AND kss011.soshiki_nm LIKE CONCAT(CONCAT('%', #{soshikiNm, jdbcType=VARCHAR}), '%')
      </if>
      <if test="siyoStartYmdFrom != ''">
        AND kss004.siyo_start_ymd <![CDATA[ >= ]]> CAST(#{siyoStartYmdFrom} AS DATE)
      </if>
      <if test="siyoStartYmdTo != ''">
        AND kss004.siyo_start_ymd <![CDATA[ <= ]]> CAST(#{siyoStartYmdTo} AS DATE)
      </if>
      <if test="torokushaName != ''">
        AND kss013.name LIKE CONCAT(CONCAT('%', #{torokushaName, jdbcType=VARCHAR}), '%')
      </if>
      <if test="kenmeiNm != ''">
        AND kss002.kenmei_nm LIKE CONCAT(CONCAT('%', #{kenmeiNm, jdbcType=VARCHAR}), '%')
      </if>
      <if test="tekiyoStartYmd != ''">
        AND CAST(#{tekiyoStartYmd} AS DATE) <![CDATA[ >= ]]> kss002.tekiyo_start_ymd
      </if>
      <if test="tekiyoEndYmd != ''">
        AND CAST(#{tekiyoEndYmd} AS DATE) <![CDATA[ <= ]]> kss002.tekiyo_end_ymd
      </if>
    </where>
  </select>

  <select id="selectByKey" parameterType="jp.co.nsd.nkssweb.dao.SeisanshoToroku"
                           resultType="jp.co.nsd.nkssweb.dao.SeisanshoToroku">
      SELECT
          kss004.seisan_sho_id                       AS seisanShoId,
          kss004.kotei_shisan_Id                     AS koteiShisanId,
          kss004.seisan_sho_no                       AS seisanShoNo,
          kss011.soshiki_nm                          AS soshikiNm,
          kss004.siyo_start_ymd                      AS siyoStartYmdFrom,
          kss004.tekiyo                              AS tekiyo,
          '3'                                        AS yoyakusu,
          kss013.name                                AS torokushaName,
          kss004.kenmei_cd                           AS kenmeiCd,
          kss002.kenmei_nm                           AS kenmeiNm,
          kss002.tekiyo_start_ymd                    AS tekiyoStartYmd,
          kss002.tekiyo_end_ymd                      AS tekiyoEndYmd,
          kss002.renkei_status                       AS renkeiStatus
      FROM
          kss004
          LEFT JOIN kss011
                 ON (kss004.seisan_soshiki_cd = kss011.soshiki_cd
                     AND current_date <![CDATA[ >= ]]> kss011.tekiyo_start_ymd
                     AND kss011.disabled_flg = '0'
                    )
          LEFT JOIN (SELECT user_id, nyusha_ymd, sei || mei AS name
                     FROM kss013
                     WHERE current_date <![CDATA[ >= ]]> nyusha_ymd) AS kss013
                 ON (kss004.seisan_entry_user_id = kss013.user_id)
          LEFT JOIN kss005
                 ON (kss004.seisan_sho_id = kss005.seisan_sho_id
                     AND kss004.kotei_shisan_Id = kss005.kotei_shisan_Id)
          LEFT JOIN awda10
                 ON (kss005.sechi_basho_cd = awda10.awa_basho_cod)
          LEFT JOIN kss002
                 ON (kss004.kenmei_cd = kss002.kenmei_cd
                     AND current_date <![CDATA[ >= ]]> kss002.tekiyo_start_ymd
                     AND current_date <![CDATA[ <= ]]> kss002.tekiyo_end_ymd
                    )
    <where>
      0 = 0
      <if test="seisanShoId != ''">
        AND kss004.seisan_sho_id = CAST(#{seisanShoId} AS NUMERIC)
      </if>
      <if test="koteiShisanId != ''">
        AND kss004.kotei_shisan_id = CAST(#{koteiShisanId} AS NUMERIC)
      </if>
    </where>
  </select>
</mapper>