<?xml version="1.0" encoding="UTF-8"?>
<!DOCTYPE mapper PUBLIC "-//mybatis.org//DTD Mapper 3.0//EN" "http://mybatis.org/dtd/mybatis-3-mapper.dtd">

<mapper namespace="jp.co.nsd.nkssweb.dao.mapper.SeisanshoJokyakuMapper">

    <select id="selectByWhere" parameterType="jp.co.nsd.nkssweb.dao.SeisanshoJokyaku"
        resultType="jp.co.nsd.nkssweb.dao.SeisanshoJokyaku">
        SELECT
            kss006.jokyaku_seisan_sho_id       AS jokyakuSeisanShoId
          , kss006.jokyaku_shisan_no           AS jokyakuShisanNo
          , kss006.jokyaku_seisan_sho_no       AS jokyakuSeisanShoNo
          , kss006.kenmei_nm                   AS kenmeiNm
          , kss006.jokyaku_yote_ymd            AS jokyakuYoteYmd
          , kss006.tekiyo
          , kss011.soshiki_ren_nm              AS soshikiRenNm
        FROM
          kss006
          INNER JOIN kss011
            ON (
              kss006.seisan_soshiki_cd = kss011.soshiki_cd
              AND kss011.disabled_flg = '0'
              AND CURRENT_DATE >= kss011.tekiyo_start_ymd
            )
        <where>
        0 = 0
        <if test="jokyakuSeisanShoNo != ''">
            AND kss006.jokyaku_seisan_sho_no LIKE CONCAT(CONCAT('%', #{jokyakuSeisanShoNo, jdbcType=VARCHAR}), '%')
        </if>
        <if test="jokyakuYoteYmdFrom != ''">
            AND kss006.jokyaku_yote_ymd <![CDATA[ >= ]]> CAST(#{jokyakuYoteYmdFrom} AS DATE)
        </if>
        <if test="jokyakuYoteYmdTo != ''">
            AND kss006.jokyaku_yote_ymd <![CDATA[ <= ]]> CAST(#{jokyakuYoteYmdTo} AS DATE)
        </if>
        <if test="kenmeiNm != ''">
            AND kss006.kenmei_nm LIKE CONCAT(CONCAT('%', #{kenmeiNm, jdbcType=VARCHAR}), '%')
        </if>
        <if test="soshikiRenNm != ''">
            AND kss011.soshiki_ren_nm LIKE CONCAT(CONCAT('%', #{soshikiRenNm, jdbcType=VARCHAR}), '%')
        </if>
        </where>
        ORDER BY
          kss006.jokyaku_seisan_sho_no
    </select>

    <select id="selectBySeisanShoNo" parameterType="jp.co.nsd.nkssweb.dao.SeisanshoJokyakuShokai"
        resultType="jp.co.nsd.nkssweb.dao.SeisanshoJokyakuShokai">
        SELECT
            kss006.jokyaku_seisan_sho_id   AS jokyakuSeisanShoId
          , kss006.jokyaku_shisan_no       AS jokyakuShisanNo
          , kss006.jokyaku_seisan_sho_no   AS jokyakuSeisanShoNo
          , kss006.kenmei_nm               AS kenmeiNm
          , kss006.jokyaku_yote_ymd        AS jokyakuYoteYmd
          , kss006.jokyaku_ymd             AS jokyakuYmd
          , kss006.shonin_sattus           AS shoninSattus
          , kss006.tekiyo
          , kss011.soshiki_ren_nm          AS soshikiRenNm
          , kss007.jokyaku_gaku            AS jokyakuGaku
          , kss007.moto_kotei_shisan_id    AS motoKoteiShisanId
          , kss007.rireki_no               AS rirekiNo
          , CONCAT(kss013.sei, kss013.mei) AS seiMei
        FROM
          kss006
          LEFT JOIN kss007
            ON (
              kss007.jokyaku_seisan_sho_id = kss006.jokyaku_seisan_sho_id
              AND kss007.jokyaku_shisan_no = kss006.jokyaku_shisan_no
            )
          INNER JOIN kss011
            ON (
              kss011.soshiki_cd = kss006.seisan_soshiki_cd
              AND kss011.disabled_flg = '0'
              AND CURRENT_DATE >= kss011.tekiyo_start_ymd
            )
          LEFT JOIN kss013
            ON (kss013.user_id = kss006.seisan_entry_user_id)
        WHERE
          kss007.jokyaku_shisan_no = #{jokyakuShisanNo, jdbcType=NUMERIC}
    </select>

    <update id="updateByPrimaryKey" parameterType="jp.co.nsd.nkssweb.dao.KoteiSisan">
        UPDATE awdm01
        <set>
            mw1_jkksei_kbn = #{jkkseiKbn, jdbcType=VARCHAR}
        </set>
         where awdm01.mw1_kotei_cod = #{koteiCod,jdbcType=NUMERIC}
    </update>

    <delete id="deleteByPyKey" parameterType="jp.co.nsd.nkssweb.dao.Kss007Key">
    delete from kss007
    where jokyaku_seisan_sho_id = #{jokyakuSeisanShoId,jdbcType=NUMERIC}
      and jokyaku_shisan_no = #{jokyakuShisanNo,jdbcType=NUMERIC}
    </delete>

    <select id="selectByPyKey" parameterType="jp.co.nsd.nkssweb.dao.Kss007Key"
        resultType="jp.co.nsd.nkssweb.dao.Kss007">
    select
      moto_kotei_shisan_id
    from kss007
    where jokyaku_seisan_sho_id = #{jokyakuSeisanShoId,jdbcType=NUMERIC}
      and jokyaku_shisan_no = #{jokyakuShisanNo,jdbcType=NUMERIC}
  </select>

  <select id="selectMaxId" resultType="jp.co.nsd.nkssweb.dao.SeisanshoJokyaku">
    SELECT
        MAX(jokyaku_seisan_sho_id) AS jokyakuSeisanShoId
      , MAX(jokyaku_shisan_no)     AS jokyakuShisanNo
      , MAX(jokyaku_seisan_sho_no) AS jokyakuSeisanShoNo
    FROM
      kss006
  </select>

</mapper>