<?xml version="1.0" encoding="UTF-8"?>
<configuration  scan="true" scanPeriod="60 seconds" debug="false">
    <contextName>logback</contextName>
    <property name="log.path" value="C:/work/spring-log" />
    <statusListener class="ch.qos.logback.core.status.OnConsoleStatusListener" />
    <!--コンソールへ出力-->
    <appender name="console" class="ch.qos.logback.core.ConsoleAppender">
       <!-- <filter class="ch.qos.logback.classic.filter.ThresholdFilter">
            <level>ERROR</level>
        </filter>-->
        <encoder>
            <pattern>%date{yyyy-MM-dd HH:mm:ss.SSS} %contextName [%thread] %-5level %logger - %msg%n</pattern>
            <charset>UTF-8</charset>
        </encoder>
    </appender>

    <!--ファイルへ出力-->
    <appender name="allLog" class="ch.qos.logback.core.rolling.RollingFileAppender">
        <rollingPolicy class="ch.qos.logback.core.rolling.TimeBasedRollingPolicy">
            <fileNamePattern>${log.path}/allLog.%d{yyyy-MM-dd}.log</fileNamePattern>
        </rollingPolicy>
        <encoder>
            <pattern>%date{yyyy-MM-dd HH:mm:ss.SSS} %contextName [%thread] %-5level %logger - %msg%n</pattern>
            <charset>UTF-8</charset>
        </encoder>
    </appender>
    <appender name="debugLog" class="ch.qos.logback.core.rolling.RollingFileAppender">
		<filter class="ch.qos.logback.classic.filter.LevelFilter">
			<level>DEBUG</level>
			<onMatch>ACCEPT</onMatch>
			<onMismatch>DENY</onMismatch>
		</filter>
        <rollingPolicy class="ch.qos.logback.core.rolling.TimeBasedRollingPolicy">
            <fileNamePattern>${log.path}/debugLog.%d{yyyy-MM-dd}.log</fileNamePattern>
        </rollingPolicy>
        <encoder>
            <pattern>%date{yyyy-MM-dd HH:mm:ss.SSS} %contextName [%thread] %-5level %logger - %msg%n</pattern>
        </encoder>
    </appender>
    <appender name="errorLog" class="ch.qos.logback.core.rolling.RollingFileAppender">
		<filter class="ch.qos.logback.classic.filter.LevelFilter">
			<level>ERROR</level>
			<onMatch>ACCEPT</onMatch>
			<onMismatch>DENY</onMismatch>
		</filter>
        <rollingPolicy class="ch.qos.logback.core.rolling.TimeBasedRollingPolicy">
            <fileNamePattern>${log.path}/errorLog.%d{yyyy-MM-dd}.log</fileNamePattern>
        </rollingPolicy>
        <encoder>
            <pattern>%date{yyyy-MM-dd HH:mm:ss.SSS} %contextName [%thread] %-5level %logger - %msg%n</pattern>
        </encoder>
    </appender>
    <appender name="sqlLog" class="ch.qos.logback.core.rolling.RollingFileAppender">
      <filter class="ch.qos.logback.core.filter.EvaluatorFilter">
        <evaluator>
          <expression>
             if(message.contains("Preparing:"))
                return true;

             if(message.contains("Parameters:"))
                return true;

             if(message.contains("Total:"))
                return true;

           return false;
          </expression>
        </evaluator>
        <OnMismatch>DENY</OnMismatch>
      </filter>
      <rollingPolicy class="ch.qos.logback.core.rolling.TimeBasedRollingPolicy">
          <fileNamePattern>${log.path}/sqlLog.%d{yyyy-MM-dd}.log</fileNamePattern>
      </rollingPolicy>
      <encoder>
          <pattern>%date{yyyy-MM-dd HH:mm:ss.SSS} %contextName [%thread] %-5level %logger - %msg%n</pattern>
      </encoder>
    </appender>
    <root level="info">
        <appender-ref ref="console"/>
        <appender-ref ref="allLog"/>
        <appender-ref ref="debugLog"/>
        <appender-ref ref="errorLog"/>
        <appender-ref ref="sqlLog"/>
    </root>

    <!-- logbackパッケージ -->
    <logger name="jp.co.nsd.nkssweb.controller"/>
    <!--logback.LogbackDemo：クラスパス -->
    <logger name="jp.co.nsd.nkssweb.controller" level="DEBUG" additivity="false">
        <appender-ref ref="console"/>
        <appender-ref ref="allLog"/>
        <appender-ref ref="debugLog"/>
        <appender-ref ref="errorLog"/>
        <appender-ref ref="sqlLog"/>
    </logger>
    <logger name="jp.co.nsd.nkssweb.service" level="DEBUG" additivity="false">
        <appender-ref ref="console"/>
        <appender-ref ref="allLog"/>
        <appender-ref ref="debugLog"/>
        <appender-ref ref="errorLog"/>
        <appender-ref ref="sqlLog"/>
    </logger>
    <logger name="jp.co.nsd.nkssweb.dao" level="DEBUG" additivity="false">
        <appender-ref ref="console"/>
        <appender-ref ref="allLog"/>
        <appender-ref ref="debugLog"/>
        <appender-ref ref="errorLog"/>
        <appender-ref ref="sqlLog"/>
    </logger>
</configuration>