<?xml version="1.0" encoding="UTF-8"?>
<!DOCTYPE mapper PUBLIC "-//mybatis.org//DTD Mapper 3.0//EN" "http://mybatis.org/dtd/mybatis-3-mapper.dtd">

<mapper namespace="jp.co.nsd.nkssweb.dao.mapper.BunkatsuSyunyuMapper">

  <select id="selectByWhere" parameterType="jp.co.nsd.nkssweb.dao.BunkatsuSyunyu" resultType="jp.co.nsd.nkssweb.dao.BunkatsuSyunyu">
      SELECT DISTINCT
          kss004.seisan_sho_id                            AS seisanShoId,      --精算書ＩＤ
          kss004.seisan_sho_no                            AS seisanShoNo,      --精算書番号
          tmp.ab8_kmouwk_cod                              AS kenmeiCd,         --工事件名コード
          kss004.siyo_start_ymd                           AS siyoStartYmd,     --使用開始年月日
          kss004.shonin_status                            AS shoninStatus,     --承認状態
          kss004.riyu                                     AS riyu,             --経理否認理由
          kss004.hansu                                    AS hansu,            --版数
          kss008.service_start_ymd                        AS serviceStartYmd,  --サービス年月日
          kss008.keiyaku_start_ymd                        AS keiyakuStartYmd,  --契約開始年月日
          kss008.keiyaku_end_ymd                          AS keiyakuEndYmd,    --契約終了年月日
          tmp.ab8_kmouwk_knj                              AS kmouwkKnj,        --工事件名
          replace(kss011.soshiki_ren_nm, '直属', '')      AS soshikiRenNm,     --精算箇所
          kss008.update_date                              AS updateDate        --更新年月日
      FROM
          kss004               -- 精算書
          INNER JOIN kss005    -- 取得資産明細
              ON (kss005.seisan_sho_id = kss004.seisan_sho_id)
          LEFT JOIN kss008     -- 分割収入
              ON (     kss008.seisan_sho_id = kss004.seisan_sho_id
                 )
          INNER JOIN kss011     -- 組織マスタ
              ON (     kss004.seisan_soshiki_cd = kss011.soshiki_cd
                   AND kss004.siyo_start_ymd <![CDATA[ >= ]]> kss011.tekiyo_start_ymd
                   AND disabled_flg= '0'
                 )
          LEFT JOIN (
            SELECT
                abda08.ab8_kmouwk_cod AS ab8_kmouwk_cod
              , abda08.ab8_kmouwk_knj AS ab8_kmouwk_knj
              , abda08.ab8_tekiyf_ymd AS ab8_tekiyf_ymd
              , abda08.ab8_tekiyt_ymd AS ab8_tekiyt_ymd
              , kss002.kenmei_id      AS kenmei_id
            FROM
              abda08
              INNER JOIN kss002
                ON (
                  kss002.kenmei_cd = abda08.ab8_kmouwk_cod
                  AND kss002.tekiyo_start_ymd = abda08.ab8_tekiyf_ymd
                )
          ) tmp
            ON (
              tmp.kenmei_id = kss004.kenmei_id
              AND kss004.siyo_start_ymd <![CDATA[ >= ]]> tmp.ab8_tekiyf_ymd
              AND kss004.siyo_start_ymd <![CDATA[ <= ]]> tmp.ab8_tekiyt_ymd
            )
    <where>
        kss004.kotei_shisan_id NOT IN (SELECT moto_kotei_shisan_id FROM kss007)
       <if test="seisanShoNo != ''">
         AND kss004.seisan_sho_no LIKE  CONCAT(CONCAT('%', #{seisanShoNo, jdbcType=VARCHAR}), '%')
       </if>
       <if test="siyoStartYmdF != ''">
         AND kss004.siyo_start_ymd <![CDATA[ >= ]]> CAST(#{siyoStartYmdF} AS DATE)
       </if>
       <if test="siyoStartYmdT != ''">
         AND kss004.siyo_start_ymd <![CDATA[ <= ]]> CAST(#{siyoStartYmdT} AS DATE)
       </if>
       <if test="serviceStartYmdF != ''">
         AND kss008.service_start_ymd <![CDATA[ >= ]]> CAST(#{serviceStartYmdF} AS DATE)
       </if>
       <if test="serviceStartYmdT != ''">
         AND kss008.service_start_ymd <![CDATA[ <= ]]> CAST(#{serviceStartYmdT} AS DATE)
       </if>
       <choose>
         <when test="shoninStatus != ''">
           AND kss004.shonin_status = #{shoninStatus, jdbcType=VARCHAR}
         </when>
         <otherwise>
           AND TRIM(kss004.shonin_status) IN ( '01', '02', '20' )
         </otherwise>
       </choose>
         AND (kss005.shurui_cd in ('12', '42', '43', '51', '61') OR kss005.kamoku_cd_1 = '305')
       <if test="kmouwkKnj != ''">
         AND tmp.ab8_kmouwk_knj LIKE #{kmouwkKnj, jdbcType=VARCHAR} || '%'
       </if>
    </where>
    ORDER BY
      kss004.seisan_sho_no
  </select>

  <select id="getSeisanshoKoteiInfo" parameterType="java.util.Map" resultType="jp.co.nsd.nkssweb.dao.BunkatsuSyunyuKoteiInfo">
    SELECT
        kss004.seisan_sho_id                                           AS seisanShoId
      , kss004.kotei_shisan_Id                                         AS koteiShisanId
      , kss004.kotei_shisan_no                                         AS koteiShisanNo
      , kss005.kotei_shisan_nm                                         AS koteiShisanNm
      , abda12.abb_torihk_knj                                          AS torihkKnj
      , kss005.shutoku_ymd                                             AS shutokuYmd
      , kss005.buppin_gaku + kss005.kouhi_gaku + kss005.sou_keihi_gaku AS shutokuKagaku
      , awda01.aw1_shu_knj                                             AS shuKnj
      , awda02.aw2_kou_knj                                             AS kouKnj
      , awda03.aw3_sai_knj                                             AS saiKnj
      , awda04.aw4_shu4_knj                                            AS shu4Knj
      , awda05.aw5_shu5_knj                                            AS shu5Knj
      , awda06.aw6_shu6_knj                                            AS shu6Knj
      , kss005.bibo_kagaku_zei                                         AS biboKagakuZei
      , kss005.bibo_kagaku_sho                                         AS biboKagakuSho
      , kss005.shokyaku_gendo_zei                                      AS shokyakuGendoZei
      , kss005.shokyaku_gendo_sho                                      AS shokyakuGendoSho
      , kss005.syokyaku_hoho_zei                                       AS syokyakuHohoZei
      , kss005.syokyaku_hoho_sho                                       AS syokyakuHohoSho
      , kss005.zanzon_ritsu_zei                                        AS zanzonRitsuZei
      , kss005.zanzon_ritsu_sho                                        AS zanzonRitsuSho
      , kss005.taiyo_nensu_sho                                         AS taiyoNensuSho
      , kss005.taiyo_nensu_zei                                         AS taiyoNensuZei
    FROM
      kss004
      INNER JOIN kss005
        ON (
          kss004.seisan_sho_id = kss005.seisan_sho_id
          AND kss004.kotei_shisan_Id = kss005.kotei_shisan_Id
        )
      LEFT JOIN abda12
        ON (
          substring(trim(abb_torihk_cod), 1, 1) = '4'
          AND substring(
            trim(abb_torihk_cod)
            , length(trim(abb_torihk_cod)) - 2
            , 3
          ) = '000'
          AND abda12.abb_torihk_cod = kss005.torihiki_saki_cd
        )
      LEFT JOIN awda01
        ON (awda01.aw1_shu_cod = kss005.shurui_cd)
      LEFT JOIN awda02
        ON (
          awda02.aw2_shu_cod = kss005.shurui_cd
          AND awda02.aw2_kou_cod = kss005.kouzou_cd
        )
      LEFT JOIN awda03
        ON (
          awda03.aw3_shu_cod = kss005.shurui_cd
          AND awda03.aw3_kou_cod = kss005.kouzou_cd
          AND awda03.aw3_sai_cod = kss005.shisan_tani_cd
        )
      LEFT JOIN awda04
        ON (
          awda04.aw4_shu_cod = kss005.shurui_cd
          AND awda04.aw4_kou_cod = kss005.kouzou_cd
          AND awda04.aw4_sai_cod = kss005.shisan_tani_cd
          AND awda04.aw4_shu4_cod = kss005.kamoku_cd_1
        )
      LEFT JOIN awda05
        ON (
          awda05.aw5_shu_cod = kss005.shurui_cd
          AND awda05.aw5_kou_cod = kss005.kouzou_cd
          AND awda05.aw5_sai_cod = kss005.shisan_tani_cd
          AND awda05.aw5_shu4_cod = kss005.kamoku_cd_1
          AND awda05.aw5_shu5_cod = kss005.kamoku_cd_2
        )
      LEFT JOIN awda06
        ON (
          awda06.aw6_shu_cod = kss005.shurui_cd
          AND awda06.aw6_kou_cod = kss005.kouzou_cd
          AND awda06.aw6_sai_cod = kss005.shisan_tani_cd
          AND awda06.aw6_shu4_cod = kss005.kamoku_cd_1
          AND awda06.aw6_shu5_cod = kss005.kamoku_cd_2
          AND awda06.aw6_shu6_cod = kss005.kamoku_cd_3
        )
    WHERE
      TRIM(kss004.seisan_sho_id) = TRIM(#{seisanShoId, jdbcType=CHAR})
    ORDER BY
      kss004.kotei_shisan_no
  </select>

  <select id="initUpdInfo" parameterType="java.lang.String" resultType="java.util.Map">
    SELECT DISTINCT
        TRIM(kss004.seisan_sho_id) AS seisanShoId
      , CASE
          WHEN kss008.seisan_sho_id IS NULL THEN kss004.siyo_start_ymd
          ELSE kss008.service_start_ymd
        END AS serviceStartYmd
      , CASE
          WHEN kss008.seisan_sho_id IS NULL THEN kss004.siyo_start_ymd
          ELSE kss008.keiyaku_start_ymd
        END AS keiyakuStartYmd
      , to_char(CASE
          WHEN kss008.seisan_sho_id IS NULL
                  THEN DATE_TRUNC('months', kss004.siyo_start_ymd + CAST (kss005.taiyo_nensu_sho + 1 || ' months' AS INTERVAL) ) + '-1 day'
          ELSE kss008.keiyaku_end_ymd
        END, 'yyyy/MM/dd') AS keiyakuEndYmd
      , kss005.taiyo_nensu_sho
    FROM
      kss004
      INNER JOIN kss005
        ON (kss005.seisan_sho_id = kss004.seisan_sho_id)
      LEFT JOIN kss008
        ON (kss008.seisan_sho_id = kss004.seisan_sho_id)
    WHERE
      TRIM(kss004.seisan_sho_id) = TRIM(#{seisanShoId, jdbcType=CHAR})
    LIMIT 1
  </select>

  <select id="getShutokuKakaku" parameterType="java.lang.String" resultType="java.util.Map">
        SELECT
            kss005.seisan_sho_id   AS seisanShoId
          , kss005.kotei_shisan_id AS koteiShisanId
          , (
            kss005.buppin_gaku + kss005.kouhi_gaku + kss005.sou_keihi_gaku
          )                        AS shutokuKakaku
        FROM
          kss004                                          -- 精算書
          INNER JOIN kss005                               -- 取得資産明細
            ON (
              kss005.seisan_sho_id = kss004.seisan_sho_id
              AND kss005.kotei_shisan_id = kss004.kotei_shisan_id
            )
        WHERE
          TRIM(kss004.seisan_sho_id) = TRIM(#{seisanShoId, jdbcType=CHAR})
  </select>

</mapper>