<?xml version="1.0" encoding="UTF-8"?>
<!DOCTYPE mapper PUBLIC "-//mybatis.org//DTD Mapper 3.0//EN" "http://mybatis.org/dtd/mybatis-3-mapper.dtd">

<mapper namespace="jp.co.nsd.nkssweb.dao.mapper.CommMapper">
  <resultMap id="Awda01ResultMap" type="jp.co.nsd.nkssweb.dao.Awda01">
    <result column="aw1_shu_cod" jdbcType="CHAR" property="aw1ShuCod" />
    <result column="aw1_shu_knj" jdbcType="VARCHAR" property="aw1ShuKnj" />
    <result column="aw1_zeizan_rit" jdbcType="NUMERIC" property="aw1ZeizanRit" />
    <result column="aw1_shozan_rit" jdbcType="NUMERIC" property="aw1ShozanRit" />
    <result column="aw1_zlstzan_rit" jdbcType="NUMERIC" property="aw1ZlstzanRit" />
    <result column="aw1_slstzan_rit" jdbcType="NUMERIC" property="aw1SlstzanRit" />
    <result column="aw1_kotshu_cod" jdbcType="CHAR" property="aw1KotshuCod" />
    <result column="aw1_jtssn_kbn" jdbcType="CHAR" property="aw1JtssnKbn" />
    <result column="aw1_renyn_flg" jdbcType="CHAR" property="aw1RenynFlg" />
    <result column="aw1_sisan_kbn" jdbcType="CHAR" property="aw1SisanKbn" />
    <result column="aw1_sky_kbn" jdbcType="CHAR" property="aw1SkyKbn" />
    <result column="aw1_shkhoh_cod" jdbcType="CHAR" property="aw1ShkhohCod" />
    <result column="aw1_sshkhoh_cod" jdbcType="CHAR" property="aw1SshkhohCod" />
    <result column="aw1_zeityo_ys" jdbcType="NUMERIC" property="aw1ZeityoYs" />
    <result column="aw1_shotyo_ys" jdbcType="NUMERIC" property="aw1ShotyoYs" />
    <result column="aw1_update_cnt" jdbcType="NUMERIC" property="aw1UpdateCnt" />
    <result column="aw1_torok_dh" jdbcType="DATE" property="aw1TorokDh" />
    <result column="aw1_torsha_cod" jdbcType="CHAR" property="aw1TorshaCod" />
    <result column="aw1_update_dh" jdbcType="DATE" property="aw1UpdateDh" />
    <result column="aw1_updsha_cod" jdbcType="CHAR" property="aw1UpdshaCod" />
  </resultMap>
  <resultMap id="Awda02ResultMap" type="jp.co.nsd.nkssweb.dao.Awda02">
    <result column="aw2_shu_cod" jdbcType="CHAR" property="aw2ShuCod" />
    <result column="aw2_kou_cod" jdbcType="CHAR" property="aw2KouCod" />
    <result column="aw2_kou_knj" jdbcType="VARCHAR" property="aw2KouKnj" />
    <result column="aw2_jtssn_kbn" jdbcType="CHAR" property="aw2JtssnKbn" />
    <result column="aw2_renyn_flg" jdbcType="CHAR" property="aw2RenynFlg" />
    <result column="aw2_sisan_kbn" jdbcType="CHAR" property="aw2SisanKbn" />
    <result column="aw2_sky_kbn" jdbcType="CHAR" property="aw2SkyKbn" />
    <result column="aw2_shohoh_cod" jdbcType="CHAR" property="aw2ShohohCod" />
    <result column="aw2_sshohoh_cod" jdbcType="CHAR" property="aw2SshohohCod" />
    <result column="aw2_zeityo_ys" jdbcType="NUMERIC" property="aw2ZeityoYs" />
    <result column="aw2_shotyo_ys" jdbcType="NUMERIC" property="aw2ShotyoYs" />
    <result column="aw2_update_cnt" jdbcType="NUMERIC" property="aw2UpdateCnt" />
    <result column="aw2_torok_dh" jdbcType="DATE" property="aw2TorokDh" />
    <result column="aw2_torsha_cod" jdbcType="CHAR" property="aw2TorshaCod" />
    <result column="aw2_update_dh" jdbcType="DATE" property="aw2UpdateDh" />
    <result column="aw2_updsha_cod" jdbcType="CHAR" property="aw2UpdshaCod" />
  </resultMap>
  <resultMap id="Awda03ResultMap" type="jp.co.nsd.nkssweb.dao.Awda03">
    <result column="aw3_shu_cod" jdbcType="CHAR" property="aw3ShuCod" />
    <result column="aw3_kou_cod" jdbcType="CHAR" property="aw3KouCod" />
    <result column="aw3_sai_cod" jdbcType="CHAR" property="aw3SaiCod" />
    <result column="aw3_sai_knj" jdbcType="VARCHAR" property="aw3SaiKnj" />
    <result column="aw3_jtssn_kbn" jdbcType="CHAR" property="aw3JtssnKbn" />
    <result column="aw3_renyn_flg" jdbcType="CHAR" property="aw3RenynFlg" />
    <result column="aw3_sisan_kbn" jdbcType="CHAR" property="aw3SisanKbn" />
    <result column="aw3_sky_kbn" jdbcType="CHAR" property="aw3SkyKbn" />
    <result column="aw3_shohoh_cod" jdbcType="CHAR" property="aw3ShohohCod" />
    <result column="aw3_sshohoh_cod" jdbcType="CHAR" property="aw3SshohohCod" />
    <result column="aw3_zeityo_ys" jdbcType="NUMERIC" property="aw3ZeityoYs" />
    <result column="aw3_shotyo_ys" jdbcType="NUMERIC" property="aw3ShotyoYs" />
    <result column="aw3_update_cnt" jdbcType="NUMERIC" property="aw3UpdateCnt" />
    <result column="aw3_torok_dh" jdbcType="DATE" property="aw3TorokDh" />
    <result column="aw3_torsha_cod" jdbcType="CHAR" property="aw3TorshaCod" />
    <result column="aw3_update_dh" jdbcType="DATE" property="aw3UpdateDh" />
    <result column="aw3_updsha_cod" jdbcType="CHAR" property="aw3UpdshaCod" />
  </resultMap>
  <resultMap id="Awda04ResultMap" type="jp.co.nsd.nkssweb.dao.Awda04">
    <result column="aw4_shu_cod" jdbcType="CHAR" property="aw4ShuCod" />
    <result column="aw4_kou_cod" jdbcType="CHAR" property="aw4KouCod" />
    <result column="aw4_sai_cod" jdbcType="CHAR" property="aw4SaiCod" />
    <result column="aw4_shu4_cod" jdbcType="CHAR" property="aw4Shu4Cod" />
    <result column="aw4_shu4_knj" jdbcType="VARCHAR" property="aw4Shu4Knj" />
    <result column="aw4_update_cnt" jdbcType="NUMERIC" property="aw4UpdateCnt" />
    <result column="aw4_torok_dh" jdbcType="DATE" property="aw4TorokDh" />
    <result column="aw4_torsha_cod" jdbcType="CHAR" property="aw4TorshaCod" />
    <result column="aw4_update_dh" jdbcType="DATE" property="aw4UpdateDh" />
    <result column="aw4_updsha_cod" jdbcType="CHAR" property="aw4UpdshaCod" />
  </resultMap>
  <resultMap id="Awda05ResultMap" type="jp.co.nsd.nkssweb.dao.Awda05">
    <result column="aw5_shu_cod" jdbcType="CHAR" property="aw5ShuCod" />
    <result column="aw5_kou_cod" jdbcType="CHAR" property="aw5KouCod" />
    <result column="aw5_sai_cod" jdbcType="CHAR" property="aw5SaiCod" />
    <result column="aw5_shu4_cod" jdbcType="CHAR" property="aw5Shu4Cod" />
    <result column="aw5_shu5_cod" jdbcType="CHAR" property="aw5Shu5Cod" />
    <result column="aw5_shu5_knj" jdbcType="VARCHAR" property="aw5Shu5Knj" />
    <result column="aw5_update_cnt" jdbcType="NUMERIC" property="aw5UpdateCnt" />
    <result column="aw5_torok_dh" jdbcType="DATE" property="aw5TorokDh" />
    <result column="aw5_torsha_cod" jdbcType="CHAR" property="aw5TorshaCod" />
    <result column="aw5_update_dh" jdbcType="DATE" property="aw5UpdateDh" />
    <result column="aw5_updsha_cod" jdbcType="CHAR" property="aw5UpdshaCod" />
  </resultMap>
  <resultMap id="Awda06ResultMap" type="jp.co.nsd.nkssweb.dao.Awda06">
    <result column="aw6_shu_cod" jdbcType="CHAR" property="aw6ShuCod" />
    <result column="aw6_kou_cod" jdbcType="CHAR" property="aw6KouCod" />
    <result column="aw6_sai_cod" jdbcType="CHAR" property="aw6SaiCod" />
    <result column="aw6_shu4_cod" jdbcType="CHAR" property="aw6Shu4Cod" />
    <result column="aw6_shu5_cod" jdbcType="CHAR" property="aw6Shu5Cod" />
    <result column="aw6_shu6_cod" jdbcType="CHAR" property="aw6Shu6Cod" />
    <result column="aw6_shu6_knj" jdbcType="VARCHAR" property="aw6Shu6Knj" />
    <result column="aw6_update_cnt" jdbcType="NUMERIC" property="aw6UpdateCnt" />
    <result column="aw6_torok_dh" jdbcType="DATE" property="aw6TorokDh" />
    <result column="aw6_torsha_cod" jdbcType="CHAR" property="aw6TorshaCod" />
    <result column="aw6_update_dh" jdbcType="DATE" property="aw6UpdateDh" />
    <result column="aw6_updsha_cod" jdbcType="CHAR" property="aw6UpdshaCod" />
  </resultMap>
  <resultMap id="Awda15ResultMap" type="jp.co.nsd.nkssweb.dao.Awda15">
    <result column="awf_tani_cod" jdbcType="CHAR" property="awfTaniCod" />
    <result column="awf_tani_knj" jdbcType="VARCHAR" property="awfTaniKnj" />
    <result column="awf_update_cnt" jdbcType="NUMERIC" property="awfUpdateCnt" />
    <result column="awf_torok_dh" jdbcType="DATE" property="awfTorokDh" />
    <result column="awf_torsha_cod" jdbcType="CHAR" property="awfTorshaCod" />
    <result column="awf_update_dh" jdbcType="DATE" property="awfUpdateDh" />
    <result column="awf_updsha_cod" jdbcType="CHAR" property="awfUpdshaCod" />
  </resultMap>
  <resultMap id="Awda20ResultMap" type="jp.co.nsd.nkssweb.dao.Awda20">
    <result column="awk_komok_sbt" jdbcType="CHAR" property="awkKomokSbt" />
    <result column="awk_kmksbt_cod" jdbcType="CHAR" property="awkKmksbtCod" />
    <result column="awk_kmksbt_knj" jdbcType="VARCHAR" property="awkKmksbtKnj" />
    <result column="awk_meisho_knj" jdbcType="VARCHAR" property="awkMeishoKnj" />
    <result column="awk_update_cnt" jdbcType="NUMERIC" property="awkUpdateCnt" />
    <result column="awk_torok_dh" jdbcType="DATE" property="awkTorokDh" />
    <result column="awk_torsha_cod" jdbcType="CHAR" property="awkTorshaCod" />
    <result column="awk_update_dh" jdbcType="DATE" property="awkUpdateDh" />
    <result column="awk_updsha_cod" jdbcType="CHAR" property="awkUpdshaCod" />
  </resultMap>
  <resultMap id="Awdm12ResultMap" type="jp.co.nsd.nkssweb.dao.Awdm12">
    <result column="mwc_shin_cod" jdbcType="CHAR" property="mwcShinCod" />
    <result column="mwc_city_cod" jdbcType="CHAR" property="mwcCityCod" />
    <result column="mwc_basho_cod" jdbcType="CHAR" property="mwcBashoCod" />
    <result column="mwc_update_cnt" jdbcType="NUMERIC" property="mwcUpdateCnt" />
    <result column="mwc_torok_dh" jdbcType="DATE" property="mwcTorokDh" />
    <result column="mwc_torsha_cod" jdbcType="CHAR" property="mwcTorshaCod" />
    <result column="mwc_update_dh" jdbcType="DATE" property="mwcUpdateDh" />
    <result column="mwc_updsha_cod" jdbcType="CHAR" property="mwcUpdshaCod" />
  </resultMap>
  <resultMap id="Awdv02ResultMap" type="jp.co.nsd.nkssweb.dao.Awdv02">
    <result column="shu_cod" jdbcType="CHAR" property="shuCod" />
    <result column="kou_cod" jdbcType="VARCHAR" property="kouCod" />
    <result column="sai_cod" jdbcType="VARCHAR" property="saiCod" />
    <result column="shu4_cod" jdbcType="VARCHAR" property="shu4Cod" />
    <result column="shu5_cod" jdbcType="VARCHAR" property="shu5Cod" />
    <result column="shu6_cod" jdbcType="VARCHAR" property="shu6Cod" />
    <result column="shu_knj" jdbcType="VARCHAR" property="shuKnj" />
    <result column="kou_knj" jdbcType="VARCHAR" property="kouKnj" />
    <result column="sai_knj" jdbcType="VARCHAR" property="saiKnj" />
    <result column="shu4_knj" jdbcType="VARCHAR" property="shu4Knj" />
    <result column="shu5_knj" jdbcType="VARCHAR" property="shu5Knj" />
    <result column="shu6_knj" jdbcType="VARCHAR" property="shu6Knj" />
    <result column="zeizan_rit" jdbcType="NUMERIC" property="zeizanRit" />
    <result column="shozan_rit" jdbcType="NUMERIC" property="shozanRit" />
    <result column="zlstzan_rit" jdbcType="NUMERIC" property="zlstzanRit" />
    <result column="slstzan_rit" jdbcType="NUMERIC" property="slstzanRit" />
    <result column="kotshu_cod" jdbcType="CHAR" property="kotshuCod" />
    <result column="jtssn_kbn" jdbcType="VARCHAR" property="jtssnKbn" />
    <result column="renyn_flg" jdbcType="VARCHAR" property="renynFlg" />
    <result column="sisan_kbn" jdbcType="VARCHAR" property="sisanKbn" />
    <result column="sky_kbn" jdbcType="VARCHAR" property="skyKbn" />
    <result column="shkhoh_cod" jdbcType="VARCHAR" property="shkhohCod" />
    <result column="sshkhoh_cod" jdbcType="VARCHAR" property="sshkhohCod" />
    <result column="zeitai_ys" jdbcType="NUMERIC" property="zeitaiYs" />
    <result column="shotai_ys" jdbcType="NUMERIC" property="shotaiYs" />
  </resultMap>

  <sql id="Awda01_Column_List">
    aw1_shu_cod,aw1_shu_knj,aw1_zeizan_rit,aw1_shozan_rit,aw1_zlstzan_rit,aw1_slstzan_rit,
    aw1_kotshu_cod,aw1_jtssn_kbn,aw1_renyn_flg,aw1_sisan_kbn,aw1_sky_kbn,aw1_shkhoh_cod,
    aw1_sshkhoh_cod,aw1_zeityo_ys,aw1_shotyo_ys,aw1_update_cnt,aw1_torok_dh,aw1_torsha_cod,
    aw1_update_dh,aw1_updsha_cod
  </sql>
  <sql id="Awda02_Column_List">
    aw2_shu_cod,aw2_kou_cod,aw2_kou_knj,aw2_jtssn_kbn,aw2_renyn_flg,aw2_sisan_kbn,aw2_sky_kbn,
    aw2_shohoh_cod,aw2_sshohoh_cod,aw2_zeityo_ys,aw2_shotyo_ys,aw2_update_cnt,aw2_torok_dh,
    aw2_torsha_cod,aw2_update_dh,aw2_updsha_cod
  </sql>
  <sql id="Awda03_Column_List">
    aw3_shu_cod,aw3_kou_cod,aw3_sai_cod,aw3_sai_knj,aw3_jtssn_kbn,aw3_renyn_flg,aw3_sisan_kbn,
    aw3_sky_kbn,aw3_shohoh_cod,aw3_sshohoh_cod,aw3_zeityo_ys,aw3_shotyo_ys,aw3_update_cnt,
    aw3_torok_dh,aw3_torsha_cod,aw3_update_dh,aw3_updsha_cod
  </sql>
  <sql id="Awda04_Column_List">
    aw4_shu_cod,aw4_kou_cod,aw4_sai_cod,aw4_shu4_cod,aw4_shu4_knj,aw4_update_cnt,aw4_torok_dh,
    aw4_torsha_cod,aw4_update_dh,aw4_updsha_cod
  </sql>
  <sql id="Awda05_Column_List">
    aw5_shu_cod,aw5_kou_cod,aw5_sai_cod,aw5_shu4_cod,aw5_shu5_cod,aw5_shu5_knj,aw5_update_cnt,
    aw5_torok_dh,aw5_torsha_cod,aw5_update_dh,aw5_updsha_cod
  </sql>
  <sql id="Awda06_Column_List">
    aw6_shu_cod,aw6_kou_cod,aw6_sai_cod,aw6_shu4_cod,aw6_shu5_cod,aw6_shu6_cod,aw6_shu6_knj,
    aw6_update_cnt,aw6_torok_dh,aw6_torsha_cod,aw6_update_dh,aw6_updsha_cod
  </sql>
  <sql id="Awda15_Column_List">
    awf_tani_cod, awf_tani_knj, awf_update_cnt, awf_torok_dh, awf_torsha_cod, awf_update_dh, awf_updsha_cod
  </sql>
  <sql id="Awda20_Column_List">
    awk_komok_sbt, awk_kmksbt_cod, awk_kmksbt_knj, awk_meisho_knj, awk_update_cnt,
    awk_torok_dh, awk_torsha_cod, awk_update_dh, awk_updsha_cod
  </sql>
  <sql id="Awdm12_Column_List">
    mwc_shin_cod, mwc_city_cod, mwc_basho_cod, mwc_update_cnt, mwc_torok_dh,
    mwc_torsha_cod, mwc_update_dh, mwc_updsha_cod
  </sql>
  <sql id="Awdv02_Column_List">
    shu_cod,kou_cod,sai_cod,shu4_cod,shu5_cod,shu6_cod,shu_knj,kou_knj,sai_knj,
    shu4_knj,shu5_knj,shu6_knj,zeizan_rit,shozan_rit,zlstzan_rit,slstzan_rit,kotshu_cod,
    jtssn_kbn,renyn_flg,sisan_kbn,sky_kbn,shkhoh_cod,sshkhoh_cod,zeitai_ys,shotai_ys
  </sql>

  <select id="getSequence" parameterType="java.util.Map" resultType="java.lang.String">
    <if test="seqLen != null">
      select lpad(cast(nextval(#{seqId,jdbcType=VARCHAR}) as varchar), #{seqLen,jdbcType=NUMERIC},'0')
    </if>
    <if test="seqLen == null">
      select nextval(#{seqId,jdbcType=VARCHAR})
    </if>
  </select>

  <select id="getCodeShubetsuList" parameterType="jp.co.nsd.nkssweb.dao.CodeShubetsu" resultType="jp.co.nsd.nkssweb.dao.Kss016">
    SELECT
        kss016.cd_shubetsu          AS cdShubetsu,
        kss016.cd_1                 AS cd1,
        kss016.cd_2                 AS cd2,
        kss016.cd_knj               AS cdKnj
    FROM
      kss016
    <where>
      kss016.cd_shubetsu = #{cdShubetsu, jdbcType=VARCHAR}
      <if test="cd1List!=null and cd1List.size()!=0">
        AND kss016.cd_1 IN
        <foreach collection="cd1List" item="cd1" index="index"
            open="(" close=")" separator=",">
            #{cd1}
        </foreach>
      </if>
      <if test="cd2List!=null and cd2List.size()!=0">
        AND kss016.cd_2 IN
        <foreach collection="cd2List" item="cd2" index="index"
            open="(" close=")" separator=",">
            #{cd2}
        </foreach>
      </if>
    </where>
  </select>
  <select id="getHakouSoshiki" parameterType="jp.co.nsd.nkssweb.dao.Abda09"  resultType="jp.co.nsd.nkssweb.dao.Abda09">
    SELECT
        ab9_soshik_cod          AS ab9SoshikCod
      , ab9_tekiyf_ymd          AS ab9TekiyfYmd
      , ab9_tekiyt_ymd          AS ab9TekiytYmd
      , ab9_soshik_knj          AS ab9SoshikKnj
    FROM
      kss.abda09
    WHERE
      trim(kss.abda09.ab9_soshik_cod) = #{ab9SoshikCod, jdbcType=CHAR}
      AND CURRENT_DATE BETWEEN kss.abda09.ab9_tekiyf_ymd AND coalesce(kss.abda09.ab9_tekiyt_ymd, '9999/12/31')
    ORDER BY
      kss.abda09.ab9_soshik_cod;
  </select>

  <select id="getShuNmLst" parameterType="jp.co.nsd.nkssweb.dao.Awda01" resultMap="Awda01ResultMap">
    SELECT
      <include refid="Awda01_Column_List" />
    FROM
      kss.awda01
    WHERE
     0 = 0
     <if test="aw1ShuCod != null">
       TRIM(kss.awda01.aw1_shu_cod) = #{aw1ShuCod , jdbcType=CHAR}
     </if>
    ORDER BY
      aw1_shu_knj
  </select>

  <select id="getKouNmLst" parameterType="jp.co.nsd.nkssweb.dao.Awda02" resultMap="Awda02ResultMap">
    SELECT
      <include refid="Awda02_Column_List" />
    FROM
      kss.awda02
    WHERE
      TRIM(kss.awda02.aw2_shu_cod) = #{aw2ShuCod , jdbcType=CHAR}
    ORDER BY
      aw2_kou_knj
  </select>

  <select id="getSaiNmLst" parameterType="jp.co.nsd.nkssweb.dao.Awda03" resultMap="Awda03ResultMap">
    SELECT
      <include refid="Awda03_Column_List" />
    FROM
      kss.awda03
    WHERE
      TRIM(kss.awda03.aw3_shu_cod) = #{aw3ShuCod , jdbcType=CHAR}
      AND TRIM(kss.awda03.aw3_kou_cod) = #{aw3KouCod , jdbcType=CHAR}
    ORDER BY
      aw3_sai_knj
  </select>

  <select id="getShu4NmLst" parameterType="jp.co.nsd.nkssweb.dao.Awda04" resultMap="Awda04ResultMap">
    SELECT
      <include refid="Awda04_Column_List" />
    FROM
      kss.awda04
    WHERE
      TRIM(kss.awda04.aw4_shu_cod) = #{aw4ShuCod , jdbcType=CHAR}
      AND TRIM(kss.awda04.aw4_kou_cod) = #{aw4KouCod , jdbcType=CHAR}
      AND TRIM(kss.awda04.aw4_sai_cod) = #{aw4SaiCod , jdbcType=CHAR}
    ORDER BY
      aw4_shu4_knj
  </select>

  <select id="getShu5NmLst" parameterType="jp.co.nsd.nkssweb.dao.Awda05" resultMap="Awda05ResultMap">
    SELECT
      <include refid="Awda05_Column_List" />
    FROM
      kss.awda05
    WHERE
      TRIM(kss.awda05.aw5_shu_cod) = #{aw5ShuCod , jdbcType=CHAR}
      AND TRIM(kss.awda05.aw5_kou_cod) = #{aw5KouCod , jdbcType=CHAR}
      AND TRIM(kss.awda05.aw5_sai_cod) = #{aw5SaiCod , jdbcType=CHAR}
      AND TRIM(kss.awda05.aw5_shu4_cod) = #{aw5Shu4Cod , jdbcType=CHAR}
    ORDER BY
      aw5_shu5_knj
  </select>

  <select id="getShu6NmLst" parameterType="jp.co.nsd.nkssweb.dao.Awda06" resultMap="Awda06ResultMap">
    SELECT
      <include refid="Awda06_Column_List" />
    FROM
      kss.awda06
    WHERE
      TRIM(kss.awda06.aw6_shu_cod) = #{aw6ShuCod , jdbcType=CHAR}
      AND TRIM(kss.awda06.aw6_kou_cod) = #{aw6KouCod , jdbcType=CHAR}
      AND TRIM(kss.awda06.aw6_sai_cod) = #{aw6SaiCod , jdbcType=CHAR}
      AND TRIM(kss.awda06.aw6_shu4_cod) = #{aw6Shu4Cod , jdbcType=CHAR}
      AND TRIM(kss.awda06.aw6_shu5_cod) = #{aw6Shu5Cod , jdbcType=CHAR}
    ORDER BY
      aw6_shu6_knj
  </select>

  <select id="getTaniLst" parameterType="jp.co.nsd.nkssweb.dao.Awda15" resultMap="Awda15ResultMap">
    SELECT
      <include refid="Awda15_Column_List" />
    FROM
      kss.awda15
    WHERE
      0 = 0
     <if test="awfTaniCod == '' or awfTaniCod == null ">
      AND TRIM(kss.awda15.awf_tani_cod) != '140'
      AND TRIM(kss.awda15.awf_tani_cod) != '150'
     </if>
     <if test="awfTaniCod != null">
      AND TRIM(kss.awda15.awf_tani_cod) = #{awfTaniCod , jdbcType=CHAR}
     </if>
    ORDER BY
      awf_tani_cod
  </select>

  <select id="getMeiShouLst" parameterType="jp.co.nsd.nkssweb.dao.Awda20" resultMap="Awda20ResultMap">
    SELECT
      <include refid="Awda20_Column_List" />
    FROM
      kss.awda20
    WHERE
       TRIM(kss.awda20.awk_komok_sbt) = #{awkKomokSbt , jdbcType=CHAR}
  </select>

  <select id="getAwdm12" parameterType="jp.co.nsd.nkssweb.dao.Awdm12" resultMap="Awdm12ResultMap">
    SELECT
      <include refid="Awdm12_Column_List" />
    FROM
      kss.awdm12
    WHERE
       TRIM(kss.awdm12.mwc_basho_cod) = #{mwcBashoCod , jdbcType=CHAR}
  </select>

  <select id="getAwdv02" parameterType="jp.co.nsd.nkssweb.dao.Awdv02" resultMap="Awdv02ResultMap">
    SELECT
      <include refid="Awdv02_Column_List" />
    FROM
      kss.awdv02
    WHERE
      TRIM(awdv02.shu_cod) = TRIM(#{shuCod, jdbcType=CHAR})
        AND TRIM(awdv02.kou_cod) = TRIM(#{kouCod, jdbcType=CHAR})
        AND TRIM(awdv02.sai_cod) = TRIM(#{saiCod, jdbcType=CHAR})
        AND TRIM(awdv02.shu4_cod) = TRIM(#{shu4Cod, jdbcType=CHAR})
        AND TRIM(awdv02.shu5_cod) = TRIM(#{shu5Cod, jdbcType=CHAR})
        AND TRIM(awdv02.shu6_cod) = TRIM(#{shu6Cod, jdbcType=CHAR})
  </select>

  <update id="updateStatus" parameterType="jp.co.nsd.nkssweb.dao.Kss004">
    update kss004
    <set>
      shonin_status = #{shoninStatus,jdbcType=CHAR}
      <if test="riyu != null">
        ,riyu = #{riyu,jdbcType=VARCHAR}
      </if>
      <if test="updateDate != null and updateUserId != ''">
        ,update_date = #{updateDate,jdbcType=TIMESTAMP}
      </if>
      <if test="updateUserId != null and updateUserId != ''">
        ,update_user_id = #{updateUserId,jdbcType=VARCHAR}
      </if>
    </set>
    where seisan_sho_id = #{seisanShoId,jdbcType=CHAR}
  </update>

  <select id="selectBySeisanShoId" parameterType="jp.co.nsd.nkssweb.dao.Kss004" resultType="jp.co.nsd.nkssweb.dao.Kss004">
    SELECT DISTINCT
      update_date AS updateDate
    FROM
      kss004
    WHERE
      seisan_sho_id = #{seisanShoId,jdbcType=CHAR}
  </select>

  <delete id="deleteTable" parameterType="java.lang.String">
      delete from ${tableName}
  </delete>

  <update id="truncateTable" parameterType="java.lang.String">
      truncate table ${tableName}
  </update>
</mapper>