<?xml version="1.0" encoding="UTF-8"?>
<!DOCTYPE mapper PUBLIC "-//mybatis.org//DTD Mapper 3.0//EN" "http://mybatis.org/dtd/mybatis-3-mapper.dtd">
<mapper namespace="jp.co.nsd.nkssweb.dao.mapper.InputCheckMapper">
  <select id="getSoshikiInfoForInputCheck" parameterType="java.lang.String" resultType="jp.co.nsd.nkssweb.dao.Kss011">
    SELECT
        kss011.soshiki_cd                                AS soshikiCd
      , kss011.tekiyo_start_ymd                          AS tekiyoStartYmd
    FROM
      kss011
    WHERE
          kss011.disabled_flg  = '0'
      AND kss011.soshiki_level = '3'
      AND CURRENT_DATE >= kss011.tekiyo_start_ymd
      AND trim(replace(kss011.soshiki_ren_nm, '直属', '')) = #{soshikiRenNm, jdbcType=VARCHAR}
  </select>

  <select id="getUserInfoForInputCheck" parameterType="java.lang.String" resultType="jp.co.nsd.nkssweb.dao.Kss013">
    SELECT
        kss013.user_id                                AS userId
      , kss013.nyusha_ymd                             AS nyushaYmd
    FROM
      kss013
    WHERE
          trim(kss013.sei) || trim(kss013.mei) = #{seimei, jdbcType=VARCHAR}
      AND current_date BETWEEN kss013.nyusha_ymd AND coalesce(kss013.taishoku_ymd, '9999/12/31')
  </select>

  <select id="isExistUserSoshikiForInputCheck" parameterType="java.util.Map" resultType="java.lang.String">
    SELECT
        count(*) AS kensu
    FROM
      kss013
      inner join kss014 on (kss013.user_id = kss014.user_id and kss014.kenmu_jun = 0)
      inner join kss011 on (
                           kss014.soshiki_cd = kss011.soshiki_cd
                       and kss011.disabled_flg = '0'
                       and CURRENT_DATE >= kss011.tekiyo_start_ymd
      )
    WHERE
          trim(kss013.sei) || trim(kss013.mei) = #{seiMei, jdbcType=VARCHAR}
      AND current_date BETWEEN kss013.nyusha_ymd AND coalesce(kss013.taishoku_ymd, '9999/12/31')
      AND trim(replace(kss011.soshiki_ren_nm, '直属', '')) = #{soshikiRenNm, jdbcType=VARCHAR}
  </select>

  <select id="isExistKoteiSisanInfoForInputCheck" parameterType="java.util.Map" resultType="java.lang.String">
    SELECT
      count(*) AS kensu
    FROM
      awdm01
      INNER JOIN awdm02
          ON (     awdm01.mw1_kotei_cod = awdm02.mw2_kotei_cod
                AND awdm01.mw1_rrk_cod = awdm02.mw2_rrk_cod  )
      INNER JOIN awdm31
        ON (
          awdm01.mw1_kotei_cod = awdm31.mwv_kotei_cod
          AND awdm01.mw1_rrk_cod = awdm31.mwv_korrk_cod
          AND awdm02.mw2_mei_cod = awdm31.mwv_mei_cod
          AND awdm02.mw2_meico_cod = awdm31.mwv_meico_cod
          AND awdm02.mw2_rrk_cod = awdm31.mwv_rrk_cod
        )
    <where>
           trim(awdm01.mw1_new_flg) = '1'
       AND awdm01.mw1_jyokyk_ymd is NULL
       AND trim(awdm01.mw1_appcon_cod)  = '2'
       <if test="jkkseiKbn != '1'">
         AND trim(awdm01.mw1_jkksei_kbn)  = #{jkkseiKbn, jdbcType=VARCHAR}
       </if>
       AND awdm02.mw2_meimko_ymd is NULL
       AND trim(awdm02.mw2_appcon_cod)  = '2'
       AND trim(awdm02.mw2_new_flg)  = '1'
       AND trim(awdm02.mw2_mei_cod) IS NOT NULL
       AND awdm01.mw1_kotei_no = #{koteiNo, jdbcType=VARCHAR}
    </where>
  </select>

  <select id="getAbda09ForInputCheck" parameterType="jp.co.nsd.nkssweb.dao.Abda09" resultType="jp.co.nsd.nkssweb.dao.Abda09">
    SELECT
        ab9_soshik_cod  AS ab9SoshikCod
    FROM
      abda09  --組織定数
    WHERE
      1 = 1
      <if test="ab9SoshikCod != null and ab9SoshikCod != ''">
        AND trim(ab9_soshik_cod) = trim(#{ab9SoshikCod, jdbcType=VARCHAR})
      </if>
      <if test="ab9SoshikKnj != null and ab9SoshikKnj != ''">
        AND trim(ab9_soshik_knj) = trim(#{ab9SoshikKnj, jdbcType=VARCHAR})
      </if>
      <if test="ab9TekiyfYmd != null">
        AND #{ab9TekiyfYmd, jdbcType=DATE} BETWEEN ab9_tekiyf_ymd AND coalesce(ab9_tekiyt_ymd, '9999/12/31')
      </if>
  </select>
</mapper>