<?xml version="1.0" encoding="UTF-8"?>
<!DOCTYPE mapper PUBLIC "-//mybatis.org//DTD Mapper 3.0//EN" "http://mybatis.org/dtd/mybatis-3-mapper.dtd">

<mapper namespace="jp.co.nsd.nkssweb.dao.mapper.KanriFutanhimodzukiMapper">

	<select id="selectByWhere" parameterType="jp.co.nsd.nkssweb.dao.KanriFutanhimodzuki"
		resultType="jp.co.nsd.nkssweb.dao.KanriFutanhimodzuki">
		SELECT
			  kanri.ab9_soshik_knj              AS kanriSoshikiKnj
			, kanri.ab9_soshik_cod              AS kanriSoshikiCd
			, futan.ab9_soshik_knj              AS futanSoshikiKnj
			, futan.ab9_soshik_cod              AS futanSoshikiCd
			, kss015.kanri_tekiyo_start_ymd     AS kanriTekiyoStartYmd
			, kss015.kanri_tekiyo_end_ymd       AS kanriTekiyoEndYmd
			, kss015.futan_tekiyo_start_ymd     AS futanTekiyoStartYmd
			, kss015.futan_tekiyo_end_ymd       AS futanTekiyoEndYmd
			, kss015.update_date                AS updateDate
		FROM
			kss015
			INNER JOIN kss.abda09 kanri
	    	ON (
			kanri.ab9_soshik_cod = kss015.kanri_soshiki_cd
			AND kanri.ab9_tekiyf_ymd = kss015.kanri_tekiyo_start_ymd
			)
			INNER JOIN kss.abda09 futan
			ON (
			futan.ab9_soshik_cod = kss015.futan_soshiki_cd
			AND futan.ab9_tekiyf_ymd = kss015.futan_tekiyo_start_ymd
			)
		<where>
		0 = 0
		<if test="kanriSoshikiCd != ''">
			AND kss015.kanri_soshiki_cd LIKE '%' || #{kanriSoshikiCd, jdbcType=VARCHAR} || '%'
		</if>
		<if test="kanriSoshikiKnj != ''">
			AND kanri.ab9_soshik_knj LIKE '%' || #{kanriSoshikiKnj, jdbcType=VARCHAR} || '%'
		</if>
		<if test="futanSoshikiCd != ''">
			AND kss015.futan_soshiki_cd LIKE '%' || #{futanSoshikiCd, jdbcType=VARCHAR} || '%'
		</if>
		<if test="futanSoshikiKnj != ''">
			AND futan.ab9_soshik_knj LIKE '%' || #{futanSoshikiKnj, jdbcType=VARCHAR} || '%'
		</if>
	    </where>
		ORDER BY
			kanri_soshiki_cd,futan_soshiki_cd
<!-- 	    ORDER BY -->
<!-- 	      kss006.jokyaku_seisan_sho_no -->
	</select>
</mapper>