<?xml version="1.0" encoding="UTF-8"?>
<!DOCTYPE mapper PUBLIC "-//mybatis.org//DTD Mapper 3.0//EN" "http://mybatis.org/dtd/mybatis-3-mapper.dtd">
<mapper namespace="jp.co.nsd.nkssweb.dao.mapper.Kss002Mapper">
  <resultMap id="BaseResultMap" type="jp.co.nsd.nkssweb.dao.Kss002">
    <id column="kenmei_id" jdbcType="NUMERIC" property="kenmeiId" />
    <result column="kenmei_cd" jdbcType="CHAR" property="kenmeiCd" />
    <result column="kenmei_nm" jdbcType="VARCHAR" property="kenmeiNm" />
    <result column="tekiyo_start_ymd" jdbcType="DATE" property="tekiyoStartYmd" />
    <result column="tekiyo_end_ymd" jdbcType="DATE" property="tekiyoEndYmd" />
    <result column="renkei_status" jdbcType="CHAR" property="renkeiStatus" />
    <result column="entry_date" jdbcType="TIMESTAMP" property="entryDate" />
    <result column="entry_user_id" jdbcType="CHAR" property="entryUserId" />
    <result column="update_date" jdbcType="TIMESTAMP" property="updateDate" />
    <result column="update_user_id" jdbcType="CHAR" property="updateUserId" />
  </resultMap>
  <sql id="Base_Column_List">
    kenmei_id, kenmei_cd, kenmei_nm, tekiyo_start_ymd, tekiyo_end_ymd, renkei_status, 
    entry_date, entry_user_id, update_date, update_user_id
  </sql>
  <select id="selectByPrimaryKey" parameterType="java.lang.Long" resultMap="BaseResultMap">
    select 
    <include refid="Base_Column_List" />
    from kss002
    where kenmei_id = #{kenmeiId,jdbcType=NUMERIC}
  </select>
  <delete id="deleteByPrimaryKey" parameterType="java.lang.Long">
    delete from kss002
    where kenmei_id = #{kenmeiId,jdbcType=NUMERIC}
  </delete>
  <insert id="insert" parameterType="jp.co.nsd.nkssweb.dao.Kss002">
    insert into kss002 (kenmei_id, kenmei_cd, kenmei_nm, 
      tekiyo_start_ymd, tekiyo_end_ymd, renkei_status, 
      entry_date, entry_user_id, update_date, 
      update_user_id)
    values (#{kenmeiId,jdbcType=NUMERIC}, #{kenmeiCd,jdbcType=CHAR}, #{kenmeiNm,jdbcType=VARCHAR}, 
      #{tekiyoStartYmd,jdbcType=DATE}, #{tekiyoEndYmd,jdbcType=DATE}, #{renkeiStatus,jdbcType=CHAR}, 
      #{entryDate,jdbcType=TIMESTAMP}, #{entryUserId,jdbcType=CHAR}, #{updateDate,jdbcType=TIMESTAMP}, 
      #{updateUserId,jdbcType=CHAR})
  </insert>
  <insert id="insertSelective" parameterType="jp.co.nsd.nkssweb.dao.Kss002">
    insert into kss002
    <trim prefix="(" suffix=")" suffixOverrides=",">
      <if test="kenmeiId != null">
        kenmei_id,
      </if>
      <if test="kenmeiCd != null">
        kenmei_cd,
      </if>
      <if test="kenmeiNm != null">
        kenmei_nm,
      </if>
      <if test="tekiyoStartYmd != null">
        tekiyo_start_ymd,
      </if>
      <if test="tekiyoEndYmd != null">
        tekiyo_end_ymd,
      </if>
      <if test="renkeiStatus != null">
        renkei_status,
      </if>
      <if test="entryDate != null">
        entry_date,
      </if>
      <if test="entryUserId != null">
        entry_user_id,
      </if>
      <if test="updateDate != null">
        update_date,
      </if>
      <if test="updateUserId != null">
        update_user_id,
      </if>
    </trim>
    <trim prefix="values (" suffix=")" suffixOverrides=",">
      <if test="kenmeiId != null">
        #{kenmeiId,jdbcType=NUMERIC},
      </if>
      <if test="kenmeiCd != null">
        #{kenmeiCd,jdbcType=CHAR},
      </if>
      <if test="kenmeiNm != null">
        #{kenmeiNm,jdbcType=VARCHAR},
      </if>
      <if test="tekiyoStartYmd != null">
        #{tekiyoStartYmd,jdbcType=DATE},
      </if>
      <if test="tekiyoEndYmd != null">
        #{tekiyoEndYmd,jdbcType=DATE},
      </if>
      <if test="renkeiStatus != null">
        #{renkeiStatus,jdbcType=CHAR},
      </if>
      <if test="entryDate != null">
        #{entryDate,jdbcType=TIMESTAMP},
      </if>
      <if test="entryUserId != null">
        #{entryUserId,jdbcType=CHAR},
      </if>
      <if test="updateDate != null">
        #{updateDate,jdbcType=TIMESTAMP},
      </if>
      <if test="updateUserId != null">
        #{updateUserId,jdbcType=CHAR},
      </if>
    </trim>
  </insert>
  <update id="updateByPrimaryKeySelective" parameterType="jp.co.nsd.nkssweb.dao.Kss002">
    update kss002
    <set>
      <if test="kenmeiCd != null">
        kenmei_cd = #{kenmeiCd,jdbcType=CHAR},
      </if>
      <if test="kenmeiNm != null">
        kenmei_nm = #{kenmeiNm,jdbcType=VARCHAR},
      </if>
      <if test="tekiyoStartYmd != null">
        tekiyo_start_ymd = #{tekiyoStartYmd,jdbcType=DATE},
      </if>
      <if test="tekiyoEndYmd != null">
        tekiyo_end_ymd = #{tekiyoEndYmd,jdbcType=DATE},
      </if>
      <if test="renkeiStatus != null">
        renkei_status = #{renkeiStatus,jdbcType=CHAR},
      </if>
      <if test="entryDate != null">
        entry_date = #{entryDate,jdbcType=TIMESTAMP},
      </if>
      <if test="entryUserId != null">
        entry_user_id = #{entryUserId,jdbcType=CHAR},
      </if>
      <if test="updateDate != null">
        update_date = #{updateDate,jdbcType=TIMESTAMP},
      </if>
      <if test="updateUserId != null">
        update_user_id = #{updateUserId,jdbcType=CHAR},
      </if>
    </set>
    where kenmei_id = #{kenmeiId,jdbcType=NUMERIC}
  </update>
  <update id="updateByPrimaryKey" parameterType="jp.co.nsd.nkssweb.dao.Kss002">
    update kss002
    set kenmei_cd = #{kenmeiCd,jdbcType=CHAR},
      kenmei_nm = #{kenmeiNm,jdbcType=VARCHAR},
      tekiyo_start_ymd = #{tekiyoStartYmd,jdbcType=DATE},
      tekiyo_end_ymd = #{tekiyoEndYmd,jdbcType=DATE},
      renkei_status = #{renkeiStatus,jdbcType=CHAR},
      entry_date = #{entryDate,jdbcType=TIMESTAMP},
      entry_user_id = #{entryUserId,jdbcType=CHAR},
      update_date = #{updateDate,jdbcType=TIMESTAMP},
      update_user_id = #{updateUserId,jdbcType=CHAR}
    where kenmei_id = #{kenmeiId,jdbcType=NUMERIC}
  </update>
</mapper>