<?xml version="1.0" encoding="UTF-8"?>
<!DOCTYPE mapper PUBLIC "-//mybatis.org//DTD Mapper 3.0//EN" "http://mybatis.org/dtd/mybatis-3-mapper.dtd">
<mapper namespace="jp.co.nsd.nkssweb.dao.mapper.Kss005Mapper">
  <resultMap id="BaseResultMap" type="jp.co.nsd.nkssweb.dao.Kss005">
    <id column="seisan_sho_id" jdbcType="CHAR" property="seisanShoId" />
    <id column="kotei_shisan_id" jdbcType="CHAR" property="koteiShisanId" />
    <result column="oya_kotei_shisan_no" jdbcType="CHAR" property="oyaKoteiShisanNo" />
    <result column="oya_kotei_shisan_eda" jdbcType="CHAR" property="oyaKoteiShisanEda" />
    <result column="shutoku_ymd" jdbcType="DATE" property="shutokuYmd" />
    <result column="kotei_shisan_nm" jdbcType="VARCHAR" property="koteiShisanNm" />
    <result column="shurui_cd" jdbcType="CHAR" property="shuruiCd" />
    <result column="kouzou_cd" jdbcType="CHAR" property="kouzouCd" />
    <result column="shisan_tani_cd" jdbcType="CHAR" property="shisanTaniCd" />
    <result column="kamoku_cd_1" jdbcType="CHAR" property="kamokuCd1" />
    <result column="kamoku_cd_2" jdbcType="CHAR" property="kamokuCd2" />
    <result column="kamoku_cd_3" jdbcType="CHAR" property="kamokuCd3" />
    <result column="jita_shisan_kbn" jdbcType="CHAR" property="jitaShisanKbn" />
    <result column="torihiki_saki_cd" jdbcType="CHAR" property="torihikiSakiCd" />
    <result column="seizo_kaisha_nm" jdbcType="VARCHAR" property="seizoKaishaNm" />
    <result column="seihin_nm" jdbcType="VARCHAR" property="seihinNm" />
    <result column="kataban" jdbcType="VARCHAR" property="kataban" />
    <result column="suryo" jdbcType="NUMERIC" property="suryo" />
    <result column="tani_cd" jdbcType="CHAR" property="taniCd" />
    <result column="buppin_gaku" jdbcType="NUMERIC" property="buppinGaku" />
    <result column="kouhi_gaku" jdbcType="NUMERIC" property="kouhiGaku" />
    <result column="sou_keihi_gaku" jdbcType="NUMERIC" property="souKeihiGaku" />
    <result column="kanri_soshiki_cd" jdbcType="CHAR" property="kanriSoshikiCd" />
    <result column="kanri_tekiyo_start_ymd" jdbcType="DATE" property="kanriTekiyoStartYmd" />
    <result column="futan_soshiki_cd" jdbcType="CHAR" property="futanSoshikiCd" />
    <result column="futan_tekiyo_start_ymd" jdbcType="DATE" property="futanTekiyoStartYmd" />
    <result column="sechi_basho_cd" jdbcType="CHAR" property="sechiBashoCd" />
    <result column="shutoku_riyu_cd" jdbcType="CHAR" property="shutokuRiyuCd" />
    <result column="taiyo_nensu_sho" jdbcType="NUMERIC" property="taiyoNensuSho" />
    <result column="taiyo_nensu_zei" jdbcType="NUMERIC" property="taiyoNensuZei" />
    <result column="tekiyo_1" jdbcType="VARCHAR" property="tekiyo1" />
    <result column="tekiyo_2" jdbcType="VARCHAR" property="tekiyo2" />
    <result column="tekiyo_3" jdbcType="VARCHAR" property="tekiyo3" />
    <result column="tekiyo_4" jdbcType="VARCHAR" property="tekiyo4" />
    <result column="tekiyo_5" jdbcType="VARCHAR" property="tekiyo5" />
    <result column="koji_tanto_user_nm" jdbcType="VARCHAR" property="kojiTantoUserNm" />
    <result column="koji_tanto_soshiki_cd" jdbcType="VARCHAR" property="kojiTantoSoshikiCd" />
    <result column="bibo_kagaku_zei" jdbcType="NUMERIC" property="biboKagakuZei" />
    <result column="bibo_kagaku_sho" jdbcType="NUMERIC" property="biboKagakuSho" />
    <result column="shokyaku_gendo_zei" jdbcType="NUMERIC" property="shokyakuGendoZei" />
    <result column="shokyaku_gendo_sho" jdbcType="NUMERIC" property="shokyakuGendoSho" />
    <result column="syokyaku_hoho_zei" jdbcType="CHAR" property="syokyakuHohoZei" />
    <result column="syokyaku_hoho_sho" jdbcType="CHAR" property="syokyakuHohoSho" />
    <result column="zanzon_ritsu_zei" jdbcType="NUMERIC" property="zanzonRitsuZei" />
    <result column="zanzon_ritsu_sho" jdbcType="NUMERIC" property="zanzonRitsuSho" />
    <result column="shinkoku_saki_cd" jdbcType="CHAR" property="shinkokuSakiCd" />
    <result column="shinkoku_shurui_cd" jdbcType="CHAR" property="shinkokuShuruiCd" />
    <result column="torihiki_saki_tekiyo_ymd" jdbcType="DATE" property="torihikiSakiTekiyoYmd" />
    <result column="shokyaku_shisan_kbn" jdbcType="CHAR" property="shokyakuShisanKbn" />
    <result column="renkei_yohi_flg" jdbcType="CHAR" property="renkeiYohiFlg" />
    <result column="ichiji_shokyaku_sho" jdbcType="NUMERIC" property="ichijiShokyakuSho" />
    <result column="ichiji_shokyaku_zei" jdbcType="NUMERIC" property="ichijiShokyakuZei" />
    <result column="chinpu_kagaku_zei" jdbcType="NUMERIC" property="chinpuKagakuZei" />
    <result column="chinpu_kagaku_sho" jdbcType="NUMERIC" property="chinpuKagakuSho" />
    <result column="wari_shokyaku_gaku_sho" jdbcType="NUMERIC" property="wariShokyakuGakuSho" />
    <result column="wari_shokyaku_gaku_zei" jdbcType="NUMERIC" property="wariShokyakuGakuZei" />
    <result column="zoka_shokyaku_gaku_sho" jdbcType="NUMERIC" property="zokaShokyakuGakuSho" />
    <result column="zoka_shokyaku_gaku_zei" jdbcType="NUMERIC" property="zokaShokyakuGakuZei" />
    <result column="genshi_shutoku_kagaku" jdbcType="NUMERIC" property="genshiShutokuKagaku" />
    <result column="shinkoku_shutoku_kagaku" jdbcType="NUMERIC" property="shinkokuShutokuKagaku" />
    <result column="shokyaku_kbn_sho" jdbcType="CHAR" property="shokyakuKbnSho" />
    <result column="shokyaku_kbn_zei" jdbcType="CHAR" property="shokyakuKbnZei" />
    <result column="saishu_zanzon_ritsu_sho" jdbcType="NUMERIC" property="saishuZanzonRitsuSho" />
    <result column="saishu_zanzon_ritsu_zei" jdbcType="NUMERIC" property="saishuZanzonRitsuZei" />
    <result column="futan_ritsu" jdbcType="NUMERIC" property="futanRitsu" />
    <result column="shokyaku_kamoku_uchi_cd" jdbcType="CHAR" property="shokyakuKamokuUchiCd" />
    <result column="shonendo_shokyaku_hoho" jdbcType="CHAR" property="shonendoShokyakuHoho" />
    <result column="ruikei_kamoku_uchi_cd" jdbcType="CHAR" property="ruikeiKamokuUchiCd" />
    <result column="setsubi_hozen_kanri_no" jdbcType="CHAR" property="setsubiHozenKanriNo" />
    <result column="city_cd" jdbcType="CHAR" property="cityCd" />
    <result column="shisetsu_cd" jdbcType="CHAR" property="shisetsuCd" />
    <result column="group_cd" jdbcType="CHAR" property="groupCd" />
    <result column="komoku_01" jdbcType="NUMERIC" property="komoku01" />
    <result column="komoku_02" jdbcType="NUMERIC" property="komoku02" />
    <result column="komoku_03" jdbcType="NUMERIC" property="komoku03" />
    <result column="komoku_04" jdbcType="NUMERIC" property="komoku04" />
    <result column="komoku_05" jdbcType="NUMERIC" property="komoku05" />
    <result column="komoku_06" jdbcType="CHAR" property="komoku06" />
    <result column="komoku_07" jdbcType="CHAR" property="komoku07" />
    <result column="komoku_08" jdbcType="CHAR" property="komoku08" />
    <result column="komoku_09" jdbcType="CHAR" property="komoku09" />
    <result column="komoku_10" jdbcType="CHAR" property="komoku10" />
    <result column="komoku_11" jdbcType="VARCHAR" property="komoku11" />
    <result column="komoku_12" jdbcType="VARCHAR" property="komoku12" />
    <result column="komoku_13" jdbcType="VARCHAR" property="komoku13" />
    <result column="komoku_14" jdbcType="VARCHAR" property="komoku14" />
    <result column="komoku_15" jdbcType="VARCHAR" property="komoku15" />
    <result column="entry_date" jdbcType="TIMESTAMP" property="entryDate" />
    <result column="entry_user_id" jdbcType="CHAR" property="entryUserId" />
    <result column="update_date" jdbcType="TIMESTAMP" property="updateDate" />
    <result column="update_user_id" jdbcType="CHAR" property="updateUserId" />
  </resultMap>
  <sql id="Base_Column_List">
    seisan_sho_id, kotei_shisan_id, oya_kotei_shisan_no, oya_kotei_shisan_eda, shutoku_ymd, 
    kotei_shisan_nm, shurui_cd, kouzou_cd, shisan_tani_cd, kamoku_cd_1, kamoku_cd_2, 
    kamoku_cd_3, jita_shisan_kbn, torihiki_saki_cd, seizo_kaisha_nm, seihin_nm, kataban, 
    suryo, tani_cd, buppin_gaku, kouhi_gaku, sou_keihi_gaku, kanri_soshiki_cd, kanri_tekiyo_start_ymd, 
    futan_soshiki_cd, futan_tekiyo_start_ymd, sechi_basho_cd, shutoku_riyu_cd, taiyo_nensu_sho, 
    taiyo_nensu_zei, tekiyo_1, tekiyo_2, tekiyo_3, tekiyo_4, tekiyo_5, koji_tanto_user_nm, 
    koji_tanto_soshiki_cd, bibo_kagaku_zei, bibo_kagaku_sho, shokyaku_gendo_zei, shokyaku_gendo_sho, 
    syokyaku_hoho_zei, syokyaku_hoho_sho, zanzon_ritsu_zei, zanzon_ritsu_sho, shinkoku_saki_cd, 
    shinkoku_shurui_cd, torihiki_saki_tekiyo_ymd, shokyaku_shisan_kbn, renkei_yohi_flg, 
    ichiji_shokyaku_sho, ichiji_shokyaku_zei, chinpu_kagaku_zei, chinpu_kagaku_sho, wari_shokyaku_gaku_sho, 
    wari_shokyaku_gaku_zei, zoka_shokyaku_gaku_sho, zoka_shokyaku_gaku_zei, genshi_shutoku_kagaku, 
    shinkoku_shutoku_kagaku, shokyaku_kbn_sho, shokyaku_kbn_zei, saishu_zanzon_ritsu_sho, 
    saishu_zanzon_ritsu_zei, futan_ritsu, shokyaku_kamoku_uchi_cd, shonendo_shokyaku_hoho, 
    ruikei_kamoku_uchi_cd, setsubi_hozen_kanri_no, city_cd, shisetsu_cd, group_cd, komoku_01, 
    komoku_02, komoku_03, komoku_04, komoku_05, komoku_06, komoku_07, komoku_08, komoku_09, 
    komoku_10, komoku_11, komoku_12, komoku_13, komoku_14, komoku_15, entry_date, entry_user_id, 
    update_date, update_user_id
  </sql>
  <select id="selectByPrimaryKey" parameterType="jp.co.nsd.nkssweb.dao.Kss005Key" resultMap="BaseResultMap">
    select 
    <include refid="Base_Column_List" />
    from kss005
    where seisan_sho_id = #{seisanShoId,jdbcType=CHAR}
      and kotei_shisan_id = #{koteiShisanId,jdbcType=CHAR}
  </select>
  <delete id="deleteByPrimaryKey" parameterType="jp.co.nsd.nkssweb.dao.Kss005Key">
    delete from kss005
    where seisan_sho_id = #{seisanShoId,jdbcType=CHAR}
      and kotei_shisan_id = #{koteiShisanId,jdbcType=CHAR}
  </delete>
  <insert id="insert" parameterType="jp.co.nsd.nkssweb.dao.Kss005">
    insert into kss005 (seisan_sho_id, kotei_shisan_id, oya_kotei_shisan_no, 
      oya_kotei_shisan_eda, shutoku_ymd, kotei_shisan_nm, 
      shurui_cd, kouzou_cd, shisan_tani_cd, 
      kamoku_cd_1, kamoku_cd_2, kamoku_cd_3, 
      jita_shisan_kbn, torihiki_saki_cd, seizo_kaisha_nm, 
      seihin_nm, kataban, suryo, 
      tani_cd, buppin_gaku, kouhi_gaku, 
      sou_keihi_gaku, kanri_soshiki_cd, kanri_tekiyo_start_ymd, 
      futan_soshiki_cd, futan_tekiyo_start_ymd, sechi_basho_cd, 
      shutoku_riyu_cd, taiyo_nensu_sho, taiyo_nensu_zei, 
      tekiyo_1, tekiyo_2, tekiyo_3, 
      tekiyo_4, tekiyo_5, koji_tanto_user_nm, 
      koji_tanto_soshiki_cd, bibo_kagaku_zei, bibo_kagaku_sho, 
      shokyaku_gendo_zei, shokyaku_gendo_sho, syokyaku_hoho_zei, 
      syokyaku_hoho_sho, zanzon_ritsu_zei, zanzon_ritsu_sho, 
      shinkoku_saki_cd, shinkoku_shurui_cd, torihiki_saki_tekiyo_ymd, 
      shokyaku_shisan_kbn, renkei_yohi_flg, ichiji_shokyaku_sho, 
      ichiji_shokyaku_zei, chinpu_kagaku_zei, chinpu_kagaku_sho, 
      wari_shokyaku_gaku_sho, wari_shokyaku_gaku_zei, 
      zoka_shokyaku_gaku_sho, zoka_shokyaku_gaku_zei, 
      genshi_shutoku_kagaku, shinkoku_shutoku_kagaku, 
      shokyaku_kbn_sho, shokyaku_kbn_zei, saishu_zanzon_ritsu_sho, 
      saishu_zanzon_ritsu_zei, futan_ritsu, shokyaku_kamoku_uchi_cd, 
      shonendo_shokyaku_hoho, ruikei_kamoku_uchi_cd, setsubi_hozen_kanri_no, 
      city_cd, shisetsu_cd, group_cd, 
      komoku_01, komoku_02, komoku_03, 
      komoku_04, komoku_05, komoku_06, 
      komoku_07, komoku_08, komoku_09, 
      komoku_10, komoku_11, komoku_12, 
      komoku_13, komoku_14, komoku_15, 
      entry_date, entry_user_id, update_date, 
      update_user_id)
    values (#{seisanShoId,jdbcType=CHAR}, #{koteiShisanId,jdbcType=CHAR}, #{oyaKoteiShisanNo,jdbcType=CHAR}, 
      #{oyaKoteiShisanEda,jdbcType=CHAR}, #{shutokuYmd,jdbcType=DATE}, #{koteiShisanNm,jdbcType=VARCHAR}, 
      #{shuruiCd,jdbcType=CHAR}, #{kouzouCd,jdbcType=CHAR}, #{shisanTaniCd,jdbcType=CHAR}, 
      #{kamokuCd1,jdbcType=CHAR}, #{kamokuCd2,jdbcType=CHAR}, #{kamokuCd3,jdbcType=CHAR}, 
      #{jitaShisanKbn,jdbcType=CHAR}, #{torihikiSakiCd,jdbcType=CHAR}, #{seizoKaishaNm,jdbcType=VARCHAR}, 
      #{seihinNm,jdbcType=VARCHAR}, #{kataban,jdbcType=VARCHAR}, #{suryo,jdbcType=NUMERIC}, 
      #{taniCd,jdbcType=CHAR}, #{buppinGaku,jdbcType=NUMERIC}, #{kouhiGaku,jdbcType=NUMERIC}, 
      #{souKeihiGaku,jdbcType=NUMERIC}, #{kanriSoshikiCd,jdbcType=CHAR}, #{kanriTekiyoStartYmd,jdbcType=DATE}, 
      #{futanSoshikiCd,jdbcType=CHAR}, #{futanTekiyoStartYmd,jdbcType=DATE}, #{sechiBashoCd,jdbcType=CHAR}, 
      #{shutokuRiyuCd,jdbcType=CHAR}, #{taiyoNensuSho,jdbcType=NUMERIC}, #{taiyoNensuZei,jdbcType=NUMERIC}, 
      #{tekiyo1,jdbcType=VARCHAR}, #{tekiyo2,jdbcType=VARCHAR}, #{tekiyo3,jdbcType=VARCHAR}, 
      #{tekiyo4,jdbcType=VARCHAR}, #{tekiyo5,jdbcType=VARCHAR}, #{kojiTantoUserNm,jdbcType=VARCHAR}, 
      #{kojiTantoSoshikiCd,jdbcType=VARCHAR}, #{biboKagakuZei,jdbcType=NUMERIC}, #{biboKagakuSho,jdbcType=NUMERIC}, 
      #{shokyakuGendoZei,jdbcType=NUMERIC}, #{shokyakuGendoSho,jdbcType=NUMERIC}, #{syokyakuHohoZei,jdbcType=CHAR}, 
      #{syokyakuHohoSho,jdbcType=CHAR}, #{zanzonRitsuZei,jdbcType=NUMERIC}, #{zanzonRitsuSho,jdbcType=NUMERIC}, 
      #{shinkokuSakiCd,jdbcType=CHAR}, #{shinkokuShuruiCd,jdbcType=CHAR}, #{torihikiSakiTekiyoYmd,jdbcType=DATE}, 
      #{shokyakuShisanKbn,jdbcType=CHAR}, #{renkeiYohiFlg,jdbcType=CHAR}, #{ichijiShokyakuSho,jdbcType=NUMERIC}, 
      #{ichijiShokyakuZei,jdbcType=NUMERIC}, #{chinpuKagakuZei,jdbcType=NUMERIC}, #{chinpuKagakuSho,jdbcType=NUMERIC}, 
      #{wariShokyakuGakuSho,jdbcType=NUMERIC}, #{wariShokyakuGakuZei,jdbcType=NUMERIC}, 
      #{zokaShokyakuGakuSho,jdbcType=NUMERIC}, #{zokaShokyakuGakuZei,jdbcType=NUMERIC}, 
      #{genshiShutokuKagaku,jdbcType=NUMERIC}, #{shinkokuShutokuKagaku,jdbcType=NUMERIC}, 
      #{shokyakuKbnSho,jdbcType=CHAR}, #{shokyakuKbnZei,jdbcType=CHAR}, #{saishuZanzonRitsuSho,jdbcType=NUMERIC}, 
      #{saishuZanzonRitsuZei,jdbcType=NUMERIC}, #{futanRitsu,jdbcType=NUMERIC}, #{shokyakuKamokuUchiCd,jdbcType=CHAR}, 
      #{shonendoShokyakuHoho,jdbcType=CHAR}, #{ruikeiKamokuUchiCd,jdbcType=CHAR}, #{setsubiHozenKanriNo,jdbcType=CHAR}, 
      #{cityCd,jdbcType=CHAR}, #{shisetsuCd,jdbcType=CHAR}, #{groupCd,jdbcType=CHAR}, 
      #{komoku01,jdbcType=NUMERIC}, #{komoku02,jdbcType=NUMERIC}, #{komoku03,jdbcType=NUMERIC}, 
      #{komoku04,jdbcType=NUMERIC}, #{komoku05,jdbcType=NUMERIC}, #{komoku06,jdbcType=CHAR}, 
      #{komoku07,jdbcType=CHAR}, #{komoku08,jdbcType=CHAR}, #{komoku09,jdbcType=CHAR}, 
      #{komoku10,jdbcType=CHAR}, #{komoku11,jdbcType=VARCHAR}, #{komoku12,jdbcType=VARCHAR}, 
      #{komoku13,jdbcType=VARCHAR}, #{komoku14,jdbcType=VARCHAR}, #{komoku15,jdbcType=VARCHAR}, 
      #{entryDate,jdbcType=TIMESTAMP}, #{entryUserId,jdbcType=CHAR}, #{updateDate,jdbcType=TIMESTAMP}, 
      #{updateUserId,jdbcType=CHAR})
  </insert>
  <insert id="insertSelective" parameterType="jp.co.nsd.nkssweb.dao.Kss005">
    insert into kss005
    <trim prefix="(" suffix=")" suffixOverrides=",">
      <if test="seisanShoId != null">
        seisan_sho_id,
      </if>
      <if test="koteiShisanId != null">
        kotei_shisan_id,
      </if>
      <if test="oyaKoteiShisanNo != null">
        oya_kotei_shisan_no,
      </if>
      <if test="oyaKoteiShisanEda != null">
        oya_kotei_shisan_eda,
      </if>
      <if test="shutokuYmd != null">
        shutoku_ymd,
      </if>
      <if test="koteiShisanNm != null">
        kotei_shisan_nm,
      </if>
      <if test="shuruiCd != null">
        shurui_cd,
      </if>
      <if test="kouzouCd != null">
        kouzou_cd,
      </if>
      <if test="shisanTaniCd != null">
        shisan_tani_cd,
      </if>
      <if test="kamokuCd1 != null">
        kamoku_cd_1,
      </if>
      <if test="kamokuCd2 != null">
        kamoku_cd_2,
      </if>
      <if test="kamokuCd3 != null">
        kamoku_cd_3,
      </if>
      <if test="jitaShisanKbn != null">
        jita_shisan_kbn,
      </if>
      <if test="torihikiSakiCd != null">
        torihiki_saki_cd,
      </if>
      <if test="seizoKaishaNm != null">
        seizo_kaisha_nm,
      </if>
      <if test="seihinNm != null">
        seihin_nm,
      </if>
      <if test="kataban != null">
        kataban,
      </if>
      <if test="suryo != null">
        suryo,
      </if>
      <if test="taniCd != null">
        tani_cd,
      </if>
      <if test="buppinGaku != null">
        buppin_gaku,
      </if>
      <if test="kouhiGaku != null">
        kouhi_gaku,
      </if>
      <if test="souKeihiGaku != null">
        sou_keihi_gaku,
      </if>
      <if test="kanriSoshikiCd != null">
        kanri_soshiki_cd,
      </if>
      <if test="kanriTekiyoStartYmd != null">
        kanri_tekiyo_start_ymd,
      </if>
      <if test="futanSoshikiCd != null">
        futan_soshiki_cd,
      </if>
      <if test="futanTekiyoStartYmd != null">
        futan_tekiyo_start_ymd,
      </if>
      <if test="sechiBashoCd != null">
        sechi_basho_cd,
      </if>
      <if test="shutokuRiyuCd != null">
        shutoku_riyu_cd,
      </if>
      <if test="taiyoNensuSho != null">
        taiyo_nensu_sho,
      </if>
      <if test="taiyoNensuZei != null">
        taiyo_nensu_zei,
      </if>
      <if test="tekiyo1 != null">
        tekiyo_1,
      </if>
      <if test="tekiyo2 != null">
        tekiyo_2,
      </if>
      <if test="tekiyo3 != null">
        tekiyo_3,
      </if>
      <if test="tekiyo4 != null">
        tekiyo_4,
      </if>
      <if test="tekiyo5 != null">
        tekiyo_5,
      </if>
      <if test="kojiTantoUserNm != null">
        koji_tanto_user_nm,
      </if>
      <if test="kojiTantoSoshikiCd != null">
        koji_tanto_soshiki_cd,
      </if>
      <if test="biboKagakuZei != null">
        bibo_kagaku_zei,
      </if>
      <if test="biboKagakuSho != null">
        bibo_kagaku_sho,
      </if>
      <if test="shokyakuGendoZei != null">
        shokyaku_gendo_zei,
      </if>
      <if test="shokyakuGendoSho != null">
        shokyaku_gendo_sho,
      </if>
      <if test="syokyakuHohoZei != null">
        syokyaku_hoho_zei,
      </if>
      <if test="syokyakuHohoSho != null">
        syokyaku_hoho_sho,
      </if>
      <if test="zanzonRitsuZei != null">
        zanzon_ritsu_zei,
      </if>
      <if test="zanzonRitsuSho != null">
        zanzon_ritsu_sho,
      </if>
      <if test="shinkokuSakiCd != null">
        shinkoku_saki_cd,
      </if>
      <if test="shinkokuShuruiCd != null">
        shinkoku_shurui_cd,
      </if>
      <if test="torihikiSakiTekiyoYmd != null">
        torihiki_saki_tekiyo_ymd,
      </if>
      <if test="shokyakuShisanKbn != null">
        shokyaku_shisan_kbn,
      </if>
      <if test="renkeiYohiFlg != null">
        renkei_yohi_flg,
      </if>
      <if test="ichijiShokyakuSho != null">
        ichiji_shokyaku_sho,
      </if>
      <if test="ichijiShokyakuZei != null">
        ichiji_shokyaku_zei,
      </if>
      <if test="chinpuKagakuZei != null">
        chinpu_kagaku_zei,
      </if>
      <if test="chinpuKagakuSho != null">
        chinpu_kagaku_sho,
      </if>
      <if test="wariShokyakuGakuSho != null">
        wari_shokyaku_gaku_sho,
      </if>
      <if test="wariShokyakuGakuZei != null">
        wari_shokyaku_gaku_zei,
      </if>
      <if test="zokaShokyakuGakuSho != null">
        zoka_shokyaku_gaku_sho,
      </if>
      <if test="zokaShokyakuGakuZei != null">
        zoka_shokyaku_gaku_zei,
      </if>
      <if test="genshiShutokuKagaku != null">
        genshi_shutoku_kagaku,
      </if>
      <if test="shinkokuShutokuKagaku != null">
        shinkoku_shutoku_kagaku,
      </if>
      <if test="shokyakuKbnSho != null">
        shokyaku_kbn_sho,
      </if>
      <if test="shokyakuKbnZei != null">
        shokyaku_kbn_zei,
      </if>
      <if test="saishuZanzonRitsuSho != null">
        saishu_zanzon_ritsu_sho,
      </if>
      <if test="saishuZanzonRitsuZei != null">
        saishu_zanzon_ritsu_zei,
      </if>
      <if test="futanRitsu != null">
        futan_ritsu,
      </if>
      <if test="shokyakuKamokuUchiCd != null">
        shokyaku_kamoku_uchi_cd,
      </if>
      <if test="shonendoShokyakuHoho != null">
        shonendo_shokyaku_hoho,
      </if>
      <if test="ruikeiKamokuUchiCd != null">
        ruikei_kamoku_uchi_cd,
      </if>
      <if test="setsubiHozenKanriNo != null">
        setsubi_hozen_kanri_no,
      </if>
      <if test="cityCd != null">
        city_cd,
      </if>
      <if test="shisetsuCd != null">
        shisetsu_cd,
      </if>
      <if test="groupCd != null">
        group_cd,
      </if>
      <if test="komoku01 != null">
        komoku_01,
      </if>
      <if test="komoku02 != null">
        komoku_02,
      </if>
      <if test="komoku03 != null">
        komoku_03,
      </if>
      <if test="komoku04 != null">
        komoku_04,
      </if>
      <if test="komoku05 != null">
        komoku_05,
      </if>
      <if test="komoku06 != null">
        komoku_06,
      </if>
      <if test="komoku07 != null">
        komoku_07,
      </if>
      <if test="komoku08 != null">
        komoku_08,
      </if>
      <if test="komoku09 != null">
        komoku_09,
      </if>
      <if test="komoku10 != null">
        komoku_10,
      </if>
      <if test="komoku11 != null">
        komoku_11,
      </if>
      <if test="komoku12 != null">
        komoku_12,
      </if>
      <if test="komoku13 != null">
        komoku_13,
      </if>
      <if test="komoku14 != null">
        komoku_14,
      </if>
      <if test="komoku15 != null">
        komoku_15,
      </if>
      <if test="entryDate != null">
        entry_date,
      </if>
      <if test="entryUserId != null">
        entry_user_id,
      </if>
      <if test="updateDate != null">
        update_date,
      </if>
      <if test="updateUserId != null">
        update_user_id,
      </if>
    </trim>
    <trim prefix="values (" suffix=")" suffixOverrides=",">
      <if test="seisanShoId != null">
        #{seisanShoId,jdbcType=CHAR},
      </if>
      <if test="koteiShisanId != null">
        #{koteiShisanId,jdbcType=CHAR},
      </if>
      <if test="oyaKoteiShisanNo != null">
        #{oyaKoteiShisanNo,jdbcType=CHAR},
      </if>
      <if test="oyaKoteiShisanEda != null">
        #{oyaKoteiShisanEda,jdbcType=CHAR},
      </if>
      <if test="shutokuYmd != null">
        #{shutokuYmd,jdbcType=DATE},
      </if>
      <if test="koteiShisanNm != null">
        #{koteiShisanNm,jdbcType=VARCHAR},
      </if>
      <if test="shuruiCd != null">
        #{shuruiCd,jdbcType=CHAR},
      </if>
      <if test="kouzouCd != null">
        #{kouzouCd,jdbcType=CHAR},
      </if>
      <if test="shisanTaniCd != null">
        #{shisanTaniCd,jdbcType=CHAR},
      </if>
      <if test="kamokuCd1 != null">
        #{kamokuCd1,jdbcType=CHAR},
      </if>
      <if test="kamokuCd2 != null">
        #{kamokuCd2,jdbcType=CHAR},
      </if>
      <if test="kamokuCd3 != null">
        #{kamokuCd3,jdbcType=CHAR},
      </if>
      <if test="jitaShisanKbn != null">
        #{jitaShisanKbn,jdbcType=CHAR},
      </if>
      <if test="torihikiSakiCd != null">
        #{torihikiSakiCd,jdbcType=CHAR},
      </if>
      <if test="seizoKaishaNm != null">
        #{seizoKaishaNm,jdbcType=VARCHAR},
      </if>
      <if test="seihinNm != null">
        #{seihinNm,jdbcType=VARCHAR},
      </if>
      <if test="kataban != null">
        #{kataban,jdbcType=VARCHAR},
      </if>
      <if test="suryo != null">
        #{suryo,jdbcType=NUMERIC},
      </if>
      <if test="taniCd != null">
        #{taniCd,jdbcType=CHAR},
      </if>
      <if test="buppinGaku != null">
        #{buppinGaku,jdbcType=NUMERIC},
      </if>
      <if test="kouhiGaku != null">
        #{kouhiGaku,jdbcType=NUMERIC},
      </if>
      <if test="souKeihiGaku != null">
        #{souKeihiGaku,jdbcType=NUMERIC},
      </if>
      <if test="kanriSoshikiCd != null">
        #{kanriSoshikiCd,jdbcType=CHAR},
      </if>
      <if test="kanriTekiyoStartYmd != null">
        #{kanriTekiyoStartYmd,jdbcType=DATE},
      </if>
      <if test="futanSoshikiCd != null">
        #{futanSoshikiCd,jdbcType=CHAR},
      </if>
      <if test="futanTekiyoStartYmd != null">
        #{futanTekiyoStartYmd,jdbcType=DATE},
      </if>
      <if test="sechiBashoCd != null">
        #{sechiBashoCd,jdbcType=CHAR},
      </if>
      <if test="shutokuRiyuCd != null">
        #{shutokuRiyuCd,jdbcType=CHAR},
      </if>
      <if test="taiyoNensuSho != null">
        #{taiyoNensuSho,jdbcType=NUMERIC},
      </if>
      <if test="taiyoNensuZei != null">
        #{taiyoNensuZei,jdbcType=NUMERIC},
      </if>
      <if test="tekiyo1 != null">
        #{tekiyo1,jdbcType=VARCHAR},
      </if>
      <if test="tekiyo2 != null">
        #{tekiyo2,jdbcType=VARCHAR},
      </if>
      <if test="tekiyo3 != null">
        #{tekiyo3,jdbcType=VARCHAR},
      </if>
      <if test="tekiyo4 != null">
        #{tekiyo4,jdbcType=VARCHAR},
      </if>
      <if test="tekiyo5 != null">
        #{tekiyo5,jdbcType=VARCHAR},
      </if>
      <if test="kojiTantoUserNm != null">
        #{kojiTantoUserNm,jdbcType=VARCHAR},
      </if>
      <if test="kojiTantoSoshikiCd != null">
        #{kojiTantoSoshikiCd,jdbcType=VARCHAR},
      </if>
      <if test="biboKagakuZei != null">
        #{biboKagakuZei,jdbcType=NUMERIC},
      </if>
      <if test="biboKagakuSho != null">
        #{biboKagakuSho,jdbcType=NUMERIC},
      </if>
      <if test="shokyakuGendoZei != null">
        #{shokyakuGendoZei,jdbcType=NUMERIC},
      </if>
      <if test="shokyakuGendoSho != null">
        #{shokyakuGendoSho,jdbcType=NUMERIC},
      </if>
      <if test="syokyakuHohoZei != null">
        #{syokyakuHohoZei,jdbcType=CHAR},
      </if>
      <if test="syokyakuHohoSho != null">
        #{syokyakuHohoSho,jdbcType=CHAR},
      </if>
      <if test="zanzonRitsuZei != null">
        #{zanzonRitsuZei,jdbcType=NUMERIC},
      </if>
      <if test="zanzonRitsuSho != null">
        #{zanzonRitsuSho,jdbcType=NUMERIC},
      </if>
      <if test="shinkokuSakiCd != null">
        #{shinkokuSakiCd,jdbcType=CHAR},
      </if>
      <if test="shinkokuShuruiCd != null">
        #{shinkokuShuruiCd,jdbcType=CHAR},
      </if>
      <if test="torihikiSakiTekiyoYmd != null">
        #{torihikiSakiTekiyoYmd,jdbcType=DATE},
      </if>
      <if test="shokyakuShisanKbn != null">
        #{shokyakuShisanKbn,jdbcType=CHAR},
      </if>
      <if test="renkeiYohiFlg != null">
        #{renkeiYohiFlg,jdbcType=CHAR},
      </if>
      <if test="ichijiShokyakuSho != null">
        #{ichijiShokyakuSho,jdbcType=NUMERIC},
      </if>
      <if test="ichijiShokyakuZei != null">
        #{ichijiShokyakuZei,jdbcType=NUMERIC},
      </if>
      <if test="chinpuKagakuZei != null">
        #{chinpuKagakuZei,jdbcType=NUMERIC},
      </if>
      <if test="chinpuKagakuSho != null">
        #{chinpuKagakuSho,jdbcType=NUMERIC},
      </if>
      <if test="wariShokyakuGakuSho != null">
        #{wariShokyakuGakuSho,jdbcType=NUMERIC},
      </if>
      <if test="wariShokyakuGakuZei != null">
        #{wariShokyakuGakuZei,jdbcType=NUMERIC},
      </if>
      <if test="zokaShokyakuGakuSho != null">
        #{zokaShokyakuGakuSho,jdbcType=NUMERIC},
      </if>
      <if test="zokaShokyakuGakuZei != null">
        #{zokaShokyakuGakuZei,jdbcType=NUMERIC},
      </if>
      <if test="genshiShutokuKagaku != null">
        #{genshiShutokuKagaku,jdbcType=NUMERIC},
      </if>
      <if test="shinkokuShutokuKagaku != null">
        #{shinkokuShutokuKagaku,jdbcType=NUMERIC},
      </if>
      <if test="shokyakuKbnSho != null">
        #{shokyakuKbnSho,jdbcType=CHAR},
      </if>
      <if test="shokyakuKbnZei != null">
        #{shokyakuKbnZei,jdbcType=CHAR},
      </if>
      <if test="saishuZanzonRitsuSho != null">
        #{saishuZanzonRitsuSho,jdbcType=NUMERIC},
      </if>
      <if test="saishuZanzonRitsuZei != null">
        #{saishuZanzonRitsuZei,jdbcType=NUMERIC},
      </if>
      <if test="futanRitsu != null">
        #{futanRitsu,jdbcType=NUMERIC},
      </if>
      <if test="shokyakuKamokuUchiCd != null">
        #{shokyakuKamokuUchiCd,jdbcType=CHAR},
      </if>
      <if test="shonendoShokyakuHoho != null">
        #{shonendoShokyakuHoho,jdbcType=CHAR},
      </if>
      <if test="ruikeiKamokuUchiCd != null">
        #{ruikeiKamokuUchiCd,jdbcType=CHAR},
      </if>
      <if test="setsubiHozenKanriNo != null">
        #{setsubiHozenKanriNo,jdbcType=CHAR},
      </if>
      <if test="cityCd != null">
        #{cityCd,jdbcType=CHAR},
      </if>
      <if test="shisetsuCd != null">
        #{shisetsuCd,jdbcType=CHAR},
      </if>
      <if test="groupCd != null">
        #{groupCd,jdbcType=CHAR},
      </if>
      <if test="komoku01 != null">
        #{komoku01,jdbcType=NUMERIC},
      </if>
      <if test="komoku02 != null">
        #{komoku02,jdbcType=NUMERIC},
      </if>
      <if test="komoku03 != null">
        #{komoku03,jdbcType=NUMERIC},
      </if>
      <if test="komoku04 != null">
        #{komoku04,jdbcType=NUMERIC},
      </if>
      <if test="komoku05 != null">
        #{komoku05,jdbcType=NUMERIC},
      </if>
      <if test="komoku06 != null">
        #{komoku06,jdbcType=CHAR},
      </if>
      <if test="komoku07 != null">
        #{komoku07,jdbcType=CHAR},
      </if>
      <if test="komoku08 != null">
        #{komoku08,jdbcType=CHAR},
      </if>
      <if test="komoku09 != null">
        #{komoku09,jdbcType=CHAR},
      </if>
      <if test="komoku10 != null">
        #{komoku10,jdbcType=CHAR},
      </if>
      <if test="komoku11 != null">
        #{komoku11,jdbcType=VARCHAR},
      </if>
      <if test="komoku12 != null">
        #{komoku12,jdbcType=VARCHAR},
      </if>
      <if test="komoku13 != null">
        #{komoku13,jdbcType=VARCHAR},
      </if>
      <if test="komoku14 != null">
        #{komoku14,jdbcType=VARCHAR},
      </if>
      <if test="komoku15 != null">
        #{komoku15,jdbcType=VARCHAR},
      </if>
      <if test="entryDate != null">
        #{entryDate,jdbcType=TIMESTAMP},
      </if>
      <if test="entryUserId != null">
        #{entryUserId,jdbcType=CHAR},
      </if>
      <if test="updateDate != null">
        #{updateDate,jdbcType=TIMESTAMP},
      </if>
      <if test="updateUserId != null">
        #{updateUserId,jdbcType=CHAR},
      </if>
    </trim>
  </insert>
  <update id="updateByPrimaryKeySelective" parameterType="jp.co.nsd.nkssweb.dao.Kss005">
    update kss005
    <set>
      <if test="oyaKoteiShisanNo != null">
        oya_kotei_shisan_no = #{oyaKoteiShisanNo,jdbcType=CHAR},
      </if>
      <if test="oyaKoteiShisanEda != null">
        oya_kotei_shisan_eda = #{oyaKoteiShisanEda,jdbcType=CHAR},
      </if>
      <if test="shutokuYmd != null">
        shutoku_ymd = #{shutokuYmd,jdbcType=DATE},
      </if>
      <if test="koteiShisanNm != null">
        kotei_shisan_nm = #{koteiShisanNm,jdbcType=VARCHAR},
      </if>
      <if test="shuruiCd != null">
        shurui_cd = #{shuruiCd,jdbcType=CHAR},
      </if>
      <if test="kouzouCd != null">
        kouzou_cd = #{kouzouCd,jdbcType=CHAR},
      </if>
      <if test="shisanTaniCd != null">
        shisan_tani_cd = #{shisanTaniCd,jdbcType=CHAR},
      </if>
      <if test="kamokuCd1 != null">
        kamoku_cd_1 = #{kamokuCd1,jdbcType=CHAR},
      </if>
      <if test="kamokuCd2 != null">
        kamoku_cd_2 = #{kamokuCd2,jdbcType=CHAR},
      </if>
      <if test="kamokuCd3 != null">
        kamoku_cd_3 = #{kamokuCd3,jdbcType=CHAR},
      </if>
      <if test="jitaShisanKbn != null">
        jita_shisan_kbn = #{jitaShisanKbn,jdbcType=CHAR},
      </if>
      <if test="torihikiSakiCd != null">
        torihiki_saki_cd = #{torihikiSakiCd,jdbcType=CHAR},
      </if>
      <if test="seizoKaishaNm != null">
        seizo_kaisha_nm = #{seizoKaishaNm,jdbcType=VARCHAR},
      </if>
      <if test="seihinNm != null">
        seihin_nm = #{seihinNm,jdbcType=VARCHAR},
      </if>
      <if test="kataban != null">
        kataban = #{kataban,jdbcType=VARCHAR},
      </if>
      <if test="suryo != null">
        suryo = #{suryo,jdbcType=NUMERIC},
      </if>
      <if test="taniCd != null">
        tani_cd = #{taniCd,jdbcType=CHAR},
      </if>
      <if test="buppinGaku != null">
        buppin_gaku = #{buppinGaku,jdbcType=NUMERIC},
      </if>
      <if test="kouhiGaku != null">
        kouhi_gaku = #{kouhiGaku,jdbcType=NUMERIC},
      </if>
      <if test="souKeihiGaku != null">
        sou_keihi_gaku = #{souKeihiGaku,jdbcType=NUMERIC},
      </if>
      <if test="kanriSoshikiCd != null">
        kanri_soshiki_cd = #{kanriSoshikiCd,jdbcType=CHAR},
      </if>
      <if test="kanriTekiyoStartYmd != null">
        kanri_tekiyo_start_ymd = #{kanriTekiyoStartYmd,jdbcType=DATE},
      </if>
      <if test="futanSoshikiCd != null">
        futan_soshiki_cd = #{futanSoshikiCd,jdbcType=CHAR},
      </if>
      <if test="futanTekiyoStartYmd != null">
        futan_tekiyo_start_ymd = #{futanTekiyoStartYmd,jdbcType=DATE},
      </if>
      <if test="sechiBashoCd != null">
        sechi_basho_cd = #{sechiBashoCd,jdbcType=CHAR},
      </if>
      <if test="shutokuRiyuCd != null">
        shutoku_riyu_cd = #{shutokuRiyuCd,jdbcType=CHAR},
      </if>
      <if test="taiyoNensuSho != null">
        taiyo_nensu_sho = #{taiyoNensuSho,jdbcType=NUMERIC},
      </if>
      <if test="taiyoNensuZei != null">
        taiyo_nensu_zei = #{taiyoNensuZei,jdbcType=NUMERIC},
      </if>
      <if test="tekiyo1 != null">
        tekiyo_1 = #{tekiyo1,jdbcType=VARCHAR},
      </if>
      <if test="tekiyo2 != null">
        tekiyo_2 = #{tekiyo2,jdbcType=VARCHAR},
      </if>
      <if test="tekiyo3 != null">
        tekiyo_3 = #{tekiyo3,jdbcType=VARCHAR},
      </if>
      <if test="tekiyo4 != null">
        tekiyo_4 = #{tekiyo4,jdbcType=VARCHAR},
      </if>
      <if test="tekiyo5 != null">
        tekiyo_5 = #{tekiyo5,jdbcType=VARCHAR},
      </if>
      <if test="kojiTantoUserNm != null">
        koji_tanto_user_nm = #{kojiTantoUserNm,jdbcType=VARCHAR},
      </if>
      <if test="kojiTantoSoshikiCd != null">
        koji_tanto_soshiki_cd = #{kojiTantoSoshikiCd,jdbcType=VARCHAR},
      </if>
      <if test="biboKagakuZei != null">
        bibo_kagaku_zei = #{biboKagakuZei,jdbcType=NUMERIC},
      </if>
      <if test="biboKagakuSho != null">
        bibo_kagaku_sho = #{biboKagakuSho,jdbcType=NUMERIC},
      </if>
      <if test="shokyakuGendoZei != null">
        shokyaku_gendo_zei = #{shokyakuGendoZei,jdbcType=NUMERIC},
      </if>
      <if test="shokyakuGendoSho != null">
        shokyaku_gendo_sho = #{shokyakuGendoSho,jdbcType=NUMERIC},
      </if>
      <if test="syokyakuHohoZei != null">
        syokyaku_hoho_zei = #{syokyakuHohoZei,jdbcType=CHAR},
      </if>
      <if test="syokyakuHohoSho != null">
        syokyaku_hoho_sho = #{syokyakuHohoSho,jdbcType=CHAR},
      </if>
      <if test="zanzonRitsuZei != null">
        zanzon_ritsu_zei = #{zanzonRitsuZei,jdbcType=NUMERIC},
      </if>
      <if test="zanzonRitsuSho != null">
        zanzon_ritsu_sho = #{zanzonRitsuSho,jdbcType=NUMERIC},
      </if>
      <if test="shinkokuSakiCd != null">
        shinkoku_saki_cd = #{shinkokuSakiCd,jdbcType=CHAR},
      </if>
      <if test="shinkokuShuruiCd != null">
        shinkoku_shurui_cd = #{shinkokuShuruiCd,jdbcType=CHAR},
      </if>
      <if test="torihikiSakiTekiyoYmd != null">
        torihiki_saki_tekiyo_ymd = #{torihikiSakiTekiyoYmd,jdbcType=DATE},
      </if>
      <if test="shokyakuShisanKbn != null">
        shokyaku_shisan_kbn = #{shokyakuShisanKbn,jdbcType=CHAR},
      </if>
      <if test="renkeiYohiFlg != null">
        renkei_yohi_flg = #{renkeiYohiFlg,jdbcType=CHAR},
      </if>
      <if test="ichijiShokyakuSho != null">
        ichiji_shokyaku_sho = #{ichijiShokyakuSho,jdbcType=NUMERIC},
      </if>
      <if test="ichijiShokyakuZei != null">
        ichiji_shokyaku_zei = #{ichijiShokyakuZei,jdbcType=NUMERIC},
      </if>
      <if test="chinpuKagakuZei != null">
        chinpu_kagaku_zei = #{chinpuKagakuZei,jdbcType=NUMERIC},
      </if>
      <if test="chinpuKagakuSho != null">
        chinpu_kagaku_sho = #{chinpuKagakuSho,jdbcType=NUMERIC},
      </if>
      <if test="wariShokyakuGakuSho != null">
        wari_shokyaku_gaku_sho = #{wariShokyakuGakuSho,jdbcType=NUMERIC},
      </if>
      <if test="wariShokyakuGakuZei != null">
        wari_shokyaku_gaku_zei = #{wariShokyakuGakuZei,jdbcType=NUMERIC},
      </if>
      <if test="zokaShokyakuGakuSho != null">
        zoka_shokyaku_gaku_sho = #{zokaShokyakuGakuSho,jdbcType=NUMERIC},
      </if>
      <if test="zokaShokyakuGakuZei != null">
        zoka_shokyaku_gaku_zei = #{zokaShokyakuGakuZei,jdbcType=NUMERIC},
      </if>
      <if test="genshiShutokuKagaku != null">
        genshi_shutoku_kagaku = #{genshiShutokuKagaku,jdbcType=NUMERIC},
      </if>
      <if test="shinkokuShutokuKagaku != null">
        shinkoku_shutoku_kagaku = #{shinkokuShutokuKagaku,jdbcType=NUMERIC},
      </if>
      <if test="shokyakuKbnSho != null">
        shokyaku_kbn_sho = #{shokyakuKbnSho,jdbcType=CHAR},
      </if>
      <if test="shokyakuKbnZei != null">
        shokyaku_kbn_zei = #{shokyakuKbnZei,jdbcType=CHAR},
      </if>
      <if test="saishuZanzonRitsuSho != null">
        saishu_zanzon_ritsu_sho = #{saishuZanzonRitsuSho,jdbcType=NUMERIC},
      </if>
      <if test="saishuZanzonRitsuZei != null">
        saishu_zanzon_ritsu_zei = #{saishuZanzonRitsuZei,jdbcType=NUMERIC},
      </if>
      <if test="futanRitsu != null">
        futan_ritsu = #{futanRitsu,jdbcType=NUMERIC},
      </if>
      <if test="shokyakuKamokuUchiCd != null">
        shokyaku_kamoku_uchi_cd = #{shokyakuKamokuUchiCd,jdbcType=CHAR},
      </if>
      <if test="shonendoShokyakuHoho != null">
        shonendo_shokyaku_hoho = #{shonendoShokyakuHoho,jdbcType=CHAR},
      </if>
      <if test="ruikeiKamokuUchiCd != null">
        ruikei_kamoku_uchi_cd = #{ruikeiKamokuUchiCd,jdbcType=CHAR},
      </if>
      <if test="setsubiHozenKanriNo != null">
        setsubi_hozen_kanri_no = #{setsubiHozenKanriNo,jdbcType=CHAR},
      </if>
      <if test="cityCd != null">
        city_cd = #{cityCd,jdbcType=CHAR},
      </if>
      <if test="shisetsuCd != null">
        shisetsu_cd = #{shisetsuCd,jdbcType=CHAR},
      </if>
      <if test="groupCd != null">
        group_cd = #{groupCd,jdbcType=CHAR},
      </if>
      <if test="komoku01 != null">
        komoku_01 = #{komoku01,jdbcType=NUMERIC},
      </if>
      <if test="komoku02 != null">
        komoku_02 = #{komoku02,jdbcType=NUMERIC},
      </if>
      <if test="komoku03 != null">
        komoku_03 = #{komoku03,jdbcType=NUMERIC},
      </if>
      <if test="komoku04 != null">
        komoku_04 = #{komoku04,jdbcType=NUMERIC},
      </if>
      <if test="komoku05 != null">
        komoku_05 = #{komoku05,jdbcType=NUMERIC},
      </if>
      <if test="komoku06 != null">
        komoku_06 = #{komoku06,jdbcType=CHAR},
      </if>
      <if test="komoku07 != null">
        komoku_07 = #{komoku07,jdbcType=CHAR},
      </if>
      <if test="komoku08 != null">
        komoku_08 = #{komoku08,jdbcType=CHAR},
      </if>
      <if test="komoku09 != null">
        komoku_09 = #{komoku09,jdbcType=CHAR},
      </if>
      <if test="komoku10 != null">
        komoku_10 = #{komoku10,jdbcType=CHAR},
      </if>
      <if test="komoku11 != null">
        komoku_11 = #{komoku11,jdbcType=VARCHAR},
      </if>
      <if test="komoku12 != null">
        komoku_12 = #{komoku12,jdbcType=VARCHAR},
      </if>
      <if test="komoku13 != null">
        komoku_13 = #{komoku13,jdbcType=VARCHAR},
      </if>
      <if test="komoku14 != null">
        komoku_14 = #{komoku14,jdbcType=VARCHAR},
      </if>
      <if test="komoku15 != null">
        komoku_15 = #{komoku15,jdbcType=VARCHAR},
      </if>
      <if test="entryDate != null">
        entry_date = #{entryDate,jdbcType=TIMESTAMP},
      </if>
      <if test="entryUserId != null">
        entry_user_id = #{entryUserId,jdbcType=CHAR},
      </if>
      <if test="updateDate != null">
        update_date = #{updateDate,jdbcType=TIMESTAMP},
      </if>
      <if test="updateUserId != null">
        update_user_id = #{updateUserId,jdbcType=CHAR},
      </if>
    </set>
    where seisan_sho_id = #{seisanShoId,jdbcType=CHAR}
      and kotei_shisan_id = #{koteiShisanId,jdbcType=CHAR}
  </update>
  <update id="updateByPrimaryKey" parameterType="jp.co.nsd.nkssweb.dao.Kss005">
    update kss005
    set oya_kotei_shisan_no = #{oyaKoteiShisanNo,jdbcType=CHAR},
      oya_kotei_shisan_eda = #{oyaKoteiShisanEda,jdbcType=CHAR},
      shutoku_ymd = #{shutokuYmd,jdbcType=DATE},
      kotei_shisan_nm = #{koteiShisanNm,jdbcType=VARCHAR},
      shurui_cd = #{shuruiCd,jdbcType=CHAR},
      kouzou_cd = #{kouzouCd,jdbcType=CHAR},
      shisan_tani_cd = #{shisanTaniCd,jdbcType=CHAR},
      kamoku_cd_1 = #{kamokuCd1,jdbcType=CHAR},
      kamoku_cd_2 = #{kamokuCd2,jdbcType=CHAR},
      kamoku_cd_3 = #{kamokuCd3,jdbcType=CHAR},
      jita_shisan_kbn = #{jitaShisanKbn,jdbcType=CHAR},
      torihiki_saki_cd = #{torihikiSakiCd,jdbcType=CHAR},
      seizo_kaisha_nm = #{seizoKaishaNm,jdbcType=VARCHAR},
      seihin_nm = #{seihinNm,jdbcType=VARCHAR},
      kataban = #{kataban,jdbcType=VARCHAR},
      suryo = #{suryo,jdbcType=NUMERIC},
      tani_cd = #{taniCd,jdbcType=CHAR},
      buppin_gaku = #{buppinGaku,jdbcType=NUMERIC},
      kouhi_gaku = #{kouhiGaku,jdbcType=NUMERIC},
      sou_keihi_gaku = #{souKeihiGaku,jdbcType=NUMERIC},
      kanri_soshiki_cd = #{kanriSoshikiCd,jdbcType=CHAR},
      kanri_tekiyo_start_ymd = #{kanriTekiyoStartYmd,jdbcType=DATE},
      futan_soshiki_cd = #{futanSoshikiCd,jdbcType=CHAR},
      futan_tekiyo_start_ymd = #{futanTekiyoStartYmd,jdbcType=DATE},
      sechi_basho_cd = #{sechiBashoCd,jdbcType=CHAR},
      shutoku_riyu_cd = #{shutokuRiyuCd,jdbcType=CHAR},
      taiyo_nensu_sho = #{taiyoNensuSho,jdbcType=NUMERIC},
      taiyo_nensu_zei = #{taiyoNensuZei,jdbcType=NUMERIC},
      tekiyo_1 = #{tekiyo1,jdbcType=VARCHAR},
      tekiyo_2 = #{tekiyo2,jdbcType=VARCHAR},
      tekiyo_3 = #{tekiyo3,jdbcType=VARCHAR},
      tekiyo_4 = #{tekiyo4,jdbcType=VARCHAR},
      tekiyo_5 = #{tekiyo5,jdbcType=VARCHAR},
      koji_tanto_user_nm = #{kojiTantoUserNm,jdbcType=VARCHAR},
      koji_tanto_soshiki_cd = #{kojiTantoSoshikiCd,jdbcType=VARCHAR},
      bibo_kagaku_zei = #{biboKagakuZei,jdbcType=NUMERIC},
      bibo_kagaku_sho = #{biboKagakuSho,jdbcType=NUMERIC},
      shokyaku_gendo_zei = #{shokyakuGendoZei,jdbcType=NUMERIC},
      shokyaku_gendo_sho = #{shokyakuGendoSho,jdbcType=NUMERIC},
      syokyaku_hoho_zei = #{syokyakuHohoZei,jdbcType=CHAR},
      syokyaku_hoho_sho = #{syokyakuHohoSho,jdbcType=CHAR},
      zanzon_ritsu_zei = #{zanzonRitsuZei,jdbcType=NUMERIC},
      zanzon_ritsu_sho = #{zanzonRitsuSho,jdbcType=NUMERIC},
      shinkoku_saki_cd = #{shinkokuSakiCd,jdbcType=CHAR},
      shinkoku_shurui_cd = #{shinkokuShuruiCd,jdbcType=CHAR},
      torihiki_saki_tekiyo_ymd = #{torihikiSakiTekiyoYmd,jdbcType=DATE},
      shokyaku_shisan_kbn = #{shokyakuShisanKbn,jdbcType=CHAR},
      renkei_yohi_flg = #{renkeiYohiFlg,jdbcType=CHAR},
      ichiji_shokyaku_sho = #{ichijiShokyakuSho,jdbcType=NUMERIC},
      ichiji_shokyaku_zei = #{ichijiShokyakuZei,jdbcType=NUMERIC},
      chinpu_kagaku_zei = #{chinpuKagakuZei,jdbcType=NUMERIC},
      chinpu_kagaku_sho = #{chinpuKagakuSho,jdbcType=NUMERIC},
      wari_shokyaku_gaku_sho = #{wariShokyakuGakuSho,jdbcType=NUMERIC},
      wari_shokyaku_gaku_zei = #{wariShokyakuGakuZei,jdbcType=NUMERIC},
      zoka_shokyaku_gaku_sho = #{zokaShokyakuGakuSho,jdbcType=NUMERIC},
      zoka_shokyaku_gaku_zei = #{zokaShokyakuGakuZei,jdbcType=NUMERIC},
      genshi_shutoku_kagaku = #{genshiShutokuKagaku,jdbcType=NUMERIC},
      shinkoku_shutoku_kagaku = #{shinkokuShutokuKagaku,jdbcType=NUMERIC},
      shokyaku_kbn_sho = #{shokyakuKbnSho,jdbcType=CHAR},
      shokyaku_kbn_zei = #{shokyakuKbnZei,jdbcType=CHAR},
      saishu_zanzon_ritsu_sho = #{saishuZanzonRitsuSho,jdbcType=NUMERIC},
      saishu_zanzon_ritsu_zei = #{saishuZanzonRitsuZei,jdbcType=NUMERIC},
      futan_ritsu = #{futanRitsu,jdbcType=NUMERIC},
      shokyaku_kamoku_uchi_cd = #{shokyakuKamokuUchiCd,jdbcType=CHAR},
      shonendo_shokyaku_hoho = #{shonendoShokyakuHoho,jdbcType=CHAR},
      ruikei_kamoku_uchi_cd = #{ruikeiKamokuUchiCd,jdbcType=CHAR},
      setsubi_hozen_kanri_no = #{setsubiHozenKanriNo,jdbcType=CHAR},
      city_cd = #{cityCd,jdbcType=CHAR},
      shisetsu_cd = #{shisetsuCd,jdbcType=CHAR},
      group_cd = #{groupCd,jdbcType=CHAR},
      komoku_01 = #{komoku01,jdbcType=NUMERIC},
      komoku_02 = #{komoku02,jdbcType=NUMERIC},
      komoku_03 = #{komoku03,jdbcType=NUMERIC},
      komoku_04 = #{komoku04,jdbcType=NUMERIC},
      komoku_05 = #{komoku05,jdbcType=NUMERIC},
      komoku_06 = #{komoku06,jdbcType=CHAR},
      komoku_07 = #{komoku07,jdbcType=CHAR},
      komoku_08 = #{komoku08,jdbcType=CHAR},
      komoku_09 = #{komoku09,jdbcType=CHAR},
      komoku_10 = #{komoku10,jdbcType=CHAR},
      komoku_11 = #{komoku11,jdbcType=VARCHAR},
      komoku_12 = #{komoku12,jdbcType=VARCHAR},
      komoku_13 = #{komoku13,jdbcType=VARCHAR},
      komoku_14 = #{komoku14,jdbcType=VARCHAR},
      komoku_15 = #{komoku15,jdbcType=VARCHAR},
      entry_date = #{entryDate,jdbcType=TIMESTAMP},
      entry_user_id = #{entryUserId,jdbcType=CHAR},
      update_date = #{updateDate,jdbcType=TIMESTAMP},
      update_user_id = #{updateUserId,jdbcType=CHAR}
    where seisan_sho_id = #{seisanShoId,jdbcType=CHAR}
      and kotei_shisan_id = #{koteiShisanId,jdbcType=CHAR}
  </update>
</mapper>