<?xml version="1.0" encoding="UTF-8"?>
<!DOCTYPE mapper PUBLIC "-//mybatis.org//DTD Mapper 3.0//EN" "http://mybatis.org/dtd/mybatis-3-mapper.dtd">
<mapper namespace="jp.co.nsd.nkssweb.dao.mapper.Kss021Mapper">
  <resultMap id="BaseResultMap" type="jp.co.nsd.nkssweb.dao.Kss021">
    <id column="menu_id" jdbcType="CHAR" property="menuId" />
    <result column="menu_nm" jdbcType="VARCHAR" property="menuNm" />
    <result column="entry_date" jdbcType="TIMESTAMP" property="entryDate" />
    <result column="entry_user_id" jdbcType="CHAR" property="entryUserId" />
    <result column="update_date" jdbcType="TIMESTAMP" property="updateDate" />
    <result column="update_user_id" jdbcType="CHAR" property="updateUserId" />
    <result column="menu_link_nm" jdbcType="VARCHAR" property="menuLinkNm" />
  </resultMap>
  <sql id="Base_Column_List">
    menu_id, menu_nm, entry_date, entry_user_id, update_date, update_user_id, menu_link_nm
  </sql>
  <select id="selectByPrimaryKey" parameterType="java.lang.String" resultMap="BaseResultMap">
    select 
    <include refid="Base_Column_List" />
    from kss021
    where menu_id = #{menuId,jdbcType=CHAR}
  </select>
  <delete id="deleteByPrimaryKey" parameterType="java.lang.String">
    delete from kss021
    where menu_id = #{menuId,jdbcType=CHAR}
  </delete>
  <insert id="insert" parameterType="jp.co.nsd.nkssweb.dao.Kss021">
    insert into kss021 (menu_id, menu_nm, entry_date, 
      entry_user_id, update_date, update_user_id, 
      menu_link_nm)
    values (#{menuId,jdbcType=CHAR}, #{menuNm,jdbcType=VARCHAR}, #{entryDate,jdbcType=TIMESTAMP}, 
      #{entryUserId,jdbcType=CHAR}, #{updateDate,jdbcType=TIMESTAMP}, #{updateUserId,jdbcType=CHAR}, 
      #{menuLinkNm,jdbcType=VARCHAR})
  </insert>
  <insert id="insertSelective" parameterType="jp.co.nsd.nkssweb.dao.Kss021">
    insert into kss021
    <trim prefix="(" suffix=")" suffixOverrides=",">
      <if test="menuId != null">
        menu_id,
      </if>
      <if test="menuNm != null">
        menu_nm,
      </if>
      <if test="entryDate != null">
        entry_date,
      </if>
      <if test="entryUserId != null">
        entry_user_id,
      </if>
      <if test="updateDate != null">
        update_date,
      </if>
      <if test="updateUserId != null">
        update_user_id,
      </if>
      <if test="menuLinkNm != null">
        menu_link_nm,
      </if>
    </trim>
    <trim prefix="values (" suffix=")" suffixOverrides=",">
      <if test="menuId != null">
        #{menuId,jdbcType=CHAR},
      </if>
      <if test="menuNm != null">
        #{menuNm,jdbcType=VARCHAR},
      </if>
      <if test="entryDate != null">
        #{entryDate,jdbcType=TIMESTAMP},
      </if>
      <if test="entryUserId != null">
        #{entryUserId,jdbcType=CHAR},
      </if>
      <if test="updateDate != null">
        #{updateDate,jdbcType=TIMESTAMP},
      </if>
      <if test="updateUserId != null">
        #{updateUserId,jdbcType=CHAR},
      </if>
      <if test="menuLinkNm != null">
        #{menuLinkNm,jdbcType=VARCHAR},
      </if>
    </trim>
  </insert>
  <update id="updateByPrimaryKeySelective" parameterType="jp.co.nsd.nkssweb.dao.Kss021">
    update kss021
    <set>
      <if test="menuNm != null">
        menu_nm = #{menuNm,jdbcType=VARCHAR},
      </if>
      <if test="entryDate != null">
        entry_date = #{entryDate,jdbcType=TIMESTAMP},
      </if>
      <if test="entryUserId != null">
        entry_user_id = #{entryUserId,jdbcType=CHAR},
      </if>
      <if test="updateDate != null">
        update_date = #{updateDate,jdbcType=TIMESTAMP},
      </if>
      <if test="updateUserId != null">
        update_user_id = #{updateUserId,jdbcType=CHAR},
      </if>
      <if test="menuLinkNm != null">
        menu_link_nm = #{menuLinkNm,jdbcType=VARCHAR},
      </if>
    </set>
    where menu_id = #{menuId,jdbcType=CHAR}
  </update>
  <update id="updateByPrimaryKey" parameterType="jp.co.nsd.nkssweb.dao.Kss021">
    update kss021
    set menu_nm = #{menuNm,jdbcType=VARCHAR},
      entry_date = #{entryDate,jdbcType=TIMESTAMP},
      entry_user_id = #{entryUserId,jdbcType=CHAR},
      update_date = #{updateDate,jdbcType=TIMESTAMP},
      update_user_id = #{updateUserId,jdbcType=CHAR},
      menu_link_nm = #{menuLinkNm,jdbcType=VARCHAR}
    where menu_id = #{menuId,jdbcType=CHAR}
  </update>
</mapper>