<?xml version="1.0" encoding="UTF-8"?>
<!DOCTYPE mapper PUBLIC "-//mybatis.org//DTD Mapper 3.0//EN" "http://mybatis.org/dtd/mybatis-3-mapper.dtd">
<mapper namespace="jp.co.nsd.nkssweb.dao.mapper.Kss014Mapper">
  <resultMap id="BaseResultMap" type="jp.co.nsd.nkssweb.dao.Kss014">
    <id column="user_id" jdbcType="CHAR" property="userId" />
    <id column="kenmu_jun" jdbcType="NUMERIC" property="kenmuJun" />
    <result column="soshiki_cd" jdbcType="CHAR" property="soshikiCd" />
    <result column="tekiyo_start_ymd" jdbcType="DATE" property="tekiyoStartYmd" />
  </resultMap>
  <sql id="Base_Column_List">
    user_id, kenmu_jun, soshiki_cd, tekiyo_start_ymd
  </sql>
  <select id="selectByPrimaryKey" parameterType="jp.co.nsd.nkssweb.dao.Kss014Key" resultMap="BaseResultMap">
    select 
    <include refid="Base_Column_List" />
    from kss014
    where user_id = #{userId,jdbcType=CHAR}
      and kenmu_jun = #{kenmuJun,jdbcType=NUMERIC}
  </select>
  <delete id="deleteByPrimaryKey" parameterType="jp.co.nsd.nkssweb.dao.Kss014Key">
    delete from kss014
    where user_id = #{userId,jdbcType=CHAR}
      and kenmu_jun = #{kenmuJun,jdbcType=NUMERIC}
  </delete>
  <insert id="insert" parameterType="jp.co.nsd.nkssweb.dao.Kss014">
    insert into kss014 (user_id, kenmu_jun, soshiki_cd, 
      tekiyo_start_ymd)
    values (#{userId,jdbcType=CHAR}, #{kenmuJun,jdbcType=NUMERIC}, #{soshikiCd,jdbcType=CHAR}, 
      #{tekiyoStartYmd,jdbcType=DATE})
  </insert>
  <insert id="insertSelective" parameterType="jp.co.nsd.nkssweb.dao.Kss014">
    insert into kss014
    <trim prefix="(" suffix=")" suffixOverrides=",">
      <if test="userId != null">
        user_id,
      </if>
      <if test="kenmuJun != null">
        kenmu_jun,
      </if>
      <if test="soshikiCd != null">
        soshiki_cd,
      </if>
      <if test="tekiyoStartYmd != null">
        tekiyo_start_ymd,
      </if>
    </trim>
    <trim prefix="values (" suffix=")" suffixOverrides=",">
      <if test="userId != null">
        #{userId,jdbcType=CHAR},
      </if>
      <if test="kenmuJun != null">
        #{kenmuJun,jdbcType=NUMERIC},
      </if>
      <if test="soshikiCd != null">
        #{soshikiCd,jdbcType=CHAR},
      </if>
      <if test="tekiyoStartYmd != null">
        #{tekiyoStartYmd,jdbcType=DATE},
      </if>
    </trim>
  </insert>
  <update id="updateByPrimaryKeySelective" parameterType="jp.co.nsd.nkssweb.dao.Kss014">
    update kss014
    <set>
      <if test="soshikiCd != null">
        soshiki_cd = #{soshikiCd,jdbcType=CHAR},
      </if>
      <if test="tekiyoStartYmd != null">
        tekiyo_start_ymd = #{tekiyoStartYmd,jdbcType=DATE},
      </if>
    </set>
    where user_id = #{userId,jdbcType=CHAR}
      and kenmu_jun = #{kenmuJun,jdbcType=NUMERIC}
  </update>
  <update id="updateByPrimaryKey" parameterType="jp.co.nsd.nkssweb.dao.Kss014">
    update kss014
    set soshiki_cd = #{soshikiCd,jdbcType=CHAR},
      tekiyo_start_ymd = #{tekiyoStartYmd,jdbcType=DATE}
    where user_id = #{userId,jdbcType=CHAR}
      and kenmu_jun = #{kenmuJun,jdbcType=NUMERIC}
  </update>
</mapper>