<?xml version="1.0" encoding="UTF-8"?>
<!DOCTYPE mapper PUBLIC "-//mybatis.org//DTD Mapper 3.0//EN" "http://mybatis.org/dtd/mybatis-3-mapper.dtd">
<mapper namespace="jp.co.nsd.nkssweb.dao.mapper.Kss008Mapper">
  <resultMap id="BaseResultMap" type="jp.co.nsd.nkssweb.dao.Kss008">
    <id column="seisan_sho_id" jdbcType="CHAR" property="seisanShoId" />
    <id column="kotei_shisan_id" jdbcType="CHAR" property="koteiShisanId" />
    <result column="service_start_ymd" jdbcType="DATE" property="serviceStartYmd" />
    <result column="keiyaku_start_ymd" jdbcType="DATE" property="keiyakuStartYmd" />
    <result column="keiyaku_end_ymd" jdbcType="DATE" property="keiyakuEndYmd" />
    <result column="entry_date" jdbcType="TIMESTAMP" property="entryDate" />
    <result column="entry_user_id" jdbcType="CHAR" property="entryUserId" />
    <result column="update_date" jdbcType="TIMESTAMP" property="updateDate" />
    <result column="update_user_id" jdbcType="CHAR" property="updateUserId" />
  </resultMap>
  <sql id="Base_Column_List">
    seisan_sho_id, kotei_shisan_id, service_start_ymd, keiyaku_start_ymd, keiyaku_end_ymd, 
    entry_date, entry_user_id, update_date, update_user_id
  </sql>
  <select id="selectByPrimaryKey" parameterType="jp.co.nsd.nkssweb.dao.Kss008Key" resultMap="BaseResultMap">
    select 
    <include refid="Base_Column_List" />
    from kss008
    where seisan_sho_id = #{seisanShoId,jdbcType=CHAR}
      and kotei_shisan_id = #{koteiShisanId,jdbcType=CHAR}
  </select>
  <delete id="deleteByPrimaryKey" parameterType="jp.co.nsd.nkssweb.dao.Kss008Key">
    delete from kss008
    where seisan_sho_id = #{seisanShoId,jdbcType=CHAR}
      and kotei_shisan_id = #{koteiShisanId,jdbcType=CHAR}
  </delete>
  <insert id="insert" parameterType="jp.co.nsd.nkssweb.dao.Kss008">
    insert into kss008 (seisan_sho_id, kotei_shisan_id, service_start_ymd, 
      keiyaku_start_ymd, keiyaku_end_ymd, entry_date, 
      entry_user_id, update_date, update_user_id
      )
    values (#{seisanShoId,jdbcType=CHAR}, #{koteiShisanId,jdbcType=CHAR}, #{serviceStartYmd,jdbcType=DATE}, 
      #{keiyakuStartYmd,jdbcType=DATE}, #{keiyakuEndYmd,jdbcType=DATE}, #{entryDate,jdbcType=TIMESTAMP}, 
      #{entryUserId,jdbcType=CHAR}, #{updateDate,jdbcType=TIMESTAMP}, #{updateUserId,jdbcType=CHAR}
      )
  </insert>
  <insert id="insertSelective" parameterType="jp.co.nsd.nkssweb.dao.Kss008">
    insert into kss008
    <trim prefix="(" suffix=")" suffixOverrides=",">
      <if test="seisanShoId != null">
        seisan_sho_id,
      </if>
      <if test="koteiShisanId != null">
        kotei_shisan_id,
      </if>
      <if test="serviceStartYmd != null">
        service_start_ymd,
      </if>
      <if test="keiyakuStartYmd != null">
        keiyaku_start_ymd,
      </if>
      <if test="keiyakuEndYmd != null">
        keiyaku_end_ymd,
      </if>
      <if test="entryDate != null">
        entry_date,
      </if>
      <if test="entryUserId != null">
        entry_user_id,
      </if>
      <if test="updateDate != null">
        update_date,
      </if>
      <if test="updateUserId != null">
        update_user_id,
      </if>
    </trim>
    <trim prefix="values (" suffix=")" suffixOverrides=",">
      <if test="seisanShoId != null">
        #{seisanShoId,jdbcType=CHAR},
      </if>
      <if test="koteiShisanId != null">
        #{koteiShisanId,jdbcType=CHAR},
      </if>
      <if test="serviceStartYmd != null">
        #{serviceStartYmd,jdbcType=DATE},
      </if>
      <if test="keiyakuStartYmd != null">
        #{keiyakuStartYmd,jdbcType=DATE},
      </if>
      <if test="keiyakuEndYmd != null">
        #{keiyakuEndYmd,jdbcType=DATE},
      </if>
      <if test="entryDate != null">
        #{entryDate,jdbcType=TIMESTAMP},
      </if>
      <if test="entryUserId != null">
        #{entryUserId,jdbcType=CHAR},
      </if>
      <if test="updateDate != null">
        #{updateDate,jdbcType=TIMESTAMP},
      </if>
      <if test="updateUserId != null">
        #{updateUserId,jdbcType=CHAR},
      </if>
    </trim>
  </insert>
  <update id="updateByPrimaryKeySelective" parameterType="jp.co.nsd.nkssweb.dao.Kss008">
    update kss008
    <set>
      <if test="serviceStartYmd != null">
        service_start_ymd = #{serviceStartYmd,jdbcType=DATE},
      </if>
      <if test="keiyakuStartYmd != null">
        keiyaku_start_ymd = #{keiyakuStartYmd,jdbcType=DATE},
      </if>
      <if test="keiyakuEndYmd != null">
        keiyaku_end_ymd = #{keiyakuEndYmd,jdbcType=DATE},
      </if>
      <if test="entryDate != null">
        entry_date = #{entryDate,jdbcType=TIMESTAMP},
      </if>
      <if test="entryUserId != null">
        entry_user_id = #{entryUserId,jdbcType=CHAR},
      </if>
      <if test="updateDate != null">
        update_date = #{updateDate,jdbcType=TIMESTAMP},
      </if>
      <if test="updateUserId != null">
        update_user_id = #{updateUserId,jdbcType=CHAR},
      </if>
    </set>
    where seisan_sho_id = #{seisanShoId,jdbcType=CHAR}
      and kotei_shisan_id = #{koteiShisanId,jdbcType=CHAR}
  </update>
  <update id="updateByPrimaryKey" parameterType="jp.co.nsd.nkssweb.dao.Kss008">
    update kss008
    set service_start_ymd = #{serviceStartYmd,jdbcType=DATE},
      keiyaku_start_ymd = #{keiyakuStartYmd,jdbcType=DATE},
      keiyaku_end_ymd = #{keiyakuEndYmd,jdbcType=DATE},
      entry_date = #{entryDate,jdbcType=TIMESTAMP},
      entry_user_id = #{entryUserId,jdbcType=CHAR},
      update_date = #{updateDate,jdbcType=TIMESTAMP},
      update_user_id = #{updateUserId,jdbcType=CHAR}
    where seisan_sho_id = #{seisanShoId,jdbcType=CHAR}
      and kotei_shisan_id = #{koteiShisanId,jdbcType=CHAR}
  </update>
</mapper>