<?xml version="1.0" encoding="UTF-8"?>
<!DOCTYPE mapper PUBLIC "-//mybatis.org//DTD Mapper 3.0//EN" "http://mybatis.org/dtd/mybatis-3-mapper.dtd">
<mapper namespace="jp.co.nsd.nkssweb.dao.mapper.Kss016Mapper">
  <resultMap id="BaseResultMap" type="jp.co.nsd.nkssweb.dao.Kss016">
    <id column="cd_shubetsu" jdbcType="CHAR" property="cdShubetsu" />
    <id column="cd_1" jdbcType="CHAR" property="cd1" />
    <id column="cd_2" jdbcType="CHAR" property="cd2" />
    <result column="cd_hyoj_jun" jdbcType="NUMERIC" property="cdHyojJun" />
    <result column="cd_shubetsu_nm" jdbcType="VARCHAR" property="cdShubetsuNm" />
    <result column="cd_knj" jdbcType="VARCHAR" property="cdKnj" />
    <result column="cd_ryaku" jdbcType="VARCHAR" property="cdRyaku" />
    <result column="entry_date" jdbcType="TIMESTAMP" property="entryDate" />
    <result column="entry_user_id" jdbcType="CHAR" property="entryUserId" />
    <result column="update_date" jdbcType="TIMESTAMP" property="updateDate" />
    <result column="update_user_id" jdbcType="CHAR" property="updateUserId" />
  </resultMap>
  <sql id="Base_Column_List">
    cd_shubetsu, cd_1, cd_2, cd_hyoj_jun, cd_shubetsu_nm, cd_knj, cd_ryaku, entry_date, 
    entry_user_id, update_date, update_user_id
  </sql>
  <select id="selectByPrimaryKey" parameterType="jp.co.nsd.nkssweb.dao.Kss016Key" resultMap="BaseResultMap">
    select 
    <include refid="Base_Column_List" />
    from kss016
    where cd_shubetsu = #{cdShubetsu,jdbcType=CHAR}
      and cd_1 = #{cd1,jdbcType=CHAR}
      and cd_2 = #{cd2,jdbcType=CHAR}
  </select>
  <delete id="deleteByPrimaryKey" parameterType="jp.co.nsd.nkssweb.dao.Kss016Key">
    delete from kss016
    where cd_shubetsu = #{cdShubetsu,jdbcType=CHAR}
      and cd_1 = #{cd1,jdbcType=CHAR}
      and cd_2 = #{cd2,jdbcType=CHAR}
  </delete>
  <insert id="insert" parameterType="jp.co.nsd.nkssweb.dao.Kss016">
    insert into kss016 (cd_shubetsu, cd_1, cd_2, 
      cd_hyoj_jun, cd_shubetsu_nm, cd_knj, 
      cd_ryaku, entry_date, entry_user_id, 
      update_date, update_user_id)
    values (#{cdShubetsu,jdbcType=CHAR}, #{cd1,jdbcType=CHAR}, #{cd2,jdbcType=CHAR}, 
      #{cdHyojJun,jdbcType=NUMERIC}, #{cdShubetsuNm,jdbcType=VARCHAR}, #{cdKnj,jdbcType=VARCHAR}, 
      #{cdRyaku,jdbcType=VARCHAR}, #{entryDate,jdbcType=TIMESTAMP}, #{entryUserId,jdbcType=CHAR}, 
      #{updateDate,jdbcType=TIMESTAMP}, #{updateUserId,jdbcType=CHAR})
  </insert>
  <insert id="insertSelective" parameterType="jp.co.nsd.nkssweb.dao.Kss016">
    insert into kss016
    <trim prefix="(" suffix=")" suffixOverrides=",">
      <if test="cdShubetsu != null">
        cd_shubetsu,
      </if>
      <if test="cd1 != null">
        cd_1,
      </if>
      <if test="cd2 != null">
        cd_2,
      </if>
      <if test="cdHyojJun != null">
        cd_hyoj_jun,
      </if>
      <if test="cdShubetsuNm != null">
        cd_shubetsu_nm,
      </if>
      <if test="cdKnj != null">
        cd_knj,
      </if>
      <if test="cdRyaku != null">
        cd_ryaku,
      </if>
      <if test="entryDate != null">
        entry_date,
      </if>
      <if test="entryUserId != null">
        entry_user_id,
      </if>
      <if test="updateDate != null">
        update_date,
      </if>
      <if test="updateUserId != null">
        update_user_id,
      </if>
    </trim>
    <trim prefix="values (" suffix=")" suffixOverrides=",">
      <if test="cdShubetsu != null">
        #{cdShubetsu,jdbcType=CHAR},
      </if>
      <if test="cd1 != null">
        #{cd1,jdbcType=CHAR},
      </if>
      <if test="cd2 != null">
        #{cd2,jdbcType=CHAR},
      </if>
      <if test="cdHyojJun != null">
        #{cdHyojJun,jdbcType=NUMERIC},
      </if>
      <if test="cdShubetsuNm != null">
        #{cdShubetsuNm,jdbcType=VARCHAR},
      </if>
      <if test="cdKnj != null">
        #{cdKnj,jdbcType=VARCHAR},
      </if>
      <if test="cdRyaku != null">
        #{cdRyaku,jdbcType=VARCHAR},
      </if>
      <if test="entryDate != null">
        #{entryDate,jdbcType=TIMESTAMP},
      </if>
      <if test="entryUserId != null">
        #{entryUserId,jdbcType=CHAR},
      </if>
      <if test="updateDate != null">
        #{updateDate,jdbcType=TIMESTAMP},
      </if>
      <if test="updateUserId != null">
        #{updateUserId,jdbcType=CHAR},
      </if>
    </trim>
  </insert>
  <update id="updateByPrimaryKeySelective" parameterType="jp.co.nsd.nkssweb.dao.Kss016">
    update kss016
    <set>
      <if test="cdHyojJun != null">
        cd_hyoj_jun = #{cdHyojJun,jdbcType=NUMERIC},
      </if>
      <if test="cdShubetsuNm != null">
        cd_shubetsu_nm = #{cdShubetsuNm,jdbcType=VARCHAR},
      </if>
      <if test="cdKnj != null">
        cd_knj = #{cdKnj,jdbcType=VARCHAR},
      </if>
      <if test="cdRyaku != null">
        cd_ryaku = #{cdRyaku,jdbcType=VARCHAR},
      </if>
      <if test="entryDate != null">
        entry_date = #{entryDate,jdbcType=TIMESTAMP},
      </if>
      <if test="entryUserId != null">
        entry_user_id = #{entryUserId,jdbcType=CHAR},
      </if>
      <if test="updateDate != null">
        update_date = #{updateDate,jdbcType=TIMESTAMP},
      </if>
      <if test="updateUserId != null">
        update_user_id = #{updateUserId,jdbcType=CHAR},
      </if>
    </set>
    where cd_shubetsu = #{cdShubetsu,jdbcType=CHAR}
      and cd_1 = #{cd1,jdbcType=CHAR}
      and cd_2 = #{cd2,jdbcType=CHAR}
  </update>
  <update id="updateByPrimaryKey" parameterType="jp.co.nsd.nkssweb.dao.Kss016">
    update kss016
    set cd_hyoj_jun = #{cdHyojJun,jdbcType=NUMERIC},
      cd_shubetsu_nm = #{cdShubetsuNm,jdbcType=VARCHAR},
      cd_knj = #{cdKnj,jdbcType=VARCHAR},
      cd_ryaku = #{cdRyaku,jdbcType=VARCHAR},
      entry_date = #{entryDate,jdbcType=TIMESTAMP},
      entry_user_id = #{entryUserId,jdbcType=CHAR},
      update_date = #{updateDate,jdbcType=TIMESTAMP},
      update_user_id = #{updateUserId,jdbcType=CHAR}
    where cd_shubetsu = #{cdShubetsu,jdbcType=CHAR}
      and cd_1 = #{cd1,jdbcType=CHAR}
      and cd_2 = #{cd2,jdbcType=CHAR}
  </update>
</mapper>