<?xml version="1.0" encoding="UTF-8"?>
<!DOCTYPE mapper PUBLIC "-//mybatis.org//DTD Mapper 3.0//EN" "http://mybatis.org/dtd/mybatis-3-mapper.dtd">
<mapper namespace="jp.co.nsd.nkssweb.dao.mapper.Kss005MapperExt">
  <update id="updateByPrimaryKeySelective" parameterType="jp.co.nsd.nkssweb.dao.Kss005">
    update kss005
    <set>
      <if test="oyaKoteiShisanNo != null">
        oya_kotei_shisan_no = #{oyaKoteiShisanNo,jdbcType=CHAR},
      </if>
      <if test="oyaKoteiShisanEda != null">
        oya_kotei_shisan_eda = #{oyaKoteiShisanEda,jdbcType=CHAR},
      </if>
      <if test="shutokuYmd != null">
        shutoku_ymd = #{shutokuYmd,jdbcType=DATE},
      </if>
      <if test="koteiShisanNm != null">
        kotei_shisan_nm = #{koteiShisanNm,jdbcType=VARCHAR},
      </if>
      <if test="shuruiCd != null">
        shurui_cd = #{shuruiCd,jdbcType=CHAR},
      </if>
      <if test="kouzouCd != null">
        kouzou_cd = #{kouzouCd,jdbcType=CHAR},
      </if>
      <if test="shisanTaniCd != null">
        shisan_tani_cd = #{shisanTaniCd,jdbcType=CHAR},
      </if>
      <if test="kamokuCd1 != null">
        kamoku_cd_1 = #{kamokuCd1,jdbcType=CHAR},
      </if>
      <if test="kamokuCd2 != null">
        kamoku_cd_2 = #{kamokuCd2,jdbcType=CHAR},
      </if>
      <if test="kamokuCd3 != null">
        kamoku_cd_3 = #{kamokuCd3,jdbcType=CHAR},
      </if>
      <if test="jitaShisanKbn != null">
        jita_shisan_kbn = #{jitaShisanKbn,jdbcType=CHAR},
      </if>
        torihiki_saki_cd = #{torihikiSakiCd,jdbcType=CHAR},
      <if test="seizoKaishaNm != null">
        seizo_kaisha_nm = #{seizoKaishaNm,jdbcType=VARCHAR},
      </if>
      <if test="seihinNm != null">
        seihin_nm = #{seihinNm,jdbcType=VARCHAR},
      </if>
      <if test="kataban != null">
        kataban = #{kataban,jdbcType=VARCHAR},
      </if>
      <if test="suryo != null">
        suryo = #{suryo,jdbcType=NUMERIC},
      </if>
      <if test="taniCd != null">
        tani_cd = #{taniCd,jdbcType=CHAR},
      </if>
      <if test="buppinGaku != null">
        buppin_gaku = #{buppinGaku,jdbcType=NUMERIC},
      </if>
      <if test="kouhiGaku != null">
        kouhi_gaku = #{kouhiGaku,jdbcType=NUMERIC},
      </if>
      <if test="souKeihiGaku != null">
        sou_keihi_gaku = #{souKeihiGaku,jdbcType=NUMERIC},
      </if>
      <if test="kanriSoshikiCd != null">
        kanri_soshiki_cd = #{kanriSoshikiCd,jdbcType=CHAR},
      </if>
      <if test="kanriTekiyoStartYmd != null">
        kanri_tekiyo_start_ymd = #{kanriTekiyoStartYmd,jdbcType=DATE},
      </if>
      <if test="futanSoshikiCd != null">
        futan_soshiki_cd = #{futanSoshikiCd,jdbcType=CHAR},
      </if>
      <if test="futanTekiyoStartYmd != null">
        futan_tekiyo_start_ymd = #{futanTekiyoStartYmd,jdbcType=DATE},
      </if>
      <if test="sechiBashoCd != null">
        sechi_basho_cd = #{sechiBashoCd,jdbcType=CHAR},
      </if>
      <if test="shutokuRiyuCd != null">
        shutoku_riyu_cd = #{shutokuRiyuCd,jdbcType=CHAR},
      </if>
      <if test="taiyoNensuSho != null">
        taiyo_nensu_sho = #{taiyoNensuSho,jdbcType=NUMERIC},
      </if>
      <if test="taiyoNensuZei != null">
        taiyo_nensu_zei = #{taiyoNensuZei,jdbcType=NUMERIC},
      </if>
      <if test="tekiyo1 != null">
        tekiyo_1 = #{tekiyo1,jdbcType=VARCHAR},
      </if>
      <if test="tekiyo2 != null">
        tekiyo_2 = #{tekiyo2,jdbcType=VARCHAR},
      </if>
      <if test="tekiyo3 != null">
        tekiyo_3 = #{tekiyo3,jdbcType=VARCHAR},
      </if>
      <if test="tekiyo4 != null">
        tekiyo_4 = #{tekiyo4,jdbcType=VARCHAR},
      </if>
      <if test="tekiyo5 != null">
        tekiyo_5 = #{tekiyo5,jdbcType=VARCHAR},
      </if>
      <if test="kojiTantoUserNm != null">
        koji_tanto_user_nm = #{kojiTantoUserNm,jdbcType=VARCHAR},
      </if>
      <if test="kojiTantoSoshikiCd != null">
        koji_tanto_soshiki_cd = #{kojiTantoSoshikiCd,jdbcType=VARCHAR},
      </if>
      <if test="biboKagakuZei != null">
        bibo_kagaku_zei = #{biboKagakuZei,jdbcType=NUMERIC},
      </if>
      <if test="biboKagakuSho != null">
        bibo_kagaku_sho = #{biboKagakuSho,jdbcType=NUMERIC},
      </if>
      <if test="shokyakuGendoZei != null">
        shokyaku_gendo_zei = #{shokyakuGendoZei,jdbcType=NUMERIC},
      </if>
      <if test="shokyakuGendoSho != null">
        shokyaku_gendo_sho = #{shokyakuGendoSho,jdbcType=NUMERIC},
      </if>
      <if test="syokyakuHohoZei != null">
        syokyaku_hoho_zei = #{syokyakuHohoZei,jdbcType=CHAR},
      </if>
      <if test="syokyakuHohoSho != null">
        syokyaku_hoho_sho = #{syokyakuHohoSho,jdbcType=CHAR},
      </if>
      <if test="zanzonRitsuZei != null">
        zanzon_ritsu_zei = #{zanzonRitsuZei,jdbcType=NUMERIC},
      </if>
      <if test="zanzonRitsuSho != null">
        zanzon_ritsu_sho = #{zanzonRitsuSho,jdbcType=NUMERIC},
      </if>
        shinkoku_saki_cd = #{shinkokuSakiCd,jdbcType=CHAR},
      <if test="shinkokuShuruiCd != null">
        shinkoku_shurui_cd = #{shinkokuShuruiCd,jdbcType=CHAR},
      </if>
        torihiki_saki_tekiyo_ymd = #{torihikiSakiTekiyoYmd,jdbcType=DATE},
      <if test="shokyakuShisanKbn != null">
        shokyaku_shisan_kbn = #{shokyakuShisanKbn,jdbcType=CHAR},
      </if>
      <if test="renkeiYohiFlg != null">
        renkei_yohi_flg = #{renkeiYohiFlg,jdbcType=CHAR},
      </if>
      <if test="ichijiShokyakuSho != null">
        ichiji_shokyaku_sho = #{ichijiShokyakuSho,jdbcType=NUMERIC},
      </if>
      <if test="ichijiShokyakuZei != null">
        ichiji_shokyaku_zei = #{ichijiShokyakuZei,jdbcType=NUMERIC},
      </if>
      <if test="chinpuKagakuZei != null">
        chinpu_kagaku_zei = #{chinpuKagakuZei,jdbcType=NUMERIC},
      </if>
      <if test="chinpuKagakuSho != null">
        chinpu_kagaku_sho = #{chinpuKagakuSho,jdbcType=NUMERIC},
      </if>
      <if test="wariShokyakuGakuSho != null">
        wari_shokyaku_gaku_sho = #{wariShokyakuGakuSho,jdbcType=NUMERIC},
      </if>
      <if test="wariShokyakuGakuZei != null">
        wari_shokyaku_gaku_zei = #{wariShokyakuGakuZei,jdbcType=NUMERIC},
      </if>
      <if test="zokaShokyakuGakuSho != null">
        zoka_shokyaku_gaku_sho = #{zokaShokyakuGakuSho,jdbcType=NUMERIC},
      </if>
      <if test="zokaShokyakuGakuZei != null">
        zoka_shokyaku_gaku_zei = #{zokaShokyakuGakuZei,jdbcType=NUMERIC},
      </if>
      <if test="genshiShutokuKagaku != null">
        genshi_shutoku_kagaku = #{genshiShutokuKagaku,jdbcType=NUMERIC},
      </if>
      <if test="shinkokuShutokuKagaku != null">
        shinkoku_shutoku_kagaku = #{shinkokuShutokuKagaku,jdbcType=NUMERIC},
      </if>
      <if test="shokyakuKbnSho != null">
        shokyaku_kbn_sho = #{shokyakuKbnSho,jdbcType=CHAR},
      </if>
      <if test="shokyakuKbnZei != null">
        shokyaku_kbn_zei = #{shokyakuKbnZei,jdbcType=CHAR},
      </if>
      <if test="saishuZanzonRitsuSho != null">
        saishu_zanzon_ritsu_sho = #{saishuZanzonRitsuSho,jdbcType=NUMERIC},
      </if>
      <if test="saishuZanzonRitsuZei != null">
        saishu_zanzon_ritsu_zei = #{saishuZanzonRitsuZei,jdbcType=NUMERIC},
      </if>
      <if test="futanRitsu != null">
        futan_ritsu = #{futanRitsu,jdbcType=NUMERIC},
      </if>
      <if test="shokyakuKamokuUchiCd != null">
        shokyaku_kamoku_uchi_cd = #{shokyakuKamokuUchiCd,jdbcType=CHAR},
      </if>
      <if test="shonendoShokyakuHoho != null">
        shonendo_shokyaku_hoho = #{shonendoShokyakuHoho,jdbcType=CHAR},
      </if>
      <if test="ruikeiKamokuUchiCd != null">
        ruikei_kamoku_uchi_cd = #{ruikeiKamokuUchiCd,jdbcType=CHAR},
      </if>
      <if test="setsubiHozenKanriNo != null">
        setsubi_hozen_kanri_no = #{setsubiHozenKanriNo,jdbcType=CHAR},
      </if>
        city_cd = #{cityCd,jdbcType=CHAR},
      <if test="shisetsuCd != null">
        shisetsu_cd = #{shisetsuCd,jdbcType=CHAR},
      </if>
      <if test="groupCd != null">
        group_cd = #{groupCd,jdbcType=CHAR},
      </if>
      <if test="komoku01 != null">
        komoku_01 = #{komoku01,jdbcType=NUMERIC},
      </if>
      <if test="komoku02 != null">
        komoku_02 = #{komoku02,jdbcType=NUMERIC},
      </if>
      <if test="komoku03 != null">
        komoku_03 = #{komoku03,jdbcType=NUMERIC},
      </if>
      <if test="komoku04 != null">
        komoku_04 = #{komoku04,jdbcType=NUMERIC},
      </if>
      <if test="komoku05 != null">
        komoku_05 = #{komoku05,jdbcType=NUMERIC},
      </if>
      <if test="komoku06 != null">
        komoku_06 = #{komoku06,jdbcType=CHAR},
      </if>
      <if test="komoku07 != null">
        komoku_07 = #{komoku07,jdbcType=CHAR},
      </if>
      <if test="komoku08 != null">
        komoku_08 = #{komoku08,jdbcType=CHAR},
      </if>
      <if test="komoku09 != null">
        komoku_09 = #{komoku09,jdbcType=CHAR},
      </if>
      <if test="komoku10 != null">
        komoku_10 = #{komoku10,jdbcType=CHAR},
      </if>
      <if test="komoku11 != null">
        komoku_11 = #{komoku11,jdbcType=VARCHAR},
      </if>
      <if test="komoku12 != null">
        komoku_12 = #{komoku12,jdbcType=VARCHAR},
      </if>
      <if test="komoku13 != null">
        komoku_13 = #{komoku13,jdbcType=VARCHAR},
      </if>
      <if test="komoku14 != null">
        komoku_14 = #{komoku14,jdbcType=VARCHAR},
      </if>
      <if test="komoku15 != null">
        komoku_15 = #{komoku15,jdbcType=VARCHAR},
      </if>
      <if test="entryDate != null">
        entry_date = #{entryDate,jdbcType=TIMESTAMP},
      </if>
      <if test="entryUserId != null">
        entry_user_id = #{entryUserId,jdbcType=CHAR},
      </if>
      <if test="updateDate != null">
        update_date = #{updateDate,jdbcType=TIMESTAMP},
      </if>
      <if test="updateUserId != null">
        update_user_id = #{updateUserId,jdbcType=CHAR},
      </if>
    </set>
    where seisan_sho_id = #{seisanShoId,jdbcType=CHAR}
      and kotei_shisan_id = #{koteiShisanId,jdbcType=CHAR}
  </update>
</mapper>