<?xml version="1.0" encoding="UTF-8"?>
<!DOCTYPE mapper PUBLIC "-//mybatis.org//DTD Mapper 3.0//EN" "http://mybatis.org/dtd/mybatis-3-mapper.dtd">

<mapper namespace="jp.co.nsd.nkssweb.dao.mapper.SeisanshoJokyakuNaiyoMapper">

    <select id="selectByWhere" parameterType="jp.co.nsd.nkssweb.dao.SeisanshoJokyakuNaiyo"
        resultType="jp.co.nsd.nkssweb.dao.SeisanshoJokyakuNaiyo">
        SELECT
            kss006.jokyaku_seisan_sho_id                            AS jokyakuSeisanShoId
          , kss006.jokyaku_seisan_sho_no                            AS jokyakuSeisanShoNo
          , kss006.kenmei_nm                                        AS kenmeiNm
          , kss006.jokyaku_yote_ymd                                 AS jokyakuYoteYmd
          , replace(kss011.soshiki_ren_nm, '直属', '')              AS soshikiRenNm
        FROM
          kss006
          INNER JOIN kss011
            ON (
              kss006.seisan_soshiki_cd = kss011.soshiki_cd
              AND kss011.disabled_flg = '0'
              AND CURRENT_DATE >= kss011.tekiyo_start_ymd
            )
        <where>
        0 = 0
        <if test="jokyakuSeisanShoNo != ''">
            AND kss006.jokyaku_seisan_sho_no LIKE CONCAT(CONCAT('%', #{jokyakuSeisanShoNo, jdbcType=VARCHAR}), '%')
        </if>
        <if test="jokyakuYoteYmdFrom != ''">
            AND kss006.jokyaku_yote_ymd <![CDATA[ >= ]]> CAST(#{jokyakuYoteYmdFrom} AS DATE)
        </if>
        <if test="jokyakuYoteYmdTo != ''">
            AND kss006.jokyaku_yote_ymd <![CDATA[ <= ]]> CAST(#{jokyakuYoteYmdTo} AS DATE)
        </if>
        <if test="kenmeiNm != ''">
            AND kss006.kenmei_nm LIKE CONCAT(CONCAT('%', #{kenmeiNm, jdbcType=VARCHAR}), '%')
        </if>
        <if test="soshikiRenNm != ''">
            AND kss011.soshiki_ren_nm LIKE CONCAT(CONCAT('%', #{soshikiRenNm, jdbcType=VARCHAR}), '%')
        </if>
        </where>
        ORDER BY
          kss006.jokyaku_seisan_sho_no
    </select>

    <select id="selectBySeisanShoNo" parameterType="jp.co.nsd.nkssweb.dao.SeisanshoJokyakuNaiyoShokai"
        resultType="jp.co.nsd.nkssweb.dao.SeisanshoJokyakuNaiyoShokai">
        SELECT
            kss006.jokyaku_seisan_sho_id                               AS jokyakuSeisanShoId
          , kss006.jokyaku_seisan_sho_no                               AS jokyakuSeisanShoNo
          , kss006.kenmei_nm                                           AS kenmeiNm
          , kss006.jokyaku_yote_ymd                                    AS jokyakuYoteYmd
          , kss006.jokyaku_ymd                                         AS jokyakuYmd
          , kss006.shonin_status                                       AS shoninStatus
          , kss006.tekiyo
          , replace(kss011.soshiki_ren_nm, '直属', '')                 AS soshikiRenNm
          , kss007.jokyaku_shisan_id                                   AS jokyakuShisanId
          , kss007.jokyaku_gaku                                        AS jokyakuGaku
          , kss007.moto_kotei_shisan_id                                AS motoKoteiShisanId
          , kss007.rireki_no                                           AS rirekiNo
          , kss007.jokyaku_shubetsu_cd                                 AS jokyakuShubetsuCd
          , kss007.jokyaku_suryo                                       AS jokyakuSuryo
          , kss007.jokyaku_kbn                                         AS jokyakuKbn
          , kss007.update_date                                         AS updateDate
        FROM
          kss006
          INNER JOIN kss007
            ON (
              kss007.jokyaku_seisan_sho_id = kss006.jokyaku_seisan_sho_id
            )
          INNER JOIN kss011
            ON (
              kss011.soshiki_cd = kss006.seisan_soshiki_cd
              AND kss011.disabled_flg = '0'
              AND CURRENT_DATE >= kss011.tekiyo_start_ymd
            )
        WHERE
          kss007.jokyaku_seisan_sho_id = #{jokyakuSeisanShoId, jdbcType=CHAR}
        ORDER BY
            kss007.moto_kotei_shisan_id
    </select>

    <select id="getJokyakuSeisanInfo"  parameterType="java.lang.String"
      resultType="jp.co.nsd.nkssweb.dao.SeisanshoJokyakuNaiyoPrint">
        SELECT
            kss006.jokyaku_seisan_sho_id                              AS jokyakuSeisanShoId
          , kss006.kenmei_nm                                          AS kenmei
          , trim(kss006.seisan_soshiki_cd)                            AS seisanSoshikiCd
          , COALESCE(REPLACE (kss011.soshiki_ren_nm, '直属', ''), '') AS soshikiRenNm
          , kss006.jokyaku_seisan_sho_no AS jokyakuSeisanShoNo
          , CASE
            WHEN kss006.jokyaku_yote_ymd IS NULL
            THEN '―'
            ELSE to_char(kss006.jokyaku_yote_ymd, 'yyyy/MM/dd')
            END                          AS jokyakuYoteYmd
          , CASE
            WHEN trim(COALESCE(kss006.tekiyo, '')) = ''
            THEN '―'
            ELSE trim(COALESCE(kss006.tekiyo, ''))
            END                          AS tekiyo
          , sum(kss005Kw.count)          AS shutokuSisanCnt
          , sum(kss005Kw.jokyakuGakuSum) AS jokyakuGakuSum
          , sum(kss005Kw.ksJkgnrzYenSum) AS ksJkgnrzYenSum
          , sum(kss005Kw.ksJkgnrsYenSum) AS ksJkgnrsYenSum
          , sum(kss005Kw.tyoBozYenSum)   AS tyoBozYenSum
          , sum(kss005Kw.tyoBosYenSum)   AS tyoBosYenSum
          , sum(kss005Kw.ksJksonzYenSum) AS ksJksonzYenSum
          , sum(kss005Kw.ksJksonsYenSum) AS ksJksonsYenSum
          , sum(kss005Kw.rwgSonruisYenSum) AS rwgSonruisYenSum
        FROM
          kss006
          LEFT JOIN (
            SELECT
                kss007.jokyaku_seisan_sho_id
              , count(*)
              , COALESCE(sum(kss007.jokyaku_gaku), 0)  AS jokyakuGakuSum
              , COALESCE(sum(kss007.ks_jkgnrz_yen), 0) AS ksJkgnrzYenSum
              , COALESCE(sum(kss007.ks_jkgnrs_yen), 0) AS ksJkgnrsYenSum
              , CASE trim(kss007.kamoku_cd_3)
                WHEN '99' THEN COALESCE(sum(kss007.jokyaku_gaku), 0)
                ELSE COALESCE(sum(kss007.jokyaku_gaku), 0) - COALESCE(sum(kss007.ks_jkgnrz_yen), 0)
                END tyoBozYenSum
              , CASE trim(kss007.kamoku_cd_3)
                WHEN '99' THEN COALESCE(sum(kss007.jokyaku_gaku), 0)
                ELSE COALESCE(sum(kss007.jokyaku_gaku), 0) - COALESCE(sum(kss007.ks_jkgnrs_yen), 0) - COALESCE(sum(kss007.ks_jkgenson_yen), 0)
                END tyoBosYenSum
              , COALESCE(sum(kss007.ks_sel_yen), 0)    AS ks_sel_yen
              , COALESCE(sum(kss007.ks_jksonrui_yen), 0)    AS rwgSonruisYenSum
              , CASE trim(kss007.kamoku_cd_3)
                WHEN '99' THEN 0
                ELSE COALESCE(sum(kss007.ks_jksonz_yen), 0)
                END ksJksonzYenSum
              , CASE trim(kss007.kamoku_cd_3)
                WHEN '99' THEN 0
                ELSE COALESCE(sum(kss007.ks_jksons_yen), 0)
                END ksJksonsYenSum
            FROM
              kss006
              LEFT JOIN kss007
                ON (
                  kss007.jokyaku_seisan_sho_id = kss006.jokyaku_seisan_sho_id
                )
            GROUP BY
              kss007.jokyaku_seisan_sho_id
              , kss007.shurui_cd
              , kss007.kouzou_cd
              , kss007.shisan_tani_cd
              , kss007.kamoku_cd_1
              , kss007.kamoku_cd_2
              , kss007.kamoku_cd_3
          ) AS kss005Kw
            ON (
              kss005Kw.jokyaku_seisan_sho_id = kss006.jokyaku_seisan_sho_id
            )
          LEFT JOIN kss011
            ON (
              kss011.soshiki_cd = kss006.seisan_soshiki_cd
              AND kss011.tekiyo_start_ymd = kss006.tekiyo_start_ymd
            )
        WHERE
          kss006.jokyaku_seisan_sho_id = #{jokyakuSeisanShoId, jdbcType=CHAR}
        GROUP BY
          kss006.jokyaku_seisan_sho_id
          , kss006.kenmei_nm
          , kss006.seisan_soshiki_cd
          , kss011.soshiki_ren_nm
          , kss006.jokyaku_seisan_sho_no
          , kss006.jokyaku_yote_ymd
          , kss006.tekiyo
    </select>

    <select id="getKoteiInfo"  parameterType="java.lang.String"
      resultType="jp.co.nsd.nkssweb.dao.SeisanshoJokyakuNaiyoPrint">
        SELECT
            trim(kss007.shurui_cd)                 AS shuruiCd
          , trim(kss007.kouzou_cd)                 AS kouzouCd
          , trim(kss007.shisan_tani_cd)            AS shisanTaniCd
          , trim(kss007.kamoku_cd_1)               AS kamokuCd1
          , trim(kss007.kamoku_cd_2)               AS kamokuCd2
          , trim(kss007.kamoku_cd_3)               AS kamokuCd3
          , trim(awdv02.shu_knj)                   AS shuKnj
          , trim(awdv02.kou_knj)                   AS kouKnj
          , trim(awdv02.sai_knj)                   AS saiKnj
          , trim(awdv02.shu4_knj)                  AS shu4Knj
          , trim(awdv02.shu5_knj)                  AS shu5Knj
          , trim(awdv02.shu6_knj)                  AS shu6Knj
          , count(*)                               AS kenSu
          , COALESCE(sum(kss007.jokyaku_gaku), 0)  AS jokyakuGaku
          , COALESCE(sum(kss007.ks_jkgnrz_yen), 0) AS ksJkgnrzYen
          , COALESCE(sum(kss007.ks_jkgnrs_yen), 0) AS ksJkgnrsYen
          , CASE trim(kss007.kamoku_cd_3)
            WHEN '99' THEN COALESCE(sum(kss007.jokyaku_gaku), 0)
            ELSE COALESCE(sum(kss007.jokyaku_gaku), 0) - COALESCE(sum(kss007.ks_jkgnrz_yen), 0)
            END tyoBozYen
          , CASE trim(kss007.kamoku_cd_3)
            WHEN '99' THEN COALESCE(sum(kss007.jokyaku_gaku), 0)
            ELSE COALESCE(sum(kss007.jokyaku_gaku), 0) - COALESCE(sum(kss007.ks_jkgnrs_yen), 0) - COALESCE(sum(kss007.ks_jkgenson_yen), 0)
            END tyoBosYen
          , COALESCE(sum(kss007.ks_sel_yen), 0)    AS ks_sel_yen
          , COALESCE(sum(kss007.ks_jkgenson_yen), 0)    AS rwgSonruisYen
          , CASE trim(kss007.kamoku_cd_3)
            WHEN '99' THEN 0
            ELSE COALESCE(sum(kss007.ks_jksonz_yen), 0)
            END ksJksonzYen
          , CASE trim(kss007.kamoku_cd_3)
            WHEN '99' THEN 0
            ELSE COALESCE(sum(kss007.ks_jksons_yen), 0)
            END ksJksonsYen
          , CASE
            WHEN trim(awdm01.mw1_torihiki_cod) IS NULL
            THEN '―'
            ELSE trim(awdm01.mw1_torihiki_cod)
            END                                    AS torihikiSakiCd
          , CASE
            WHEN trim(awdm01.mw1_torihiki_cod) IS NULL
            THEN '―'
            ELSE trim(awdm01.mw1_torihiki_knj)
            END                                    AS torihikiSakiNm
        FROM
          kss006
          LEFT JOIN kss007
            ON (
              kss007.jokyaku_seisan_sho_id = kss006.jokyaku_seisan_sho_id
            )
          LEFT JOIN awdv02
            ON (
              awdv02.shu_cod = kss007.shurui_cd
              AND awdv02.kou_cod = kss007.kouzou_cd
              AND awdv02.sai_cod = kss007.shisan_tani_cd
              AND awdv02.shu4_cod = kss007.kamoku_cd_1
              AND awdv02.shu5_cod = kss007.kamoku_cd_2
              AND awdv02.shu6_cod = kss007.kamoku_cd_3
            )
          LEFT JOIN awdm01
            ON (
              awdm01.mw1_kotei_cod = kss007.moto_kotei_shisan_id
              AND awdm01.mw1_rrk_cod = kss007.rireki_no
            )
        WHERE
          kss006.jokyaku_seisan_sho_id = #{jokyakuSeisanShoId, jdbcType=CHAR}
        GROUP BY
          kss007.jokyaku_seisan_sho_id
          , kss007.shurui_cd
          , kss007.kouzou_cd
          , kss007.shisan_tani_cd
          , kss007.kamoku_cd_1
          , kss007.kamoku_cd_2
          , kss007.kamoku_cd_3
          , awdv02.shu_knj
          , awdv02.kou_knj
          , awdv02.sai_knj
          , awdv02.shu4_knj
          , awdv02.shu5_knj
          , awdv02.shu6_knj
          , awdm01.mw1_torihiki_cod
          , awdm01.mw1_torihiki_knj
    </select>

    <select id="getJokyakuDaityoInfo"  parameterType="java.lang.String"
    resultType="jp.co.nsd.nkssweb.dao.SeisanshoJokyakuNaiyoPrint">
        SELECT
            awdm01.mw1_kotei_no                       AS koteiNo
          , awdm01.mw1_kotei_knj                      AS koteiKnj
          , CASE
            WHEN trim(COALESCE(kss007.shurui_cd, '')) = ''
            THEN '―'
            ELSE trim(COALESCE(kss007.shurui_cd, ''))
            END                                       AS shuruiCd
          , CASE
            WHEN trim(COALESCE(kss007.kouzou_cd, '')) = ''
            THEN '―'
            ELSE trim(COALESCE(kss007.kouzou_cd, ''))
            END                                       AS kouzouCd
          , CASE
            WHEN trim(COALESCE(kss007.shisan_tani_cd, '')) = ''
            THEN '―'
            ELSE trim(COALESCE(kss007.shisan_tani_cd, ''))
            END                                       AS shisanTaniCd
          , CASE
            WHEN trim(COALESCE(kss007.kamoku_cd_1, '')) = ''
            THEN '―'
            ELSE trim(COALESCE(kss007.kamoku_cd_1, ''))
            END                                       AS kamokuCd1
          , CASE
            WHEN trim(COALESCE(kss007.kamoku_cd_2, '')) = ''
            THEN '―'
            ELSE trim(COALESCE(kss007.kamoku_cd_2, ''))
            END                                       AS kamokuCd2
          , CASE
            WHEN trim(COALESCE(kss007.kamoku_cd_3, '')) = ''
            THEN '―'
            ELSE trim(COALESCE(kss007.kamoku_cd_3, ''))
            END                                       AS kamokuCd3
          , CASE
            WHEN trim(COALESCE(awda10.awa_basho_cod, '')) = ''
            THEN '―'
            ELSE trim(COALESCE(awda10.awa_basho_cod, ''))
            END                                       AS bashoCod
          , CASE
            WHEN trim(COALESCE(awda10.awa_basho_cod, '')) = ''
            THEN '―'
            ELSE trim(COALESCE(awda10.awa_basho_knj, ''))
            END                                       AS bashoKnj
          , to_char(awdm01.mw1_get_ymd, 'yyyy/MM/dd') AS shutokuYmd
          , to_char(awdm01.mw1_use_ymd, 'yyyy/MM/dd') AS siyoStartYmd
          , awda15.awf_tani_cod                       AS taniCod
          , awda15.awf_tani_knj                       AS taniKnj
          , COALESCE(awdm02.mw2_mei_su, 0)            AS motoMeiSu
          , COALESCE(awdm02.mw2_getkgk_yen, 0)        AS motoGetkgkYen
          , COALESCE(kss007.jokyaku_suryo, 0)         AS jokyakuSuryo
          , COALESCE(kss007.jokyaku_gaku, 0)          AS jokyakuGaku
          , COALESCE(kss007.zan_suryo, 0)             AS zanSuryo
          , COALESCE(kss007.ks_zgtkgk_yen, 0)         AS zangtkgkYen
          , CASE trim(kss007.kamoku_cd_3)
            WHEN '99' THEN 0
            ELSE COALESCE(kss007.ks_jkbkas_yen, 0) * COALESCE(kss007.ks_jkagk1_yen, 0) / COALESCE(kss007.jokyaku_gaku, 0)
            END buppinGaku
          , CASE trim(kss007.kamoku_cd_3)
            WHEN '99' THEN 0
            ELSE COALESCE(kss007.ks_jkbkas_yen, 0) - (
              COALESCE(kss007.ks_jkbkas_yen, 0) * COALESCE(kss007.ks_jkagk1_yen, 0) / COALESCE(kss007.jokyaku_gaku, 0)
            )
            END kouhiGaku
          , CASE trim(kss007.kamoku_cd_3)
            WHEN '99' THEN 0
            ELSE COALESCE(kss007.ks_jkbkas_yen, 0)
            END bokaSum
          , CASE trim(kss007.kamoku_cd_3)
            WHEN '99' THEN 0
            ELSE COALESCE(kss007.ks_jksons_yen, 0)
            END ksJksonYen
          , trim(awdm01.mw1_memo_knj)                 AS tekiyo1
          , trim(awdm02.mw2_memo_knj)                 AS tekiyo2
          , trim(awdm02.mw2_komk11_knj)               AS tekiyo3
          , trim(awdm02.mw2_komk12_knj)               AS tekiyo4
          , trim(awdm02.mw2_komk13_knj)               AS tekiyo5
          , CASE
            WHEN trim(awdm01.mw1_torihiki_cod) IS NULL
            THEN '―'
            ELSE trim(awdm01.mw1_torihiki_cod)
            END                                       AS torihikiSakiCd
          , CASE
            WHEN trim(awdm01.mw1_torihiki_cod) IS NULL
            THEN '―'
            ELSE trim(awdm01.mw1_torihiki_knj)
            END                                       AS torihikiSakiNm
          , trim(awdv02.shu_knj)                      AS shuKnj
          , trim(awdv02.kou_knj)                      AS kouKnj
          , trim(awdv02.sai_knj)                      AS saiKnj
          , trim(awdv02.shu4_knj)                     AS shu4Knj
          , trim(awdv02.shu5_knj)                     AS shu5Knj
          , trim(awdv02.shu6_knj)                     AS shu6Knj
          , trim(awdm01.mw1_kanri_cod)                AS kanriCod
          , trim(awdm01.mw1_kanri_knj)                AS kanriKnj
          , CASE coalesce(trim(awdm0102.mw2_komk06_kna), ' ')
            WHEN ' ' THEN '0'
            ELSE '1'
            END                                       AS koshiKbn
        FROM
          kss006
          INNER JOIN kss007
            ON (
              kss007.jokyaku_seisan_sho_id = kss006.jokyaku_seisan_sho_id
            )
          LEFT JOIN awdm01
            ON (
              awdm01.mw1_kotei_cod = kss007.moto_kotei_shisan_id
              AND awdm01.mw1_rrk_cod = kss007.rireki_no
            )
          INNER JOIN awdm02
            ON (
              awdm01.mw1_kotei_cod = awdm02.mw2_kotei_cod
              AND awdm01.mw1_rrk_cod = awdm02.mw2_korrk_cod
            )
          LEFT JOIN awdv02
            ON (
              awdv02.shu_cod = kss007.shurui_cd
              AND awdv02.kou_cod = kss007.kouzou_cd
              AND awdv02.sai_cod = kss007.shisan_tani_cd
              AND awdv02.shu4_cod = kss007.kamoku_cd_1
              AND awdv02.shu5_cod = kss007.kamoku_cd_2
              AND awdv02.shu6_cod = kss007.kamoku_cd_3
            )
          LEFT JOIN (
            SELECT
                CASE coalesce(trim(awdm02.mw2_komk06_kna), ' ')
                WHEN ' ' THEN NULL
                ELSE trim(awdm02.mw2_komk06_kna)
                END AS mw2_komk06_kna
            FROM
              awdm01
              INNER JOIN awdm02
                ON (awdm01.mw1_kotei_cod = awdm02.mw2_kotei_cod)
              INNER JOIN awdm31
                ON (
                  awdm02.mw2_mei_cod = awdm31.mwv_mei_cod
                  AND awdm02.mw2_meico_cod = awdm31.mwv_meico_cod
                  AND awdm02.mw2_rrk_cod = awdm31.mwv_rrk_cod
                  AND awdm01.mw1_kotei_cod = awdm31.mwv_kotei_cod
                  AND awdm01.mw1_rrk_cod = awdm31.mwv_korrk_cod
                )
            WHERE
                      awdm01.mw1_new_flg = '1'
                  AND awdm01.mw1_jyokyk_ymd IS NULL
                  AND awdm01.mw1_appcon_cod = '2'
                  AND awdm01.mw1_jkksei_kbn = '0'
                  AND awdm02.mw2_meimko_ymd IS NULL
                  AND awdm02.mw2_appcon_cod = '2'
                  AND awdm02.mw2_new_flg = '1'
                  AND trim(awdm02.mw2_mei_cod) IS NOT NULL
                  AND trim(awdm01.mw1_kotei_no) != trim(COALESCE(awdm02.mw2_komk06_kna, '000000000000000'))
            GROUP BY
              awdm02.mw2_komk06_kna
          ) AS awdm0102
            ON (
              trim(awdm0102.mw2_komk06_kna) = awdm01.mw1_kotei_no
            )
          LEFT JOIN awda10
            ON (awda10.awa_basho_cod = awdm02.mw2_basho_cod)
          LEFT JOIN awda15
            ON (awda15.awf_tani_cod = awdm02.mw2_mei_tni)
        WHERE
          kss006.jokyaku_seisan_sho_id = #{jokyakuSeisanShoId, jdbcType=CHAR}
          AND awdm02.mw2_meimko_ymd IS NULL
          AND awdm02.mw2_appcon_cod = '2'
          AND awdm02.mw2_new_flg = '1'
    </select>

    <select id="getJokyakuOyakoteiInfo"  parameterType="java.lang.String"
    resultType="java.lang.String">
		SELECT
		    awdm0102.mw1_kotei_no AS koteiShisanNo
		FROM
		  kss006
		  INNER JOIN kss007
		    ON (
		      kss007.jokyaku_seisan_sho_id = kss006.jokyaku_seisan_sho_id
		    )
		  INNER JOIN awdm01
		    ON (
		      awdm01.mw1_kotei_cod = kss007.moto_kotei_shisan_id
		      AND awdm01.mw1_rrk_cod = kss007.rireki_no
		    )
		  INNER JOIN awdm02
		    ON (
		      awdm01.mw1_kotei_cod = awdm02.mw2_kotei_cod
		      AND awdm01.mw1_rrk_cod = awdm02.mw2_korrk_cod
		    )
		  INNER JOIN (
		    SELECT
		        awdm01.mw1_kotei_no
		      , CASE coalesce(trim(awdm02.mw2_komk06_kna), ' ')
		        WHEN ' ' THEN NULL
		        ELSE trim(awdm02.mw2_komk06_kna)
		        END AS mw2_komk06_kna
		    FROM
		      awdm01
		      INNER JOIN awdm02
		        ON (awdm01.mw1_kotei_cod = awdm02.mw2_kotei_cod)
		      INNER JOIN awdm31
		        ON (
		          awdm02.mw2_mei_cod = awdm31.mwv_mei_cod
		          AND awdm02.mw2_meico_cod = awdm31.mwv_meico_cod
		          AND awdm02.mw2_rrk_cod = awdm31.mwv_rrk_cod
		          AND awdm01.mw1_kotei_cod = awdm31.mwv_kotei_cod
		          AND awdm01.mw1_rrk_cod = awdm31.mwv_korrk_cod
		        )
		    WHERE
		              awdm01.mw1_new_flg = '1'
		          AND awdm01.mw1_jyokyk_ymd IS NULL
		          AND awdm01.mw1_appcon_cod = '2'
		          AND awdm01.mw1_jkksei_kbn = '0'
		          AND awdm02.mw2_meimko_ymd IS NULL
		          AND awdm02.mw2_appcon_cod = '2'
		          AND awdm02.mw2_new_flg = '1'
		          AND trim(awdm02.mw2_mei_cod) IS NOT NULL
		          AND trim(awdm01.mw1_kotei_no) != trim(COALESCE(awdm02.mw2_komk06_kna, '000000000000000'))
		  ) AS awdm0102
		    ON (
		      trim(awdm0102.mw2_komk06_kna) = trim(awdm01.mw1_kotei_no)
		    )
        WHERE
          kss006.jokyaku_seisan_sho_id = #{jokyakuSeisanShoId, jdbcType=CHAR}
    </select>
</mapper>