<?xml version="1.0" encoding="UTF-8"?>
<!DOCTYPE mapper PUBLIC "-//mybatis.org//DTD Mapper 3.0//EN" "http://mybatis.org/dtd/mybatis-3-mapper.dtd">

<mapper namespace="jp.co.nsd.nkssweb.dao.mapper.SeisanshoShutokuMapper">
  <select id="kensaku" parameterType="jp.co.nsd.nkssweb.dao.SeisanshoShutokuKensaku"
                       resultType="jp.co.nsd.nkssweb.dao.SeisanshoShutokuKensaku">
      SELECT DISTINCT
          kss004.seisan_sho_id                       AS seisanShoId,
          kss004.seisan_sho_no                       AS seisanShoNo,
          kss004.kotei_shisan_Id                     AS koteiShisanId,
          kss011.soshiki_nm                          AS soshikiNm,
          replace(kss011.soshiki_ren_nm, '直属', '')              AS soshikiRenNm,
          kss004.siyo_start_ymd                      AS siyoStartYmdFrom,
          kss013.name                                AS torokushaName,
          kss004.kotei_shisan_no                     AS koteiShisanNo,
          kss005.kotei_shisan_nm                     AS koteiShisanName,
          kss005.shutoku_ymd                         AS shutokuYmdFrom,
          awda10.awa_basho_knj                       AS sechiBashoName,
          tmp.ab8_kmouwk_cod                         AS kenmeiCd,
          tmp.ab8_kmouwk_knj                         AS kenmeiNm,
          kss005.kanri_soshiki_cd                    AS kanriSoshikiCd,
          kss005.koji_tanto_user_nm                  AS kojiTantoUserNm,
          kss005.koji_tanto_soshiki_cd               AS kojiTantoSoshikiCd
      FROM
          kss004
          INNER JOIN kss005
                 ON (kss004.seisan_sho_id = kss005.seisan_sho_id
                     AND kss004.kotei_shisan_id = kss005.kotei_shisan_id)
          INNER JOIN kss011
                 ON (kss004.seisan_soshiki_cd = kss011.soshiki_cd
                     AND current_date <![CDATA[ >= ]]> kss011.tekiyo_start_ymd
                     AND kss011.disabled_flg = '0'
                    )
          LEFT JOIN (SELECT user_id, nyusha_ymd, CONCAT(kss013.sei, rtrim(ltrim(kss013.mei,'　'),'　')) AS name
                     FROM kss013
                     WHERE current_date <![CDATA[ >= ]]> nyusha_ymd) AS kss013
                 ON (kss004.seisan_entry_user_id = kss013.user_id)
          LEFT JOIN awda10
                 ON (kss005.sechi_basho_cd = awda10.awa_basho_cod)
          INNER JOIN (
            SELECT
                abda08.ab8_kmouwk_cod AS ab8_kmouwk_cod
              , abda08.ab8_kmouwk_knj AS ab8_kmouwk_knj
              , abda08.ab8_tekiyf_ymd AS ab8_tekiyf_ymd
              , abda08.ab8_tekiyt_ymd AS ab8_tekiyt_ymd
              , kss002.kenmei_id      AS kenmei_id
            FROM
              abda08
              INNER JOIN kss002
                ON (
                  kss002.kenmei_cd = abda08.ab8_kmouwk_cod
                  AND kss002.tekiyo_start_ymd = abda08.ab8_tekiyf_ymd
                )
          ) tmp
            ON (
              tmp.kenmei_id = kss004.kenmei_id
              AND kss004.siyo_start_ymd <![CDATA[ >= ]]> tmp.ab8_tekiyf_ymd
              AND kss004.siyo_start_ymd <![CDATA[ <= ]]> tmp.ab8_tekiyt_ymd
            )
    <where>
      0 = 0
      <if test="seisanShoNo != ''">
        AND kss004.seisan_sho_no LIKE CONCAT(CONCAT('%', #{seisanShoNo, jdbcType=VARCHAR}), '%')
      </if>
      <if test="soshikiNm != ''">
        AND kss011.soshiki_nm LIKE CONCAT(CONCAT('%', #{soshikiNm, jdbcType=VARCHAR}), '%')
      </if>
      <if test="siyoStartYmdFrom != ''">
        AND kss004.siyo_start_ymd <![CDATA[ >= ]]> CAST(#{siyoStartYmdFrom} AS DATE)
      </if>
      <if test="siyoStartYmdTo != ''">
        AND kss004.siyo_start_ymd <![CDATA[ <= ]]> CAST(#{siyoStartYmdTo} AS DATE)
      </if>
      <if test="torokushaName != ''">
        AND kss013.name LIKE CONCAT(CONCAT('%', #{torokushaName, jdbcType=VARCHAR}), '%')
      </if>
      <if test="koteiShisanNo != ''">
        AND kss004.kotei_shisan_no LIKE CONCAT(CONCAT('%', #{koteiShisanNo, jdbcType=VARCHAR}), '%')
      </if>
      <if test="koteiShisanName != ''">
        AND kss005.kotei_shisan_nm LIKE CONCAT(CONCAT('%', #{koteiShisanName, jdbcType=VARCHAR}), '%')
      </if>
      <if test="shutokuYmdFrom != ''">
        AND kss005.shutoku_ymd <![CDATA[ >= ]]> CAST(#{shutokuYmdFrom} AS DATE)
      </if>
      <if test="shutokuYmdTo != ''">
        AND kss005.shutoku_ymd <![CDATA[ <= ]]> CAST(#{shutokuYmdTo} AS DATE)
      </if>
      <if test="sechiBashoName != ''">
        AND awda10.awa_basho_knj LIKE CONCAT(CONCAT('%', #{sechiBashoName, jdbcType=VARCHAR}), '%')
      </if>
      <if test="kenmeiNm != ''">
        AND tmp.ab8_kmouwk_knj LIKE CONCAT(CONCAT('%', #{kenmeiNm, jdbcType=VARCHAR}), '%')
      </if>
      <if test="kojiTantoSoshikiCd != ''">
        AND kss005.koji_tanto_soshiki_cd LIKE CONCAT(CONCAT('%', #{kojiTantoSoshikiCd, jdbcType=VARCHAR}), '%')
      </if>
      <if test="kojiTantoUserNm != ''">
        AND kss005.koji_tanto_user_nm LIKE CONCAT(CONCAT('%', #{kojiTantoUserNm, jdbcType=VARCHAR}), '%')
      </if>
    </where>
        ORDER BY
          kss004.seisan_sho_no,kss004.kotei_shisan_no
  </select>

  <select id="shokai" parameterType="jp.co.nsd.nkssweb.dao.SeisanshoShutokuShokai"
        resultType="jp.co.nsd.nkssweb.dao.SeisanshoShutokuShokai">
        SELECT
            kss004.seisan_sho_id         AS seisanShoId
          , kss004.kotei_shisan_Id       AS koteiShisanId
          , kss011.soshiki_nm            AS soshikiNm
          , awda10.awa_basho_knj         AS sechiBashoName
          , tmp.ab8_kmouwk_cod           AS kenmeiCd
          , tmp.ab8_kmouwk_knj           AS kenmeiNm
          , tmp.ab8_tekiyf_ymd           AS tekiyoStartYmd
          , tmp.ab8_tekiyt_ymd           AS tekiyoEndYmd
          , kss004.siyo_start_ymd        AS siyoStartYmd
          , kss004.kotei_shisan_no       AS koteiShisanNo
          , kss005.komoku_06             AS komoku06
          , kss005.komoku_07             AS oyaKoteiShisanEda
          , TO_CHAR(kss005.shutoku_ymd, 'yyyy-mm-dd') AS shutokuYmd
          , kss005.kotei_shisan_nm       AS koteiShisanNm
          , trim(kss005.shurui_cd)       AS shuruiCd
          , trim(kss005.kouzou_cd)       AS kouzouCd
          , trim(kss005.shisan_tani_cd)  AS shisanTaniCd
          , trim(kss005.kamoku_cd_1)     AS kamokuCd1
          , trim(kss005.kamoku_cd_2)     AS kamokuCd2
          , trim(kss005.kamoku_cd_3)     AS kamokuCd3
          , awdv02.shu_knj               AS shuKnj
          , awdv02.kou_knj               AS kouKnj
          , awdv02.sai_knj               AS saiKnj
          , awdv02.shu4_knj              AS shu4Knj
          , awdv02.shu5_knj              AS shu5Knj
          , awdv02.shu6_knj              AS shu6Knj
          , kss005.taiyo_nensu_zei       AS taiyoNensuZei
          , kss005.taiyo_nensu_sho       AS taiyoNensuSho
          , kss005.torihiki_saki_cd      AS torihikiSakiCd
          , abda12.abb_torihk_knj        AS torihikiSakiNm
          , abda12.abb_tekiyf_ymd        AS torihikiSakiTekiyoYmdF
          , abda12.abb_tekiyt_ymd        AS torihikiSakiTekiyoYmdT
          , kss005.seizo_kaisha_nm       AS seizoKaishaNm
          , kss005.seihin_nm             AS seihinNm
          , kss005.kataban               AS kataban
          , kss005.suryo                 AS suryo
          , kss005.tani_cd               AS taniCd
          , awda15.awf_tani_knj          AS taniNm
          , kss005.buppin_gaku           AS buppinGaku
          , kss005.kouhi_gaku            AS kouhiGaku
          , kss005.sou_keihi_gaku        AS souKeihiGaku
          , kss005.buppin_gaku + kss005.kouhi_gaku + kss005.sou_keihi_gaku      AS shutokuGaku
          , kss005.kanri_soshiki_cd      AS kanriSoshikiCd
          , kanri.ab9_soshik_knj         AS kanriSoshikiNm
          , kanri.ab9_tekiyf_ymd         AS kanriSoshikiF
          , kanri.ab9_tekiyt_ymd         AS kanriSoshikiT
          , kss005.futan_soshiki_cd      AS futanSoshikiCd
          , futan.ab9_soshik_knj         AS futanSoshikiNm
          , futan.ab9_tekiyf_ymd         AS futanSoshikiF
          , futan.ab9_tekiyt_ymd         AS futanSoshikiT
          , kss005.sechi_basho_cd        AS sechiBashoCd
          , awda10.awa_basho_knj         AS sechiBashoNm
          , kss005.shutoku_riyu_cd       AS shutokuRiyuCd
          , awda20.awk_meisho_knj        AS shutokuRiyuNm
          , kss005.tekiyo_1              AS tekiyo1
          , kss005.tekiyo_2              AS tekiyo2
          , kss005.tekiyo_3              AS tekiyo3
          , kss005.tekiyo_4              AS tekiyo4
          , kss005.tekiyo_5              AS tekiyo5
          , kss005.koji_tanto_user_nm    AS kojiTantoUserNm
          , kss005.koji_tanto_soshiki_cd AS kojiTantoSoshikiCd
          , kss004.shonin_status         AS shoninStatus
          , kss005.update_date           AS updateDate
        FROM
          kss004
          INNER JOIN kss011
            ON (
              kss004.seisan_soshiki_cd = kss011.soshiki_cd
            )
          INNER JOIN kss005
            ON (
              kss004.seisan_sho_id = kss005.seisan_sho_id
              AND kss004.kotei_shisan_Id = kss005.kotei_shisan_Id
            )
          LEFT JOIN awda10
            ON (kss005.sechi_basho_cd = awda10.awa_basho_cod)
          LEFT JOIN (
            SELECT
                abda08.ab8_kmouwk_cod AS ab8_kmouwk_cod
              , abda08.ab8_kmouwk_knj AS ab8_kmouwk_knj
              , abda08.ab8_tekiyf_ymd AS ab8_tekiyf_ymd
              , abda08.ab8_tekiyt_ymd AS ab8_tekiyt_ymd
              , kss002.kenmei_id      AS kenmei_id
            FROM
              abda08
              INNER JOIN kss002
                ON (
                  kss002.kenmei_cd = abda08.ab8_kmouwk_cod
                  AND kss002.tekiyo_start_ymd = abda08.ab8_tekiyf_ymd
                )
          ) tmp
            ON (
              tmp.kenmei_id = kss004.kenmei_id
              AND kss004.siyo_start_ymd <![CDATA[ >= ]]> tmp.ab8_tekiyf_ymd
              AND kss004.siyo_start_ymd <![CDATA[ <= ]]> tmp.ab8_tekiyt_ymd
            )
          LEFT JOIN awdv02
            ON (
              trim(kss005.shurui_cd) = trim(awdv02.shu_cod)
              AND trim(kss005.kouzou_cd) = trim(awdv02.kou_cod)
              AND trim(kss005.shisan_tani_cd) = trim(awdv02.sai_cod)
              AND trim(kss005.kamoku_cd_1) = trim(awdv02.shu4_cod)
              AND trim(kss005.kamoku_cd_2) = trim(awdv02.shu5_cod)
              AND trim(kss005.kamoku_cd_3) = trim(awdv02.shu6_cod)
            )
          LEFT JOIN abda12
            ON (
              trim(abda12.abb_torihk_cod) = trim(kss005.torihiki_saki_cd)
            )
          LEFT JOIN awda15
            ON (trim(awda15.awf_tani_cod) = trim(kss005.tani_cd))
          LEFT JOIN awda20
            ON (
              trim(awda20.awk_komok_sbt) = '103'
              AND trim(awda20.awk_kmksbt_cod) = trim(kss005.shutoku_riyu_cd)
            )
          LEFT JOIN abda09 AS kanri
            ON (
              trim(kanri.ab9_soshik_cod) = trim(kss005.kanri_soshiki_cd)
              AND kanri.ab9_tekiyf_ymd = kss005.kanri_tekiyo_start_ymd
            )
          LEFT JOIN abda09 AS futan
            ON (
              trim(futan.ab9_soshik_cod) = trim(kss005.futan_soshiki_cd)
              AND futan.ab9_tekiyf_ymd = kss005.futan_tekiyo_start_ymd
            )
    <where>
      0 = 0
      <if test="seisanShoId != ''">
        AND kss004.seisan_sho_id = #{seisanShoId}
      </if>
      <if test="koteiShisanId != ''">
        AND kss004.kotei_shisan_id = #{koteiShisanId}
      </if>
    </where>
  </select>

  <delete id="deleteByPyKey" parameterType="jp.co.nsd.nkssweb.dao.Kss005Key">
    delete from kss005
    where seisan_sho_id = #{seisanShoId,jdbcType=CHAR}
      and kotei_shisan_id = #{koteiShisanId,jdbcType=CHAR}
  </delete>


  <select id="getChkAwdv02" parameterType="jp.co.nsd.nkssweb.dao.Awdv02" resultType="java.lang.Integer">
    SELECT
      count(*)
    FROM
      kss.awdv02
    WHERE
      TRIM(awdv02.shu_cod) = TRIM(#{shuCod, jdbcType=CHAR})
        AND TRIM(awdv02.kou_cod) = TRIM(#{kouCod, jdbcType=CHAR})
        AND TRIM(awdv02.sai_cod) = TRIM(#{saiCod, jdbcType=CHAR})
        AND TRIM(awdv02.shu4_cod) = TRIM(#{shu4Cod, jdbcType=CHAR})
        AND TRIM(awdv02.shu5_cod) = TRIM(#{shu5Cod, jdbcType=CHAR})
        AND TRIM(awdv02.shu6_cod) = TRIM(#{shu6Cod, jdbcType=CHAR})
  </select>

  <select id="getAwdv02Info" parameterType="jp.co.nsd.nkssweb.dao.Awdv02" resultType="java.util.Map">
    SELECT
        trim(a.awk_kmksbt_cod)        AS kmksbtCod1  -- 自他資産区分CD
      , trim(a.awk_meisho_knj)        AS meishoKnj1  -- 自他資産区分名
      , CASE
        WHEN a.awk_kmksbt_cod = '0'
        THEN awda13.awd_bibdjz_yen
        WHEN a.awk_kmksbt_cod = '1'
        THEN awda13.awd_bibdtz_yen
        ELSE 0
        END                           AS bibzYen     -- 備忘価額_税
      , CASE
        WHEN a.awk_kmksbt_cod = '0'
        THEN awda13.awd_bibdjs_yen
        WHEN a.awk_kmksbt_cod = '1'
        THEN awda13.awd_bibdts_yen
        ELSE 0
        END                           AS bibsYen     -- 備忘価額_商
      , trim(b.awk_kmksbt_cod)        AS kmksbtCod2  -- 項目種別コード（申告種類）
      , trim(b.awk_meisho_knj)        AS meishoKnj2  -- 名称（申告種類）
      , trim(c.awk_kmksbt_cod)        AS kmksbtCod3  -- 項目種別コード（償却資産区分）
      , trim(c.awk_meisho_knj)        AS meishoKnj3  -- 名称（償却資産区分）
      , trim(d.awk_kmksbt_cod)        AS kmksbtCod4  -- 項目種別コード（償却連係要否）
      , trim(d.awk_meisho_knj)        AS meishoKnj4  -- 名称（償却連係要否）
      , trim(e.awk_kmksbt_cod)        AS kmksbtCod5  -- 項目種別コード（償却方法_税）
      , trim(e.awk_meisho_knj)        AS meishoKnj5  -- 名称（償却方法_税）
      , trim(f.awk_kmksbt_cod)        AS kmksbtCod6  -- 項目種別コード（償却方法_商）
      , trim(f.awk_meisho_knj)        AS meishoKnj6  -- 名称（償却方法_商）
      , CASE
        WHEN e.awk_kmksbt_cod = '2'
        THEN coalesce(awdv02.zeizan_rit, 0)
        ELSE 0
        END                           AS zanzonRitsuZei-- 残存率_税
      , CASE
        WHEN f.awk_kmksbt_cod = '2'
        THEN coalesce(awdv02.shozan_rit, 0)
        ELSE 0
        END                           AS zanzonRitsuSho-- 残存率_商
      , coalesce(awdv02.zeitai_ys, 0) AS zeitaiYs    -- 税法耐用年数
      , coalesce(awdv02.shotai_ys, 0) AS shotaiYs    -- 商法耐用年数
      , 0                             AS zsykRit     -- 年間償却率_税
      , 0                             AS ssykRit     -- 年間償却率_商
      , trim(awdv02.sisan_kbn)        AS sisanKbn    -- 資産区分
      , trim(awdv02.jtssn_kbn)        AS jtssnKbn    -- 自他資産区分
    FROM
      awdv02
      CROSS JOIN (SELECT * FROM awda13 LIMIT 1) awda13
      LEFT JOIN (
        SELECT
            awk_kmksbt_cod
          , awk_meisho_knj
        FROM
          awda20
        WHERE
          awk_komok_sbt = '083'
      ) a
        ON (trim(a.awk_kmksbt_cod) = trim(awdv02.jtssn_kbn))
      LEFT JOIN (
        SELECT
            awk_kmksbt_cod
          , awk_meisho_knj
        FROM
          awda20
        WHERE
          awk_komok_sbt = '018'
      ) b
        ON (
          trim(b.awk_kmksbt_cod) = trim(awdv02.kotshu_cod)
        )
      LEFT JOIN (
        SELECT
            awk_kmksbt_cod
          , awk_meisho_knj
        FROM
          awda20
        WHERE
          awk_komok_sbt = '027'
      ) c
        ON (trim(c.awk_kmksbt_cod) = trim(awdv02.sky_kbn))
      LEFT JOIN (
        SELECT
            awk_kmksbt_cod
          , awk_meisho_knj
        FROM
          awda20
        WHERE
          awk_komok_sbt = '081'
      ) d
        ON (trim(d.awk_kmksbt_cod) = trim(awdv02.renyn_flg))
      LEFT JOIN (
        SELECT
            awk_kmksbt_cod
          , awk_meisho_knj
        FROM
          awda20
        WHERE
          awk_komok_sbt = '028'
      ) e
        ON (
          trim(e.awk_kmksbt_cod) = trim(awdv02.shkhoh_cod)
        )
      LEFT JOIN (
        SELECT
            awk_kmksbt_cod
          , awk_meisho_knj
        FROM
          awda20
        WHERE
          awk_komok_sbt = '028'
      ) f
        ON (
          trim(f.awk_kmksbt_cod) = trim(awdv02.sshkhoh_cod)
        )
      LEFT JOIN (
        SELECT
            awp_tai_ys
          , awp_shk_kbn
          , awp_yyshk_rit
        FROM
          awda25
      ) g
        ON (
          g.awp_tai_ys = awdv02.zeitai_ys
          AND trim(g.awp_shk_kbn) = trim(awdv02.shkhoh_cod)
        )
      LEFT JOIN (
        SELECT
            awp_tai_ys
          , awp_shk_kbn
          , awp_yyshk_rit
        FROM
          awda25
      ) h
        ON (
          h.awp_tai_ys = awdv02.shotai_ys
          AND trim(h.awp_shk_kbn) = trim(awdv02.sshkhoh_cod)
        )
    WHERE
      TRIM(awdv02.shu_cod) = TRIM(#{shuCod, jdbcType=VARCHAR})
        AND TRIM(awdv02.kou_cod) = TRIM(#{kouCod, jdbcType=VARCHAR})
        AND TRIM(awdv02.sai_cod) = TRIM(#{saiCod, jdbcType=VARCHAR})
        AND TRIM(awdv02.shu4_cod) = TRIM(#{shu4Cod, jdbcType=VARCHAR})
        AND TRIM(awdv02.shu5_cod) = TRIM(#{shu5Cod, jdbcType=VARCHAR})
        AND TRIM(awdv02.shu6_cod) = TRIM(#{shu6Cod, jdbcType=VARCHAR})
  </select>

</mapper>