<?xml version="1.0" encoding="UTF-8"?>
<!DOCTYPE mapper PUBLIC "-//mybatis.org//DTD Mapper 3.0//EN" "http://mybatis.org/dtd/mybatis-3-mapper.dtd">

<mapper namespace="jp.co.nsd.nkssweb.dao.mapper.SeisanshoShoninMapper">
    <select id="selectByWhere" parameterType="jp.co.nsd.nkssweb.dao.SeisanshoShonin"
        resultType="jp.co.nsd.nkssweb.dao.SeisanshoShonin">
      SELECT DISTINCT
          kss004.seisan_sho_no                       AS seisanShoNo,      --精算書番号
          tmp.ab8_kmouwk_cod                           AS kenmeiCd,         --工事件名コード
          kss004.shonin_status                       AS shoninStatusCd,   --承認状態
          kss004.siyo_start_ymd                      AS siyoStartYmd,     --使用開始年月日
          tmp1.shutokuKagakuGokei                    AS shutokuKagakuGokei,      --取得価額合計
          kss013.name                                AS torokusyaNm,             --登録者氏名
          tmp.ab8_kmouwk_knj                  AS kenmeiNm,                --工事件名
          replace(kss011.soshiki_ren_nm, '直属', '')              AS soshikiRenNm             --精算箇所
      FROM
          kss004                -- 精算書
          INNER JOIN kss005                               -- 取得資産明細
            ON (
              kss005.seisan_sho_id = kss004.seisan_sho_id
              AND kss005.kotei_shisan_id = kss004.kotei_shisan_id
            )
          INNER JOIN (
            SELECT
                kss005.seisan_sho_id
              , sum(kss005.buppin_gaku + kss005.kouhi_gaku + kss005.sou_keihi_gaku) AS shutokuKagakuGokei
            FROM
              kss005
            GROUP BY
              kss005.seisan_sho_id
          ) tmp1
            ON (kss004.seisan_sho_id = tmp1.seisan_sho_id)
          INNER JOIN kss011     -- 組織マスタ
              ON (     kss004.seisan_soshiki_cd = kss011.soshiki_cd
                   AND current_date <![CDATA[ >= ]]> kss011.tekiyo_start_ymd
                   AND disabled_flg= '0'
                 )
          LEFT JOIN (SELECT user_id, nyusha_ymd, CONCAT(kss013.sei, rtrim(ltrim(kss013.mei,'　'),'　')) AS name
                     FROM kss013   -- ユーザー情報
                     WHERE current_date <![CDATA[ >= ]]> nyusha_ymd) AS kss013
              ON (kss004.seisan_entry_user_id = kss013.user_id)
          INNER JOIN (
            SELECT
                abda08.ab8_kmouwk_cod AS ab8_kmouwk_cod
              , abda08.ab8_kmouwk_knj AS ab8_kmouwk_knj
              , abda08.ab8_tekiyf_ymd AS ab8_tekiyf_ymd
              , abda08.ab8_tekiyt_ymd AS ab8_tekiyt_ymd
              , kss002.kenmei_id      AS kenmei_id
            FROM
              abda08
              INNER JOIN kss002
                ON (
                  kss002.kenmei_cd = abda08.ab8_kmouwk_cod
                  AND kss002.tekiyo_start_ymd = abda08.ab8_tekiyf_ymd
                )
          ) tmp
            ON (
              tmp.kenmei_id = kss004.kenmei_id
              AND kss004.siyo_start_ymd <![CDATA[ >= ]]> tmp.ab8_tekiyf_ymd
              AND kss004.siyo_start_ymd <![CDATA[ <= ]]> tmp.ab8_tekiyt_ymd
            )
          <where>
            0 = 0
            <if test="seisanShoNo != ''">
                AND kss004.seisan_sho_no LIKE CONCAT(CONCAT('%', #{seisanShoNo, jdbcType=VARCHAR}), '%')
            </if>
            <if test="soshikiRenNm != ''">
                AND kss011.soshiki_ren_nm LIKE CONCAT(CONCAT('%', #{soshikiRenNm, jdbcType=VARCHAR}), '%')
            </if>
            <if test="siyoStartYmdFrom != ''">
                AND kss004.siyo_start_ymd <![CDATA[ >= ]]> CAST(#{siyoStartYmdFrom} AS DATE)
            </if>
            <if test="siyoStartYmdTo != ''">
                AND kss004.siyo_start_ymd <![CDATA[ <= ]]> CAST(#{siyoStartYmdTo} AS DATE)
            </if>
            <if test="torokusyaNm != ''">
                AND kss013.name LIKE CONCAT(CONCAT('%', #{torokusyaNm, jdbcType=VARCHAR}), '%')
            </if>
        <choose>
          <when test="shoninStatusCd != ''">
            AND kss004.shonin_status = #{shoninStatusCd, jdbcType=VARCHAR}
          </when>
          <otherwise>
            AND TRIM(kss004.shonin_status) IN ( '00', '01', '20' )
          </otherwise>
        </choose>
            <if test="kenmeiNm != ''">
                AND tmp.ab8_kmouwk_knj LIKE CONCAT(CONCAT('%', #{kenmeiNm, jdbcType=VARCHAR}), '%')
            </if>
    </where>
        ORDER BY
          kss004.seisan_sho_no
    </select>

    <select id="selectBySeisanShoNo" parameterType="jp.co.nsd.nkssweb.dao.SeisanshoShoninShokai"
        resultType="jp.co.nsd.nkssweb.dao.SeisanshoShoninShokai">
        SELECT
            kss004.riyu                    AS riyu                  --経理否認理由
          , kss004.seisan_sho_no           AS seisanShoNo           --精算書番号
          , kss004.hansu                   AS hansu                 --処理No
          , kss004.siyo_start_ymd          AS siyoStartYmd          --使用開始年月日
          , kss004.shonin_status           AS shoninStatusCd        --承認状態
          , kss004.kotei_shisan_no         AS koteiShisanNo         --固定資産番号
          , tmp1.shutokuKagakuGokei        AS shutokuKagakuGoke     --取得価額合計
          , kss005.kotei_shisan_nm         AS koteiShisanNm         --固定資産名称
          , kss005.shutoku_ymd             AS shutokuYmd            --取得年月日
          , (kss005.buppin_gaku +
             kss005.kouhi_gaku +
             kss005.sou_keihi_gaku)        AS shutokuKagaku         --取得価額
          , tmp.ab8_kmouwk_knj             AS kenmeiNm              --工事件名
          , kss004.seisan_sho_id           AS seisanShoId           --精算書ＩＤ
          , kss004.kotei_shisan_id         AS koteiShisanId         --固定資産ＩＤ
          , kss004.update_date             AS updateDate
        FROM
          kss004               -- 精算書
          INNER JOIN kss005     -- 取得資産明細
              ON (
                  kss005.seisan_sho_id = kss004.seisan_sho_id
                  AND kss005.kotei_shisan_id = kss004.kotei_shisan_id
                 )
          INNER JOIN (
            SELECT
                kss005.seisan_sho_id
              , sum(kss005.buppin_gaku + kss005.kouhi_gaku + kss005.sou_keihi_gaku) AS shutokuKagakuGokei
            FROM
              kss005
            GROUP BY
              kss005.seisan_sho_id
          ) tmp1
            ON (kss004.seisan_sho_id = tmp1.seisan_sho_id)
          INNER JOIN (
            SELECT
                abda08.ab8_kmouwk_cod AS ab8_kmouwk_cod
              , abda08.ab8_kmouwk_knj AS ab8_kmouwk_knj
              , abda08.ab8_tekiyf_ymd AS ab8_tekiyf_ymd
              , abda08.ab8_tekiyt_ymd AS ab8_tekiyt_ymd
              , kss002.kenmei_id      AS kenmei_id
            FROM
              abda08
              INNER JOIN kss002
                ON (
                  kss002.kenmei_cd = abda08.ab8_kmouwk_cod
                  AND kss002.tekiyo_start_ymd = abda08.ab8_tekiyf_ymd
                )
          ) tmp
            ON (
              tmp.kenmei_id = kss004.kenmei_id
              AND kss004.siyo_start_ymd <![CDATA[ >= ]]> tmp.ab8_tekiyf_ymd
              AND kss004.siyo_start_ymd <![CDATA[ <= ]]> tmp.ab8_tekiyt_ymd
            )
        WHERE
          kss004.seisan_sho_no = #{seisanShoNo, jdbcType=VARCHAR}
        ORDER BY
          kss004.kotei_shisan_no
    </select>

    <select id="getChkKouCnt"  parameterType="jp.co.nsd.nkssweb.dao.Kss004"
    resultType="jp.co.nsd.nkssweb.dao.SeisanshoShoninShokai">
        select
          tmp1.seisan_sho_id           AS seisanShoId           --精算書ＩＤ
          , count(*)                   AS kouCnt
        from
          (
            select distinct
              kss004.seisan_sho_id
              , case
                when trim(kss005.shurui_cd) = '42'
                then 1
                when trim(kss005.shurui_cd) = '43'
                then 1
                when trim(kss005.shurui_cd) = '51'
                then 1
                when trim(kss005.shurui_cd) = '61'
                then 1
                when trim(kss005.shurui_cd) = '12'
                then 1
                when trim(kss005.kamoku_cd_1) = '305'
                then 1
                else 2
                end as v_kon_flg
            from
              kss004
              inner join kss005
                on kss004.seisan_sho_id = kss005.seisan_sho_id
          ) tmp1
        WHERE
          tmp1.seisan_sho_id = #{seisanShoId, jdbcType=VARCHAR}
        GROUP BY
          tmp1.seisan_sho_id
    </select>

    <select id="getChkLiaseFlg"  parameterType="jp.co.nsd.nkssweb.dao.Kss004"
    resultType="jp.co.nsd.nkssweb.dao.SeisanshoShoninShokai">
        select distinct
          kss004.seisan_sho_id           AS seisanShoId           --精算書ＩＤ
          , case
            when trim(kss005.shurui_cd) = '42'
            then 1
            when trim(kss005.shurui_cd) = '43'
            then 1
            when trim(kss005.shurui_cd) = '51'
            then 1
            when trim(kss005.shurui_cd) = '61'
            then 1
            when trim(kss005.shurui_cd) = '12'
            then 1
            when trim(kss005.kamoku_cd_1) = '305'
            then 1
            else 0
            end                           AS leaseFlg
        from
          kss004
          inner join kss005
            on kss004.seisan_sho_id = kss005.seisan_sho_id
        WHERE
          kss004.seisan_sho_id = #{seisanShoId, jdbcType = VARCHAR}
    </select>

    <select id="getChkToriTaiCnt"  parameterType="jp.co.nsd.nkssweb.dao.Kss004"
    resultType="jp.co.nsd.nkssweb.dao.SeisanshoShoninShokai">
        select
          tmp1.seisan_sho_id              AS seisanShoId           --精算書ＩＤ
          , count(*)                      AS toriTaiCnt
        from
          (
            select distinct
              kss004.seisan_sho_id
              , kss005.torihiki_saki_cd
              , kss005.torihiki_saki_tekiyo_ymd
              , kss005.taiyo_nensu_zei
            from
              kss004
              inner join kss005
                on kss004.seisan_sho_id = kss005.seisan_sho_id
          ) tmp1
        WHERE
          tmp1.seisan_sho_id = #{seisanShoId, jdbcType = VARCHAR}
        GROUP BY
          tmp1.seisan_sho_id
    </select>
    <update id="updateByPrimaryKey" parameterType="jp.co.nsd.nkssweb.dao.Kss004">
        UPDATE kss004
        <set>
            shonin_status = #{shoninStatus, jdbcType=CHAR}
            , update_date = #{updateDate,jdbcType=TIMESTAMP}
            , update_user_id = #{updateUserId,jdbcType=CHAR}
        </set>
         where
               kss004.seisan_sho_id = #{seisanShoId,jdbcType=VARCHAR}
    </update>

    <select id="getSeisanShoInfo"  parameterType="java.lang.String"
    resultType="jp.co.nsd.nkssweb.dao.SeisanshoShoninPrint">
        SELECT
            COALESCE(
            trim(to_char(kss004.hansu, '99999999999999999999'))
            , '―'
          )                                              AS hansu
          , to_char(kss004.siyo_start_ymd, 'yyyy/mm/dd') AS siyoStartYmd
          , trim(kss002.kenmei_cd)                       AS kenmeiCd
          , trim(kss002.kenmei_nm)                       AS kenmeiNm
          , trim(kss011.soshiki_cd)                      AS soshikiCd
          , trim(kss011.soshiki_ren_nm)                  AS soshikiRenNm
          , trim(kss004.seisan_sho_no)                   AS seisanShoNo
          , trim(kss004.tekiyo)                          AS tekiyo
          , count(*)                                     AS shutokuSisanCnt
          , sum(
            kss005.buppin_gaku + kss005.kouhi_gaku + kss005.sou_keihi_gaku
          )                                              AS shutokuKagaku
        FROM
          kss004
          INNER JOIN kss005
            ON (kss004.kotei_shisan_id = kss005.kotei_shisan_id)
          LEFT JOIN kss002
            ON (kss002.kenmei_id = kss004.kenmei_id)
          LEFT JOIN kss011
            ON (kss011.soshiki_cd = kss004.seisan_soshiki_cd)
        WHERE
          kss004.seisan_sho_id = #{seisanShoId,jdbcType=VARCHAR}
        GROUP BY
          kss004.hansu
          , kss004.siyo_start_ymd
          , kss002.kenmei_cd
          , kss002.kenmei_nm
          , kss011.soshiki_cd
          , kss011.soshiki_ren_nm
          , kss004.seisan_sho_no
          , kss004.tekiyo
    </select>

        <select id="getKoteiInfo"  parameterType="java.lang.String"
    resultType="jp.co.nsd.nkssweb.dao.SeisanshoShoninPrint">
        SELECT
            trim(kss005.shurui_cd)      AS shuruiCd
          , trim(kss005.kouzou_cd)      AS kouzouCd
          , trim(kss005.shisan_tani_cd) AS shisanTaniCd
          , trim(kss005.kamoku_cd_1)    AS kamokuCd1
          , trim(kss005.kamoku_cd_2)    AS kamokuCd2
          , trim(kss005.kamoku_cd_3)    AS kamokuCd3
          , CASE
            WHEN trim(COALESCE(abda12.abb_torihk_cod, '')) = ''
            THEN '―'
            ELSE trim(kss005.torihiki_saki_cd)
            END                         AS torihikiSakiCd
          , sum(
            COALESCE(kss005.buppin_gaku, 0) + COALESCE(kss005.kouhi_gaku, 0) + COALESCE(kss005.sou_keihi_gaku, 0)
          )                             AS rwgGetkgkYen
          , trim(awdv02.shu_knj)        AS shuKnj
          , trim(awdv02.kou_knj)        AS kouKnj
          , trim(awdv02.sai_knj)        AS saiKnj
          , trim(awdv02.shu4_knj)       AS shu4Knj
          , trim(awdv02.shu5_knj)       AS shu5Knj
          , trim(awdv02.shu6_knj)       AS shu6Knj
          , CASE
            WHEN trim(COALESCE(abda12.abb_torihk_cod, '')) = ''
            THEN '―'
            ELSE trim(abda12.abb_torihk_knj)
            END                         AS torihikiSakiNm
          , count(*)                    AS kenSu
        FROM
          kss004
          INNER JOIN kss005
            ON (kss004.kotei_shisan_id = kss005.kotei_shisan_id)
          INNER JOIN awdv02
            ON (
              awdv02.shu_cod = kss005.shurui_cd
              AND awdv02.kou_cod = kss005.kouzou_cd
              AND awdv02.sai_cod = kss005.shisan_tani_cd
              AND awdv02.shu4_cod = kss005.kamoku_cd_1
              AND awdv02.shu5_cod = kss005.kamoku_cd_2
              AND awdv02.shu6_cod = kss005.kamoku_cd_3
            )
          LEFT JOIN abda12
            ON (
              abda12.abb_torihk_cod = kss005.torihiki_saki_cd
              AND kss005.torihiki_saki_tekiyo_ymd = abda12.abb_tekiyf_ymd
            )
        WHERE
          kss004.seisan_sho_id = #{seisanShoId,jdbcType=VARCHAR}
        GROUP BY
          kss005.shurui_cd
          , kss005.kouzou_cd
          , kss005.shisan_tani_cd
          , kss005.kamoku_cd_1
          , kss005.kamoku_cd_2
          , kss005.kamoku_cd_3
          , awdv02.shu_knj
          , awdv02.kou_knj
          , awdv02.sai_knj
          , awdv02.shu4_knj
          , awdv02.shu5_knj
          , awdv02.shu6_knj
          , kss005.torihiki_saki_cd
          , abda12.abb_torihk_cod
          , abda12.abb_torihk_knj
        ORDER BY
          kss005.shurui_cd
          , kss005.kouzou_cd
          , kss005.shisan_tani_cd
          , kss005.kamoku_cd_1
          , kss005.kamoku_cd_2
          , kss005.kamoku_cd_3
          , kss005.torihiki_saki_cd
    </select>

    <select id="getSeisanDaityoInfo"  parameterType="java.lang.String"
    resultType="jp.co.nsd.nkssweb.dao.SeisanshoShoninPrint">
        SELECT
            tbl1.kotei_shisan_no                                                                            AS koteiShisanNo
          , tbl1.kotei_shisan_nm                                                                            AS koteiShisanNm
          , tbl1.shuCod                                                                                     AS shuruiCd
          , tbl1.kouCod                                                                                     AS kouzouCd
          , tbl1.saiCod                                                                                     AS shisanTaniCd
          , tbl1.shu4Cod                                                                                    AS kamokuCd1
          , tbl1.shu5Cod                                                                                    AS kamokuCd2
          , tbl1.shu6Cod                                                                                    AS kamokuCd3
          , tbl1.shuKnj                                                                                     AS shuKnj
          , tbl1.kouKnj                                                                                     AS kouKnj
          , tbl1.saiKnj                                                                                     AS saiKnj
          , tbl1.shu4Knj                                                                                    AS shu4Knj
          , tbl1.shu5Knj                                                                                    AS shu5Knj
          , tbl1.shu6Knj                                                                                    AS shu6Knj
          , tbl1.shutoku_ymd                                                                                AS shutokuYmd
          , trim(tbl1.kanri_soshiki_cd)                                                                     AS kanriSoshikiCd
          , trim(tbl1.futan_soshiki_cd)                                                                     AS futanSoshikiCd
          , tbl1.sechi_basho_cd                                                                             AS bashoCd
          , tbl1.suryo                                                                                      AS suryo
          , tbl1.buppin_gaku                                                                                AS buppin
          , tbl1.kouhi_gaku                                                                                 AS kouhiGaku
          , tbl1.sou_keihi_gaku                                                                             AS souKeihiGaku
          , COALESCE(tbl1.buppin_gaku, 0) + COALESCE(tbl1.kouhi_gaku, 0) + COALESCE(tbl1.sou_keihi_gaku, 0) AS
           rwgGetkgkYenSum
          , CASE
            WHEN tbl1.shuCod IN ('12', '42', '43', '51', '61')
            OR tbl1.shu4Cod = '305'
            THEN COALESCE(tbl1.taiyo_nensu_zei, 0) || 'ヶ月'
            ELSE COALESCE(tbl1.taiyo_nensu_zei, 0) || '年'
            END taiyoNensuZei
          , CASE
            WHEN tbl1.shuCod IN ('12', '42', '43', '51', '61')
            OR tbl1.shu4Cod = '305'
            THEN COALESCE(tbl1.taiyo_nensu_sho, 0) || 'ヶ月'
            ELSE COALESCE(tbl1.taiyo_nensu_sho, 0) || '年'
            END taiyoNensuSho
          , CASE
            WHEN trim(COALESCE(tbl1.torihiki_saki_cd, '')) = ''
            THEN '―'
            ELSE trim(tbl1.torihiki_saki_cd)
            END                                                                                             AS torihikiSakiCd
          , CASE
            WHEN trim(COALESCE(tbl1.torihiki_saki_cd, '')) = ''
            THEN '―'
            ELSE trim(COALESCE(tbl1.abb_torihk_knj, ''))
            END                                                                                             AS torihikiSakiNm
          , CASE
            WHEN trim(COALESCE(tbl1.tekiyo_1, '')) = ''
            THEN '―'
            ELSE trim(COALESCE(tbl1.tekiyo_1, ''))
            END                                                                                             AS tekiyo1
          , CASE
            WHEN trim(COALESCE(tbl1.tekiyo_2, '')) = ''
            THEN '―'
            ELSE trim(COALESCE(tbl1.tekiyo_2, ''))
            END                                                                                             AS tekiyo2
          , CASE
            WHEN trim(COALESCE(tbl1.komoku_11, '')) = ''
            THEN '―'
            ELSE trim(COALESCE(tbl1.komoku_11, ''))
            END                                                                                             AS tekiyo3
          , CASE
            WHEN trim(COALESCE(tbl1.komoku_12, '')) = ''
            THEN '―'
            ELSE trim(COALESCE(tbl1.komoku_12, ''))
            END                                                                                             AS tekiyo4
          , CASE
            WHEN trim(COALESCE(tbl1.komoku_13, '')) = ''
            THEN '―'
            ELSE trim(COALESCE(tbl1.komoku_13, ''))
            END                                                                                             AS tekiyo5
          , trim(tbl1.seihin_nm) || trim(tbl1.kataban) || trim(tbl1.seizo_kaisha_nm)                        AS seihinKataSeizo
          , COALESCE(trim(tbl1.komoku_06), '―')                                                            AS oyaKoteiShisanNo
          , COALESCE(trim(tbl1.komoku_07), '―')                                                            AS edaNo
          , tbl1.koji_tanto_user_nm                                                                         AS kojiTantoUserNm
          , tbl1.koji_tanto_soshiki_cd                                                                      AS kojiTantoSoshikiCd
          , COALESCE(trim(tbl2.awk_meisho_knj), '')                                                         AS syokyakuMeishoKnjZei
          , COALESCE(trim(tbl3.awk_meisho_knj), '')                                                         AS syokyakuMeishoKnjSho
          , COALESCE(trim(tbl4.awa_basho_knj), '')                                                          AS bashoKnj
          , COALESCE(trim(tbl5.awf_tani_knj), '')                                                           AS taniKnj
          , COALESCE(trim(tbl6.ab9_soshik_knj), '')                                                         AS kanriSoshikKnj
          , COALESCE(trim(tbl7.ab9_soshik_knj), '')                                                         AS futanSoshikKnj
        FROM
          (
            SELECT
                kss004.kotei_shisan_no
              , kss004.siyo_start_ymd
              , kss005.kotei_shisan_nm
              , kss005.shutoku_ymd
              , kss005.kanri_soshiki_cd
              , kss005.futan_soshiki_cd
              , kss005.sechi_basho_cd
              , kss005.suryo
              , kss005.buppin_gaku
              , kss005.kouhi_gaku
              , kss005.sou_keihi_gaku
              , kss005.tani_cd
              , kss005.shokyaku_kbn_zei
              , kss005.shokyaku_kbn_sho
              , kss005.taiyo_nensu_zei
              , kss005.taiyo_nensu_sho
              , kss005.torihiki_saki_cd
              , abda12.abb_torihk_knj
              , kss005.tekiyo_1
              , kss005.tekiyo_2
              , kss005.komoku_11
              , kss005.komoku_12
              , kss005.komoku_13
              , kss005.seihin_nm
              , kss005.kataban
              , kss005.seizo_kaisha_nm
              , kss005.komoku_06
              , kss005.komoku_07
              , kss005.koji_tanto_user_nm
              , kss005.koji_tanto_soshiki_cd
              , trim(awdv02.shu_cod)  AS shuCod
              , trim(awdv02.kou_cod)  AS kouCod
              , trim(awdv02.sai_cod)  AS saiCod
              , trim(awdv02.shu4_cod) AS shu4Cod
              , trim(awdv02.shu5_cod) AS shu5Cod
              , trim(awdv02.shu6_cod) AS shu6Cod
              , trim(awdv02.shu_knj)  AS shuKnj
              , trim(awdv02.kou_knj)  AS kouKnj
              , trim(awdv02.sai_knj)  AS saiKnj
              , trim(awdv02.shu4_knj) AS shu4Knj
              , trim(awdv02.shu5_knj) AS shu5Knj
              , trim(awdv02.shu6_knj) AS shu6Knj
            FROM
              kss004
              LEFT JOIN kss005
                ON (kss004.kotei_shisan_id = kss005.kotei_shisan_id)
              INNER JOIN awdv02
                ON (
                  awdv02.shu_cod = kss005.shurui_cd
                  AND awdv02.kou_cod = kss005.kouzou_cd
                  AND awdv02.sai_cod = kss005.shisan_tani_cd
                  AND awdv02.shu4_cod = kss005.kamoku_cd_1
                  AND awdv02.shu5_cod = kss005.kamoku_cd_2
                  AND awdv02.shu6_cod = kss005.kamoku_cd_3
                )
              LEFT JOIN abda12
                ON (
                  abda12.abb_torihk_cod = kss005.torihiki_saki_cd
                  AND kss005.torihiki_saki_tekiyo_ymd = abda12.abb_tekiyf_ymd
                )
            WHERE
              kss004.seisan_sho_id = #{seisanShoId,jdbcType=VARCHAR}
          ) AS tbl1
          LEFT JOIN awda20 AS tbl2
            ON (
              tbl2.awk_kmksbt_cod = tbl1.shokyaku_kbn_zei
              AND tbl2.awk_komok_sbt = '028'
            )
          LEFT JOIN awda20 AS tbl3
            ON (
              tbl3.awk_kmksbt_cod = tbl1.shokyaku_kbn_sho
              AND tbl3.awk_komok_sbt = '028'
            )
          LEFT JOIN awda10 AS tbl4
            ON (tbl4.awa_basho_cod = tbl1.sechi_basho_cd)
          LEFT JOIN awda15 AS tbl5
            ON (tbl5.awf_tani_cod = tbl1.tani_cd)
          LEFT JOIN abda09 AS tbl6
            ON (
              tbl6.ab9_soshik_cod = tbl1.kanri_soshiki_cd
              AND tbl1.siyo_start_ymd BETWEEN tbl6.ab9_tekiyf_ymd AND tbl6.ab9_tekiyt_ymd
            )
          LEFT JOIN abda09 AS tbl7
            ON (
              tbl7.ab9_soshik_cod = tbl1.futan_soshiki_cd
              AND tbl1.siyo_start_ymd BETWEEN tbl7.ab9_tekiyf_ymd AND tbl7.ab9_tekiyt_ymd
            )
        ORDER BY
          tbl1.kotei_shisan_no
    </select>
</mapper>