<?xml version="1.0" encoding="UTF-8"?>
<!DOCTYPE mapper PUBLIC "-//mybatis.org//DTD Mapper 3.0//EN" "http://mybatis.org/dtd/mybatis-3-mapper.dtd">

<mapper namespace="jp.co.nsd.nkssweb.dao.mapper.SeisanshoTorokuMapper">
  <resultMap id="BaseResultMap" type="jp.co.nsd.nkssweb.dao.SeisanshoToroku">
    <result column="seisanShoId"      jdbcType="CHAR"     property="seisanShoId"      />
    <result column="koteiShisanId"    jdbcType="CHAR"     property="koteiShisanId"    />
    <result column="seisanShoNo"      jdbcType="VARCHAR"  property="seisanShoNo"      />
    <result column="soshikiRenNm"     jdbcType="VARCHAR"  property="soshikiRenNm"     />
    <result column="siyoStartYmdFrom" jdbcType="VARCHAR"  property="siyoStartYmdFrom" />
    <result column="tekiyo"           jdbcType="VARCHAR"  property="tekiyo"           />
    <result column="yoyakusu"         jdbcType="VARCHAR"  property="yoyakusu"         />
    <result column="torokushaName"    jdbcType="VARCHAR"  property="torokushaName"    />
    <result column="kenmeiCd"         jdbcType="VARCHAR"  property="kenmeiCd"         />
    <result column="kenmeiNm"         jdbcType="VARCHAR"  property="kenmeiNm"         />
    <result column="tekiyoStartYmd"   jdbcType="VARCHAR"  property="tekiyoStartYmd"   />
    <result column="tekiyoEndYmd"     jdbcType="VARCHAR"  property="tekiyoEndYmd"     />
  </resultMap>

  <select id="selectByWhere" parameterType="jp.co.nsd.nkssweb.dao.SeisanshoToroku"
                             resultType="jp.co.nsd.nkssweb.dao.SeisanshoToroku">
      SELECT DISTINCT
          kss004.seisan_sho_id                       AS seisanShoId,
<!--      kss004.kotei_shisan_id                     AS koteiShisanId,  -->
          kss004.seisan_sho_no                       AS seisanShoNo,
          replace(kss011.soshiki_ren_nm, '直属', '') AS soshikiRenNm,
          kss004.siyo_start_ymd                      AS siyoStartYmd,
          tmp.yoyakusu                               AS yoyakusu,
          kss013.name                                AS torokushaName,
          kss002.kenmei_id                           AS kenmeiId,
          kss002.kenmei_cd                           AS kenmeiCd,
          kss002.kenmei_nm                           AS kenmeiNm,
          kss002.tekiyo_start_ymd                    AS tekiyoStartYmd,
          kss002.tekiyo_end_ymd                      AS tekiyoEndYmd
      FROM
          kss004
          INNER JOIN kss011
                 ON (kss004.seisan_soshiki_cd = kss011.soshiki_cd
                     AND current_date <![CDATA[ >= ]]> kss011.tekiyo_start_ymd
                     AND kss011.disabled_flg = '0'
                    )
          LEFT JOIN kss002
                 ON (kss004.kenmei_id = kss002.kenmei_id
<!--                 AND kss004.siyo_start_ymd <![CDATA[ >= ]]> kss002.tekiyo_start_ymd
                     AND kss004.siyo_start_ymd <![CDATA[ <= ]]> kss002.tekiyo_end_ymd     -->
                    )
          LEFT JOIN (SELECT user_id, nyusha_ymd, CONCAT(kss013.sei, rtrim(ltrim(kss013.mei,'　'),'　')) AS name
                     FROM kss013
                     WHERE current_date <![CDATA[ >= ]]> nyusha_ymd) AS kss013
                 ON (kss004.seisan_entry_user_id = kss013.user_id)
          LEFT JOIN (SELECT count(*) AS yoyakusu , kss004.seisan_sho_id
                     FROM
                      kss004
                     GROUP BY
                      kss004.seisan_sho_id) AS tmp
                 ON (kss004.seisan_sho_id = tmp.seisan_sho_id)
    <where>
      0 = 0
      <if test="seisanShoNo != ''">
        AND kss004.seisan_sho_no LIKE CONCAT(CONCAT('%', #{seisanShoNo, jdbcType=VARCHAR}), '%')
      </if>
      <if test="soshikiRenNm != ''">
        AND kss011.soshiki_ren_nm LIKE CONCAT(CONCAT('%', #{soshikiRenNm, jdbcType=VARCHAR}), '%')
      </if>
      <if test="siyoStartYmdFrom != ''">
        AND kss004.siyo_start_ymd <![CDATA[ >= ]]> CAST(#{siyoStartYmdFrom} AS DATE)
      </if>
      <if test="siyoStartYmdTo != ''">
        AND kss004.siyo_start_ymd <![CDATA[ <= ]]> CAST(#{siyoStartYmdTo} AS DATE)
      </if>
      <if test="torokushaName != ''">
        AND kss013.name LIKE CONCAT(CONCAT('%', #{torokushaName, jdbcType=VARCHAR}), '%')
      </if>
      <if test="kenmeiNm != ''">
        AND kss002.kenmei_nm LIKE CONCAT(CONCAT('%', #{kenmeiNm, jdbcType=VARCHAR}), '%')
      </if>
      <if test="tekiyoStartYmd != ''">
        AND kss002.tekiyo_start_ymd <![CDATA[ >= ]]> CAST(#{tekiyoStartYmd} AS DATE)
      </if>
      <if test="tekiyoEndYmd != ''">
        AND kss002.tekiyo_end_ymd <![CDATA[ <= ]]> CAST(#{tekiyoEndYmd} AS DATE)
      </if>
    </where>
        ORDER BY
          kss004.seisan_sho_no
  </select>

  <select id="selectByKey" parameterType="jp.co.nsd.nkssweb.dao.SeisanshoToroku"
                           resultType="jp.co.nsd.nkssweb.dao.SeisanshoToroku">
      SELECT DISTINCT
          kss004.seisan_sho_id                       AS seisanShoId,
          kss004.seisan_sho_no                       AS seisanShoNo,
          replace(kss011.soshiki_ren_nm, '直属', '') AS soshikiRenNm,
          kss004.siyo_start_ymd                      AS siyoStartYmd,
          kss004.tekiyo                              AS tekiyo,
          kss004.shonin_status                       AS shoninStatus,
          tmp.yoyakusu                               AS yoyakusu,
          kss013.name                                AS torokushaName,
          kss002.kenmei_id                           AS kenmeiId,
          kss002.kenmei_cd                           AS kenmeiCd,
          kss002.kenmei_nm                           AS kenmeiNm,
          kss002.tekiyo_start_ymd                    AS tekiyoStartYmd,
          kss002.tekiyo_end_ymd                      AS tekiyoEndYmd,
          kss002.renkei_status                       AS renkeiStatus,
          kss002.update_date                         AS updateDate02,
          kss004.update_date                         AS updateDate04
      FROM
          kss004
          INNER JOIN kss011
                 ON (kss004.seisan_soshiki_cd = kss011.soshiki_cd
                     AND current_date <![CDATA[ >= ]]> kss011.tekiyo_start_ymd
                     AND kss011.disabled_flg = '0'
                    )
          LEFT JOIN (SELECT user_id, nyusha_ymd, CONCAT(kss013.sei, rtrim(ltrim(kss013.mei,'　'),'　')) AS name
                     FROM kss013
                     WHERE current_date <![CDATA[ >= ]]> nyusha_ymd) AS kss013
                 ON (kss004.seisan_entry_user_id = kss013.user_id)
          LEFT JOIN kss002
                 ON (kss004.kenmei_id = kss002.kenmei_id
<!--                 AND kss004.siyo_start_ymd <![CDATA[ >= ]]> kss002.tekiyo_start_ymd
                     AND kss004.siyo_start_ymd <![CDATA[ <= ]]> kss002.tekiyo_end_ymd     -->
                    )
          LEFT JOIN (SELECT count(*) AS yoyakusu , kss004.seisan_sho_id
                     FROM
                      kss004
                     GROUP BY
                      kss004.seisan_sho_id) AS tmp
                 ON (kss004.seisan_sho_id = tmp.seisan_sho_id)
    <where>
      0 = 0
      <if test="seisanShoId != ''">
        AND kss004.seisan_sho_id = #{seisanShoId}
      </if>
    </where>
  </select>

  <select id="selectKss004BySeisanShoId" parameterType="java.lang.String" resultType="jp.co.nsd.nkssweb.dao.Kss004">
    SELECT
        seisan_sho_id               AS seisanShoId
      , kotei_shisan_id             AS koteiShisanId
      , seisan_sho_no               AS seisanShoNo
      , kotei_shisan_no             AS koteiShisanNo
      , kenmei_id                   AS kenmeiId
      , seisan_soshiki_cd           AS seisanSoshikiCd
      , siyo_start_ymd              AS siyoStartYmd
      , seisan_entry_user_id        AS seisanEntryUserId
      , tekiyo                      AS tekiyo
      , shonin_status               AS shoninStatus
      , riyu                        AS riyu
      , hansu                       AS hansu
      , ks_old_soshiki_cd           AS ksOldSoshikiCd
      , entry_date                  AS entryDate
      , entry_user_id               AS entryUserId
      , update_date                 AS updateDate
      , update_user_id              AS updateUserId
    FROM
      kss004
    WHERE
      kss004.seisan_sho_id = #{seisanShoId, jdbcType=CHAR}
  </select>

  <select id="selectConut" parameterType="java.lang.String"
        resultType="java.lang.String">
        SELECT
          count(*)     AS kensu
        FROM
          kss005
        <where>
          kss005.seisan_sho_id = #{seisanShoId, jdbcType=CHAR}
          <if test="koteiShisanId != null">
          and kss005.kotei_shisan_id = #{koteiShisanId, jdbcType=CHAR}
          </if>
        </where>
  </select>

  <delete id="deleteKss004BySeisanShoId" parameterType="java.lang.String">
    delete from kss004
    where seisan_sho_id = #{seisanShoId,jdbcType=CHAR}
  </delete>

  <delete id="deleteKss005BySeisanShoId" parameterType="java.lang.String">
    delete from kss005
    where seisan_sho_id = #{seisanShoId,jdbcType=CHAR}
  </delete>

  <select id="selectKenmeiCdCnt" parameterType="java.util.Map" resultType="java.lang.Integer">
        SELECT
          count(*)     AS kensu
        FROM
          kss002
        <where>
              renkei_status IN ('0')
          and kenmei_cd = #{kenmeiCd, jdbcType=CHAR}
        </where>
  </select>

  <select id="selectAb8KenmeiCdCnt" parameterType="java.util.Map" resultType="java.lang.Integer">
        SELECT
          count(*)     AS kensu
        FROM
          ABDA08
        <where>
              trim(ab8_kmouwk_cod) = #{kenmeiCd, jdbcType=CHAR}
          and ab8_tekiyf_ymd = #{tekiyoStartYmd, jdbcType=DATE}
          and ab8_tekiyt_ymd = #{tekiyoEndYmd, jdbcType=DATE}
        </where>
  </select>

  <select id="selectAb8SameTekiyoFData" parameterType="java.util.Map" resultType="java.lang.String">
        SELECT
          ab8_tekiyt_ymd
        FROM
          ABDA08
        <where>
              trim(ab8_kmouwk_cod) = #{kenmeiCd, jdbcType=CHAR}
          and ab8_tekiyf_ymd = #{tekiyoStartYmd, jdbcType=DATE}
        </where>
  </select>

  <select id="selectAb8Kikan" parameterType="java.util.Map" resultType="java.lang.Integer">
        SELECT
          count(*)     AS kensu
        FROM
          ( select ab8_kmouwk_cod,
             MAX(ab8_tekiyf_ymd) as ab8TekiyfYmd,
             MAX(ab8_tekiyt_ymd) as ab8TekiytYmd
            FROM
             ABDA08
            GROUP BY  ab8_kmouwk_cod
          ) abda08_tmp
        <where>
              trim(ab8_kmouwk_cod) = #{kenmeiCd, jdbcType=CHAR}
          and ab8_tekiyf_ymd = #{tekiyoStartYmd, jdbcType=DATE}
          and ab8_tekiyt_ymd <![CDATA[ < ]]> #{tekiyoEndYmd, jdbcType=DATE}
        </where>
  </select>

  <select id="selectAb8HaiciData" parameterType="java.util.Map" resultType="java.lang.String">
        SELECT
          MAX(ab8_tekiyt_ymd) as ab8TekiytYmd
        FROM
          ABDA08
        <where>
              trim(ab8_kmouwk_cod) = #{kenmeiCd, jdbcType=CHAR}
          and ab8_tekiyf_ymd <![CDATA[ < ]]> #{tekiyoStartYmd, jdbcType=DATE}
        </where>
        GROUP BY
          ab8_tekiyt_ymd
  </select>

  <update id="updateSeisanshoInfo" parameterType="jp.co.nsd.nkssweb.dao.Kss004">
    update kss004
    set
      seisan_soshiki_cd = #{seisanSoshikiCd,jdbcType=CHAR},
      siyo_start_ymd = #{siyoStartYmd,jdbcType=DATE},
      seisan_entry_user_id = #{seisanEntryUserId,jdbcType=CHAR},
      tekiyo = #{tekiyo,jdbcType=VARCHAR},
      kenmei_id = #{kenmeiId,jdbcType=NUMERIC},
      hansu = #{hansu,jdbcType=NUMERIC},
      shonin_status = #{shoninStatus,jdbcType=CHAR},
      update_date = #{updateDate,jdbcType=TIMESTAMP},
      update_user_id = #{updateUserId,jdbcType=CHAR}
    where seisan_sho_id = #{seisanShoId,jdbcType=CHAR}
  </update>

  <select id="getKss002" parameterType="jp.co.nsd.nkssweb.dao.Kss002" resultType="jp.co.nsd.nkssweb.dao.Kss002">
        SELECT
            kenmei_id                       AS kenmeiId
          , kenmei_cd                       AS kenmeiCd
          , kenmei_nm                       AS kenmeiNm
          , tekiyo_start_ymd                AS tekiyoStartYmd
          , tekiyo_end_ymd                  AS tekiyoEndYmd
          , renkei_status                   AS renkeiStatus
          , entry_date                      AS entryDate
          , entry_user_id                   AS entryUserId
          , update_date                     AS updateDate
          , update_user_id                  AS updateUserId
        FROM
          kss002
        WHERE
          0 = 0
          <if test = "kenmeiCd != null" >
            AND TRIM(kenmei_cd) = TRIM(#{kenmeiCd,jdbcType=CHAR})
          </if >
          <if test = "kenmeiNm != null" >
            AND TRIM(kenmei_nm) = TRIM(#{kenmeiNm,jdbcType=VARCHAR})
          </if >
          <if test = "tekiyoStartYmd != null" >
            AND tekiyo_start_ymd = #{tekiyoStartYmd,jdbcType=DATE}
          </if >
          <if test = "tekiyoEndYmd != null" >
            AND tekiyo_end_ymd = #{tekiyoEndYmd,jdbcType=DATE}
          </if >
  </select>

</mapper>