<?xml version="1.0" encoding="UTF-8"?>
<!DOCTYPE mapper PUBLIC "-//mybatis.org//DTD Mapper 3.0//EN" "http://mybatis.org/dtd/mybatis-3-mapper.dtd">

<mapper namespace="jp.co.nsd.nkssweb.dao.mapper.StoredMapper">
  <insert id="setAllKs2020BefOra" statementType="CALLABLE" parameterType="java.util.Map">
    <![CDATA[
      { call kss.pkg_KS2020_set_all_bef_ora(#{jokyakuSeisanShoId, mode=IN, jdbcType=VARCHAR}, #{shoriKbn, mode=IN, jdbcType=VARCHAR}) }
    ]]>
  </insert>

  <insert id="setAllKs2020AftOra" statementType="CALLABLE" parameterType="java.util.Map">
    <![CDATA[
      { call kss.pkg_KS2020_set_all_aft_ora(#{jokyakuSeisanShoId, mode=IN, jdbcType=VARCHAR}, #{shoriKbn, mode=IN, jdbcType=VARCHAR}) }
    ]]>
  </insert>

  <insert id="setAllKs2030BefOra" statementType="CALLABLE" parameterType="java.util.Map">
    <![CDATA[
      { call kss.pkg_ks2030_set_all_bef_ora(
        #{jokyakuSeisanShoId, mode=IN, jdbcType=VARCHAR}
        , #{jokyakuShisanId, mode=IN, jdbcType=VARCHAR}
        , #{shoriKbn, mode=IN, jdbcType=VARCHAR}) }
    ]]>
  </insert>

  <insert id="setAllKs2030AftOra" statementType="CALLABLE" parameterType="java.util.Map">
    <![CDATA[
      { call kss.pkg_ks2030_set_all_aft_ora(
        #{jokyakuSeisanShoId, mode=IN, jdbcType=VARCHAR}
        , #{jokyakuShisanId, mode=IN, jdbcType=VARCHAR}
        , #{shoriKbn, mode=IN, jdbcType=VARCHAR}) }
    ]]>
  </insert>

  <select id="getSeisanshoNoAydm04" parameterType="java.lang.String" resultType="java.lang.String" statementType="CALLABLE" useCache="false">
    select kss.pkg_AYDM04_get_seisansho_no(#{jsisanId, mode=IN, jdbcType=VARCHAR})
  </select>

  <select id="getJyokaykuYmKs2030" parameterType="java.util.Map" resultType="java.lang.String" statementType="CALLABLE" useCache="false">
    select kss.pkg_KS2030_get_jyokyaku_ym(
          #{jsisanId, mode=IN, jdbcType=VARCHAR}
        , #{shoriKbn, mode=IN, jdbcType=VARCHAR}
        )
  </select>

  <select id="getUserIdKs0000" resultType="java.lang.String" statementType="CALLABLE" useCache="false">
    select kss.pkg_KS0000_get_userid();
  </select>

  <insert id="setAllKs2040BefOra" statementType="CALLABLE" parameterType="java.util.Map">
    <![CDATA[
      { call kss.pkg_KS2040_set_all_bef_ora(#{jokyakuSeisanShoId, mode=IN, jdbcType=VARCHAR}, #{shoriKbn, mode=IN, jdbcType=VARCHAR}) }
    ]]>
  </insert>

  <insert id="setAllKs2040AftOra" statementType="CALLABLE" parameterType="java.util.Map">
    <![CDATA[
      { call kss.pkg_KS2040_set_all_aft_ora(#{jokyakuSeisanShoId, mode=IN, jdbcType=VARCHAR}, #{shoriKbn, mode=IN, jdbcType=VARCHAR}) }
    ]]>
  </insert>

  <delete id="clearSisanIdListKs2070" statementType="CALLABLE">
    <![CDATA[
      { call kss.pkg_KS2070_clear_sisan_id_list() }
    ]]>
  </delete>

  <insert id="addSisanIdKs2070" statementType="CALLABLE" parameterType="java.util.Map">
    <![CDATA[
      { call kss.pkg_KS2070_add_sisan_id(#{jokyakuSeisanShoId, mode=IN, jdbcType=VARCHAR}) }
    ]]>
  </insert>

  <insert id="setAllKs2070" statementType="CALLABLE" parameterType="java.util.Map">
    <![CDATA[
      { call kss.pkg_KS2070_set_all(
        #{hakouSoshikiCd, mode=IN, jdbcType=VARCHAR}
        , #{renkeidataSakuseiYmd, mode=IN, jdbcType=DATE}
        , #{kaikeiSeiriYm, mode=IN, jdbcType=NUMERIC}
      ) }
    ]]>
  </insert>


  <delete id="clearSisanIdListKs1060" statementType="CALLABLE">
    <![CDATA[
      { call pkg_KS1060_clear_sisan_id_list() }
    ]]>
  </delete>

  <insert id="addSisanIdKs1060" statementType="CALLABLE" parameterType="java.util.Map">
    <![CDATA[
      { call kss.pkg_KS1060_add_sisan_id(#{seisanShoId, mode=IN, jdbcType=VARCHAR}) }
    ]]>
  </insert>

  <insert id="setAllKs1060" statementType="CALLABLE" parameterType="java.util.Map">
    <![CDATA[
      { call kss.pkg_KS1060_set_all(
        #{hakouSoshikiCd, mode=IN, jdbcType=VARCHAR}
        , #{renkeidataSakuseiYmd, mode=IN, jdbcType=DATE}
        , #{kaikeiSeiriYm, mode=IN, jdbcType=NUMERIC}
      ) }
    ]]>
  </insert>

  <delete id="clearSisanIdListKs3040" statementType="CALLABLE">
    <![CDATA[
      { call pkg_KS3040_clear_sisan_id_list() }
    ]]>
  </delete>

  <insert id="addSisanIdKs3040" statementType="CALLABLE" parameterType="java.util.Map">
    <![CDATA[
      { call kss.pkg_KS3040_add_sisan_id(#{seisanShoId, mode=IN, jdbcType=VARCHAR}) }
    ]]>
  </insert>

  <insert id="setAllKs3040" statementType="CALLABLE" parameterType="java.util.Map">
    <![CDATA[
      { call kss.pkg_KS3040_set_all(
        #{hakouSoshikiCd, mode=IN, jdbcType=VARCHAR}
        , #{renkeidataSakuseiYmd, mode=IN, jdbcType=DATE}
        , #{kaikeiSeiriYm, mode=IN, jdbcType=NUMERIC}
      ) }
    ]]>
  </insert>
</mapper>