<?xml version="1.0" encoding="UTF-8"?>
<!DOCTYPE mapper PUBLIC "-//mybatis.org//DTD Mapper 3.0//EN" "http://mybatis.org/dtd/mybatis-3-mapper.dtd">
<mapper namespace="jp.co.nsd.nkssweb.dao.mapper.AutocompleteMapper">
  <resultMap id="Kss002ResultMap" type="jp.co.nsd.nkssweb.dao.Kss002">
    <id column="kenmei_id" jdbcType="NUMERIC" property="kenmeiId" />
    <id column="kenmei_cd" jdbcType="CHAR" property="kenmeiCd" />
    <id column="kenmei_nm" jdbcType="VARCHAR" property="kenmeiNm" />
    <id column="tekiyo_start_ymd" jdbcType="DATE" property="tekiyoStartYmd" />
    <result column="tekiyo_end_ymd" jdbcType="DATE" property="tekiyoEndYmd" />
    <result column="renkei_status" jdbcType="CHAR" property="renkeiStatus" />
    <result column="entry_date" jdbcType="TIMESTAMP" property="entryDate" />
    <result column="entry_user_id" jdbcType="CHAR" property="entryUserId" />
    <result column="update_date" jdbcType="TIMESTAMP" property="updateDate" />
    <result column="update_user_id" jdbcType="CHAR" property="updateUserId" />
  </resultMap>
  <resultMap id="Kss011ResultMap" type="jp.co.nsd.nkssweb.dao.Kss011">
    <id column="soshiki_cd" jdbcType="CHAR" property="soshikiCd" />
    <result column="tekiyo_start_ymd" jdbcType="DATE" property="tekiyoStartYmd" />
    <result column="disabled_flg" jdbcType="CHAR" property="disabledFlg" />
    <result column="soshiki_nm" jdbcType="VARCHAR" property="soshikiNm" />
    <result column="soshiki_ren_nm" jdbcType="VARCHAR" property="soshikiRenNm" />
    <result column="sort_key" jdbcType="NUMERIC" property="sortKey" />
    <result column="soshiki_level" jdbcType="NUMERIC" property="soshikiLevel" />
    <result column="oya_soshiki_cd" jdbcType="CHAR" property="oyaSoshikiCd" />
  </resultMap>
  <resultMap id="Kss013ResultMap" type="jp.co.nsd.nkssweb.dao.Kss013">
    <id column="user_id" jdbcType="CHAR" property="userId" />
    <result column="sei" jdbcType="VARCHAR" property="sei" />
    <result column="mei" jdbcType="VARCHAR" property="mei" />
    <result column="nyusha_ymd" jdbcType="DATE" property="nyushaYmd" />
    <result column="taishoku_ymd" jdbcType="DATE" property="taishokuYmd" />
    <result column="zaiseki_kbn" jdbcType="CHAR" property="zaisekiKbn" />
  </resultMap>
  <resultMap id="Abda09ResultMap" type="jp.co.nsd.nkssweb.dao.Abda09">
    <result column="ab9_soshik_cod" jdbcType="CHAR" property="ab9SoshikCod" />
    <result column="ab9_tekiyf_ymd" jdbcType="DATE" property="ab9TekiyfYmd" />
    <result column="ab9_tekiyt_ymd" jdbcType="DATE" property="ab9TekiytYmd" />
    <result column="ab9_siyo_flg" jdbcType="CHAR" property="ab9SiyoFlg" />
    <result column="ab9_seksok_flg" jdbcType="CHAR" property="ab9SeksokFlg" />
    <result column="ab9_seksos_def" jdbcType="CHAR" property="ab9SeksosDef" />
    <result column="ab9_soshik_knj" jdbcType="VARCHAR" property="ab9SoshikKnj" />
    <result column="ab9_sydaik_flg" jdbcType="CHAR" property="ab9SydaikFlg" />
    <result column="ab9_joisos_cod" jdbcType="CHAR" property="ab9JoisosCod" />
    <result column="ab9_shuyk1_cod" jdbcType="CHAR" property="ab9Shuyk1Cod" />
    <result column="ab9_shuyk2_cod" jdbcType="CHAR" property="ab9Shuyk2Cod" />
    <result column="ab9_shuyk3_cod" jdbcType="CHAR" property="ab9Shuyk3Cod" />
    <result column="ab9_ksssos_cod" jdbcType="CHAR" property="ab9KsssosCod" />
    <result column="ab9_kossan_kbn" jdbcType="CHAR" property="ab9KossanKbn" />
    <result column="ab9_stsosh_kbn" jdbcType="CHAR" property="ab9StsoshKbn" />
    <result column="ab9_stsosh_cod" jdbcType="CHAR" property="ab9StsoshCod" />
    <result column="ab9_stssos_flg" jdbcType="CHAR" property="ab9StssosFlg" />
    <result column="ab9_soshik_kbn" jdbcType="CHAR" property="ab9SoshikKbn" />
    <result column="ab9_teking_flg" jdbcType="CHAR" property="ab9TekingFlg" />
    <result column="ab9_update_cnt" jdbcType="NUMERIC" property="ab9UpdateCnt" />
    <result column="ab9_torok_dh" jdbcType="DATE" property="ab9TorokDh" />
    <result column="ab9_torsha_cod" jdbcType="CHAR" property="ab9TorshaCod" />
    <result column="ab9_update_dh" jdbcType="DATE" property="ab9UpdateDh" />
    <result column="ab9_updsha_cod" jdbcType="CHAR" property="ab9UpdshaCod" />
  </resultMap>
  <resultMap id="Aads01ResultMap" type="jp.co.nsd.nkssweb.dao.Aads01">
    <result column="sa1_kaikei_ym" jdbcType="CHAR" property="sa1KaikeiYm" />
    <result column="sa1_infrom_ymd" jdbcType="DATE" property="sa1InfromYmd" />
    <result column="sa1_into_ymd" jdbcType="DATE" property="sa1IntoYmd" />
    <result column="sa1_snkig_ymd" jdbcType="DATE" property="sa1SnkigYmd" />
    <result column="sa1_getsjs_ymd" jdbcType="DATE" property="sa1GetsjsYmd" />
    <result column="sa1_getsmt_dh" jdbcType="DATE" property="sa1GetsmtDh" />
    <result column="sa1_nendmt_ymd" jdbcType="DATE" property="sa1NendmtYmd" />
    <result column="sa1_update_cnt" jdbcType="NUMERIC" property="sa1UpdateCnt" />
    <result column="sa1_torok_dh" jdbcType="DATE" property="sa1TorokDh" />
    <result column="sa1_torsha_cod" jdbcType="CHAR" property="sa1TorshaCod" />
    <result column="sa1_update_dh" jdbcType="DATE" property="sa1UpdateDh" />
    <result column="sa1_updsha_cod" jdbcType="CHAR" property="sa1UpdshaCod" />
  </resultMap>

  <sql id="Kss002_Column_List">
    kenmei_id, kenmei_cd, kenmei_nm, tekiyo_start_ymd, tekiyo_end_ymd, renkei_status,
    entry_date, entry_user_id, update_date, update_user_id
  </sql>
  <sql id="Kss011_Column_List">
    soshiki_cd, tekiyo_start_ymd, disabled_flg, soshiki_nm, soshiki_ren_nm, sort_key,
    soshiki_level, oya_soshiki_cd
  </sql>
  <sql id="Kss013_Column_List">
    user_id, sei, mei, nyusha_ymd, taishoku_ymd, zaiseki_kbn
  </sql>

  <select id="selectAllKss002" resultMap="Kss002ResultMap">
    select
    <include refid="Kss002_Column_List" />
    from kss002
  </select>
  <select id="selectAllKss011" resultMap="Kss011ResultMap">
    SELECT
       kss011.soshiki_cd                                AS soshiki_cd
     , kss011.tekiyo_start_ymd                          AS tekiyo_start_ymd
     , kss011.disabled_flg                              AS disabled_flg
     , kss011.soshiki_nm                                AS soshiki_nm
     , replace(kss011.soshiki_ren_nm, '直属', '')       AS soshiki_ren_nm
     , kss011.sort_key                                  AS sort_key
     , kss011.soshiki_level                             AS soshiki_level
     , kss011.oya_soshiki_cd                            AS oya_soshiki_cd
    FROM
     kss011
    WHERE
         kss011.disabled_flg  = '0'
     AND kss011.soshiki_level = '3'
     AND CURRENT_DATE >= kss011.tekiyo_start_ymd
    ORDER BY
     kss011.soshiki_ren_nm
  </select>
  <select id="selectAllKss013" resultMap="Kss013ResultMap">
    SELECT
        kss013.user_id       AS user_id
      , kss013.sei           AS sei
      , kss013.mei           AS mei
      , kss013.nyusha_ymd    AS nyusha_ymd
      , kss013.taishoku_ymd  AS taishoku_ymd
      , kss013.zaiseki_kbn   AS zaiseki_kbn
    FROM
      kss013
    WHERE
      CURRENT_DATE BETWEEN kss013.nyusha_ymd AND coalesce(kss013.taishoku_ymd, '9999/12/31')
    ORDER BY
      kss013.sei,kss013.mei
  </select>
  <select id="selectAllAbda09" resultMap="Abda09ResultMap">
    SELECT
        ab9_soshik_cod
      , ab9_tekiyf_ymd
      , ab9_tekiyt_ymd
      , ab9_siyo_flg
      , ab9_seksok_flg
      , ab9_seksos_def
      , ab9_soshik_knj
      , ab9_sydaik_flg
      , ab9_joisos_cod
      , ab9_shuyk1_cod
      , ab9_shuyk2_cod
      , ab9_shuyk3_cod
      , ab9_ksssos_cod
      , ab9_kossan_kbn
      , ab9_stsosh_kbn
      , ab9_stsosh_cod
      , ab9_stssos_flg
      , ab9_soshik_kbn
      , ab9_teking_flg
      , ab9_update_cnt
      , ab9_torok_dh
      , ab9_torsha_cod
      , ab9_update_dh
      , ab9_updsha_cod
    FROM
      kss.abda09
    WHERE
      CURRENT_DATE BETWEEN kss.abda09.ab9_tekiyf_ymd AND coalesce(kss.abda09.ab9_tekiyt_ymd, '9999/12/31')
    ORDER BY
      kss.abda09.ab9_soshik_cod
  </select>

  <select id="selectAllAads01" resultMap="Aads01ResultMap">
    SELECT
        sa1_kaikei_ym
      , sa1_infrom_ymd
      , sa1_into_ymd
      , sa1_snkig_ymd
      , sa1_getsjs_ymd
      , sa1_getsmt_dh
      , sa1_nendmt_ymd
      , sa1_update_cnt
      , sa1_torok_dh
      , sa1_torsha_cod
      , sa1_update_dh
      , sa1_updsha_cod
    FROM
      kss.aads01
    WHERE
      CURRENT_DATE <![CDATA[ <= ]]> kss.aads01.sa1_getsjs_ymd
    ORDER BY
      kss.aads01.sa1_kaikei_ym
  </select>
</mapper>