<?xml version="1.0" encoding="UTF-8"?>
<!DOCTYPE mapper PUBLIC "-//mybatis.org//DTD Mapper 3.0//EN" "http://mybatis.org/dtd/mybatis-3-mapper.dtd">
<mapper namespace="jp.co.nsd.nkssweb.dao.mapper.Kss007Mapper">
  <resultMap id="BaseResultMap" type="jp.co.nsd.nkssweb.dao.Kss007">
    <id column="jokyaku_seisan_sho_id" jdbcType="CHAR" property="jokyakuSeisanShoId" />
    <id column="jokyaku_shisan_id" jdbcType="CHAR" property="jokyakuShisanId" />
    <result column="moto_kotei_shisan_id" jdbcType="CHAR" property="motoKoteiShisanId" />
    <result column="rireki_no" jdbcType="CHAR" property="rirekiNo" />
    <result column="jokyaku_kbn" jdbcType="CHAR" property="jokyakuKbn" />
    <result column="shurui_cd" jdbcType="CHAR" property="shuruiCd" />
    <result column="kouzou_cd" jdbcType="CHAR" property="kouzouCd" />
    <result column="shisan_tani_cd" jdbcType="CHAR" property="shisanTaniCd" />
    <result column="kamoku_cd_1" jdbcType="CHAR" property="kamokuCd1" />
    <result column="kamoku_cd_2" jdbcType="CHAR" property="kamokuCd2" />
    <result column="kamoku_cd_3" jdbcType="CHAR" property="kamokuCd3" />
    <result column="jokyaku_shubetsu_cd" jdbcType="CHAR" property="jokyakuShubetsuCd" />
    <result column="jokyaku_suryo" jdbcType="NUMERIC" property="jokyakuSuryo" />
    <result column="zan_suryo" jdbcType="NUMERIC" property="zanSuryo" />
    <result column="jokyaku_gaku" jdbcType="NUMERIC" property="jokyakuGaku" />
    <result column="chozo_bunrui_cd" jdbcType="CHAR" property="chozoBunruiCd" />
    <result column="ks_sel_yen" jdbcType="NUMERIC" property="ksSelYen" />
    <result column="ks_jkgenz_yen" jdbcType="NUMERIC" property="ksJkgenzYen" />
    <result column="ks_jkgens_yen" jdbcType="NUMERIC" property="ksJkgensYen" />
    <result column="ks_jktk1_yen" jdbcType="NUMERIC" property="ksJktk1Yen" />
    <result column="ks_jktk1s_yen" jdbcType="NUMERIC" property="ksJktk1sYen" />
    <result column="ks_jktk2_yen" jdbcType="NUMERIC" property="ksJktk2Yen" />
    <result column="ks_jktk2s_yen" jdbcType="NUMERIC" property="ksJktk2sYen" />
    <result column="ks_jktk3_yen" jdbcType="NUMERIC" property="ksJktk3Yen" />
    <result column="ks_jktk3s_yen" jdbcType="NUMERIC" property="ksJktk3sYen" />
    <result column="ks_jktk4_yen" jdbcType="NUMERIC" property="ksJktk4Yen" />
    <result column="ks_jktk4s_yen" jdbcType="NUMERIC" property="ksJktk4sYen" />
    <result column="ks_jkgnrz_yen" jdbcType="NUMERIC" property="ksJkgnrzYen" />
    <result column="ks_jkgnrs_yen" jdbcType="NUMERIC" property="ksJkgnrsYen" />
    <result column="ks_jkbkaz_yen" jdbcType="NUMERIC" property="ksJkbkazYen" />
    <result column="ks_jkbkas_yen" jdbcType="NUMERIC" property="ksJkbkasYen" />
    <result column="ks_jksonz_yen" jdbcType="NUMERIC" property="ksJksonzYen" />
    <result column="ks_jksons_yen" jdbcType="NUMERIC" property="ksJksonsYen" />
    <result column="bibo_kagaku_zei" jdbcType="NUMERIC" property="biboKagakuZei" />
    <result column="bibo_kagaku_sho" jdbcType="NUMERIC" property="biboKagakuSho" />
    <result column="ks_jkagk1_yen" jdbcType="NUMERIC" property="ksJkagk1Yen" />
    <result column="ks_jkagk2_yen" jdbcType="NUMERIC" property="ksJkagk2Yen" />
    <result column="ks_jkagk3_yen" jdbcType="NUMERIC" property="ksJkagk3Yen" />
    <result column="ks_jgtgns_yen" jdbcType="NUMERIC" property="ksJgtgnsYen" />
    <result column="ks_jgendz_yen" jdbcType="NUMERIC" property="ksJgendzYen" />
    <result column="ks_jgends_yen" jdbcType="NUMERIC" property="ksJgendsYen" />
    <result column="ks_jzanz_yen" jdbcType="NUMERIC" property="ksJzanzYen" />
    <result column="ks_jzans_yen" jdbcType="NUMERIC" property="ksJzansYen" />
    <result column="ks_jmbkaz_yen" jdbcType="NUMERIC" property="ksJmbkazYen" />
    <result column="ks_jmbkas_yen" jdbcType="NUMERIC" property="ksJmbkasYen" />
    <result column="ks_jmbkak_yen" jdbcType="NUMERIC" property="ksJmbkakYen" />
    <result column="ks_jgnrz_yen" jdbcType="NUMERIC" property="ksJgnrzYen" />
    <result column="ks_jgnrs_yen" jdbcType="NUMERIC" property="ksJgnrsYen" />
    <result column="ks_jshor_yen" jdbcType="NUMERIC" property="ksJshorYen" />
    <result column="ks_jnbkaz_yen" jdbcType="NUMERIC" property="ksJnbkazYen" />
    <result column="ks_jnbkas_yen" jdbcType="NUMERIC" property="ksJnbkasYen" />
    <result column="ks_jnbkak_yen" jdbcType="NUMERIC" property="ksJnbkakYen" />
    <result column="ks_jtkshz_yen" jdbcType="NUMERIC" property="ksJtkshzYen" />
    <result column="ks_jtkshs_yen" jdbcType="NUMERIC" property="ksJtkshsYen" />
    <result column="ks_jendz_yen" jdbcType="NUMERIC" property="ksJendzYen" />
    <result column="ks_jends_yen" jdbcType="NUMERIC" property="ksJendsYen" />
    <result column="ks_jstbkz_yen" jdbcType="NUMERIC" property="ksJstbkzYen" />
    <result column="ks_jstbks_yen" jdbcType="NUMERIC" property="ksJstbksYen" />
    <result column="ks_jtk1_yen" jdbcType="NUMERIC" property="ksJtk1Yen" />
    <result column="ks_jtk2_yen" jdbcType="NUMERIC" property="ksJtk2Yen" />
    <result column="ks_jtk3_yen" jdbcType="NUMERIC" property="ksJtk3Yen" />
    <result column="ks_jtk4_yen" jdbcType="NUMERIC" property="ksJtk4Yen" />
    <result column="ks_jtk1s_yen" jdbcType="NUMERIC" property="ksJtk1sYen" />
    <result column="ks_jtk2s_yen" jdbcType="NUMERIC" property="ksJtk2sYen" />
    <result column="ks_jtk3s_yen" jdbcType="NUMERIC" property="ksJtk3sYen" />
    <result column="ks_jtk4s_yen" jdbcType="NUMERIC" property="ksJtk4sYen" />
    <result column="ks_jtkr1_yen" jdbcType="NUMERIC" property="ksJtkr1Yen" />
    <result column="ks_jtkr2_yen" jdbcType="NUMERIC" property="ksJtkr2Yen" />
    <result column="ks_jtkr3_yen" jdbcType="NUMERIC" property="ksJtkr3Yen" />
    <result column="ks_jtkr4_yen" jdbcType="NUMERIC" property="ksJtkr4Yen" />
    <result column="ks_jtkr1s_yen" jdbcType="NUMERIC" property="ksJtkr1sYen" />
    <result column="ks_jtkr2s_yen" jdbcType="NUMERIC" property="ksJtkr2sYen" />
    <result column="ks_jtkr3s_yen" jdbcType="NUMERIC" property="ksJtkr3sYen" />
    <result column="ks_jtkr4s_yen" jdbcType="NUMERIC" property="ksJtkr4sYen" />
    <result column="ks_jsncsi_yen" jdbcType="NUMERIC" property="ksJsncsiYen" />
    <result column="ks_jsnstk_yen" jdbcType="NUMERIC" property="ksJsnstkYen" />
    <result column="ks_jyfbka_yen" jdbcType="NUMERIC" property="ksJyfbkaYen" />
    <result column="ks_jyfhyk_yen" jdbcType="NUMERIC" property="ksJyfhykYen" />
    <result column="ks_jybbka_yen" jdbcType="NUMERIC" property="ksJybbkaYen" />
    <result column="ks_jybhyk_yen" jdbcType="NUMERIC" property="ksJybhykYen" />
    <result column="ks_zkagk1_yen" jdbcType="NUMERIC" property="ksZkagk1Yen" />
    <result column="ks_zkagk2_yen" jdbcType="NUMERIC" property="ksZkagk2Yen" />
    <result column="ks_zkagk3_yen" jdbcType="NUMERIC" property="ksZkagk3Yen" />
    <result column="ks_zgtkgk_yen" jdbcType="NUMERIC" property="ksZgtkgkYen" />
    <result column="ks_zgtgns_yen" jdbcType="NUMERIC" property="ksZgtgnsYen" />
    <result column="ks_zgendz_yen" jdbcType="NUMERIC" property="ksZgendzYen" />
    <result column="ks_zgends_yen" jdbcType="NUMERIC" property="ksZgendsYen" />
    <result column="ks_zzanz_yen" jdbcType="NUMERIC" property="ksZzanzYen" />
    <result column="ks_zzans_yen" jdbcType="NUMERIC" property="ksZzansYen" />
    <result column="ks_zmbkaz_yen" jdbcType="NUMERIC" property="ksZmbkazYen" />
    <result column="ks_zmbkas_yen" jdbcType="NUMERIC" property="ksZmbkasYen" />
    <result column="ks_zmbkak_yen" jdbcType="NUMERIC" property="ksZmbkakYen" />
    <result column="ks_zgnrz_yen" jdbcType="NUMERIC" property="ksZgnrzYen" />
    <result column="ks_zgnrs_yen" jdbcType="NUMERIC" property="ksZgnrsYen" />
    <result column="ks_zshor_yen" jdbcType="NUMERIC" property="ksZshorYen" />
    <result column="ks_znbkaz_yen" jdbcType="NUMERIC" property="ksZnbkazYen" />
    <result column="ks_znbkas_yen" jdbcType="NUMERIC" property="ksZnbkasYen" />
    <result column="ks_znbkak_yen" jdbcType="NUMERIC" property="ksZnbkakYen" />
    <result column="ks_ztkshz_yen" jdbcType="NUMERIC" property="ksZtkshzYen" />
    <result column="ks_ztkshs_yen" jdbcType="NUMERIC" property="ksZtkshsYen" />
    <result column="ks_zendz_yen" jdbcType="NUMERIC" property="ksZendzYen" />
    <result column="ks_zends_yen" jdbcType="NUMERIC" property="ksZendsYen" />
    <result column="ks_zstbkz_yen" jdbcType="NUMERIC" property="ksZstbkzYen" />
    <result column="ks_zstbks_yen" jdbcType="NUMERIC" property="ksZstbksYen" />
    <result column="ks_ztk1_yen" jdbcType="NUMERIC" property="ksZtk1Yen" />
    <result column="ks_ztk2_yen" jdbcType="NUMERIC" property="ksZtk2Yen" />
    <result column="ks_ztk3_yen" jdbcType="NUMERIC" property="ksZtk3Yen" />
    <result column="ks_ztk4_yen" jdbcType="NUMERIC" property="ksZtk4Yen" />
    <result column="ks_ztk1s_yen" jdbcType="NUMERIC" property="ksZtk1sYen" />
    <result column="ks_ztk2s_yen" jdbcType="NUMERIC" property="ksZtk2sYen" />
    <result column="ks_ztk3s_yen" jdbcType="NUMERIC" property="ksZtk3sYen" />
    <result column="ks_ztk4s_yen" jdbcType="NUMERIC" property="ksZtk4sYen" />
    <result column="ks_ztkr1_yen" jdbcType="NUMERIC" property="ksZtkr1Yen" />
    <result column="ks_ztkr2_yen" jdbcType="NUMERIC" property="ksZtkr2Yen" />
    <result column="ks_ztkr3_yen" jdbcType="NUMERIC" property="ksZtkr3Yen" />
    <result column="ks_ztkr4_yen" jdbcType="NUMERIC" property="ksZtkr4Yen" />
    <result column="ks_ztkr1s_yen" jdbcType="NUMERIC" property="ksZtkr1sYen" />
    <result column="ks_ztkr2s_yen" jdbcType="NUMERIC" property="ksZtkr2sYen" />
    <result column="ks_ztkr3s_yen" jdbcType="NUMERIC" property="ksZtkr3sYen" />
    <result column="ks_ztkr4s_yen" jdbcType="NUMERIC" property="ksZtkr4sYen" />
    <result column="ks_zsncsi_yen" jdbcType="NUMERIC" property="ksZsncsiYen" />
    <result column="ks_zsnstk_yen" jdbcType="NUMERIC" property="ksZsnstkYen" />
    <result column="ks_zyfbka_yen" jdbcType="NUMERIC" property="ksZyfbkaYen" />
    <result column="ks_zyfhyk_yen" jdbcType="NUMERIC" property="ksZyfhykYen" />
    <result column="ks_zybbka_yen" jdbcType="NUMERIC" property="ksZybbkaYen" />
    <result column="ks_zybhyk_yen" jdbcType="NUMERIC" property="ksZybhykYen" />
    <result column="ks_mei_cod" jdbcType="CHAR" property="ksMeiCod" />
    <result column="ks_meico_cod" jdbcType="CHAR" property="ksMeicoCod" />
    <result column="ks_meirrk_cod" jdbcType="CHAR" property="ksMeirrkCod" />
    <result column="ks_jkgenson_yen" jdbcType="NUMERIC" property="ksJkgensonYen" />
    <result column="ks_jksonrui_yen" jdbcType="NUMERIC" property="ksJksonruiYen" />
    <result column="ks_jgenson_yen" jdbcType="NUMERIC" property="ksJgensonYen" />
    <result column="ks_jsonrui_yen" jdbcType="NUMERIC" property="ksJsonruiYen" />
    <result column="ks_jsonsta_yen" jdbcType="NUMERIC" property="ksJsonstaYen" />
    <result column="ks_zgenson_yen" jdbcType="NUMERIC" property="ksZgensonYen" />
    <result column="ks_zsonrui_yen" jdbcType="NUMERIC" property="ksZsonruiYen" />
    <result column="ks_zsonsta_yen" jdbcType="NUMERIC" property="ksZsonstaYen" />
    <result column="entry_date" jdbcType="TIMESTAMP" property="entryDate" />
    <result column="entry_user_id" jdbcType="CHAR" property="entryUserId" />
    <result column="update_date" jdbcType="TIMESTAMP" property="updateDate" />
    <result column="update_user_id" jdbcType="CHAR" property="updateUserId" />
  </resultMap>
  <sql id="Base_Column_List">
    jokyaku_seisan_sho_id, jokyaku_shisan_id, moto_kotei_shisan_id, rireki_no, jokyaku_kbn, 
    shurui_cd, kouzou_cd, shisan_tani_cd, kamoku_cd_1, kamoku_cd_2, kamoku_cd_3, jokyaku_shubetsu_cd, 
    jokyaku_suryo, zan_suryo, jokyaku_gaku, chozo_bunrui_cd, ks_sel_yen, ks_jkgenz_yen, 
    ks_jkgens_yen, ks_jktk1_yen, ks_jktk1s_yen, ks_jktk2_yen, ks_jktk2s_yen, ks_jktk3_yen, 
    ks_jktk3s_yen, ks_jktk4_yen, ks_jktk4s_yen, ks_jkgnrz_yen, ks_jkgnrs_yen, ks_jkbkaz_yen, 
    ks_jkbkas_yen, ks_jksonz_yen, ks_jksons_yen, bibo_kagaku_zei, bibo_kagaku_sho, ks_jkagk1_yen, 
    ks_jkagk2_yen, ks_jkagk3_yen, ks_jgtgns_yen, ks_jgendz_yen, ks_jgends_yen, ks_jzanz_yen, 
    ks_jzans_yen, ks_jmbkaz_yen, ks_jmbkas_yen, ks_jmbkak_yen, ks_jgnrz_yen, ks_jgnrs_yen, 
    ks_jshor_yen, ks_jnbkaz_yen, ks_jnbkas_yen, ks_jnbkak_yen, ks_jtkshz_yen, ks_jtkshs_yen, 
    ks_jendz_yen, ks_jends_yen, ks_jstbkz_yen, ks_jstbks_yen, ks_jtk1_yen, ks_jtk2_yen, 
    ks_jtk3_yen, ks_jtk4_yen, ks_jtk1s_yen, ks_jtk2s_yen, ks_jtk3s_yen, ks_jtk4s_yen, 
    ks_jtkr1_yen, ks_jtkr2_yen, ks_jtkr3_yen, ks_jtkr4_yen, ks_jtkr1s_yen, ks_jtkr2s_yen, 
    ks_jtkr3s_yen, ks_jtkr4s_yen, ks_jsncsi_yen, ks_jsnstk_yen, ks_jyfbka_yen, ks_jyfhyk_yen, 
    ks_jybbka_yen, ks_jybhyk_yen, ks_zkagk1_yen, ks_zkagk2_yen, ks_zkagk3_yen, ks_zgtkgk_yen, 
    ks_zgtgns_yen, ks_zgendz_yen, ks_zgends_yen, ks_zzanz_yen, ks_zzans_yen, ks_zmbkaz_yen, 
    ks_zmbkas_yen, ks_zmbkak_yen, ks_zgnrz_yen, ks_zgnrs_yen, ks_zshor_yen, ks_znbkaz_yen, 
    ks_znbkas_yen, ks_znbkak_yen, ks_ztkshz_yen, ks_ztkshs_yen, ks_zendz_yen, ks_zends_yen, 
    ks_zstbkz_yen, ks_zstbks_yen, ks_ztk1_yen, ks_ztk2_yen, ks_ztk3_yen, ks_ztk4_yen, 
    ks_ztk1s_yen, ks_ztk2s_yen, ks_ztk3s_yen, ks_ztk4s_yen, ks_ztkr1_yen, ks_ztkr2_yen, 
    ks_ztkr3_yen, ks_ztkr4_yen, ks_ztkr1s_yen, ks_ztkr2s_yen, ks_ztkr3s_yen, ks_ztkr4s_yen, 
    ks_zsncsi_yen, ks_zsnstk_yen, ks_zyfbka_yen, ks_zyfhyk_yen, ks_zybbka_yen, ks_zybhyk_yen, 
    ks_mei_cod, ks_meico_cod, ks_meirrk_cod, ks_jkgenson_yen, ks_jksonrui_yen, ks_jgenson_yen, 
    ks_jsonrui_yen, ks_jsonsta_yen, ks_zgenson_yen, ks_zsonrui_yen, ks_zsonsta_yen, entry_date, 
    entry_user_id, update_date, update_user_id
  </sql>
  <select id="selectByPrimaryKey" parameterType="jp.co.nsd.nkssweb.dao.Kss007Key" resultMap="BaseResultMap">
    select 
    <include refid="Base_Column_List" />
    from kss007
    where jokyaku_seisan_sho_id = #{jokyakuSeisanShoId,jdbcType=CHAR}
      and jokyaku_shisan_id = #{jokyakuShisanId,jdbcType=CHAR}
  </select>
  <delete id="deleteByPrimaryKey" parameterType="jp.co.nsd.nkssweb.dao.Kss007Key">
    delete from kss007
    where jokyaku_seisan_sho_id = #{jokyakuSeisanShoId,jdbcType=CHAR}
      and jokyaku_shisan_id = #{jokyakuShisanId,jdbcType=CHAR}
  </delete>
  <insert id="insert" parameterType="jp.co.nsd.nkssweb.dao.Kss007">
    insert into kss007 (jokyaku_seisan_sho_id, jokyaku_shisan_id, moto_kotei_shisan_id, 
      rireki_no, jokyaku_kbn, shurui_cd, 
      kouzou_cd, shisan_tani_cd, kamoku_cd_1, 
      kamoku_cd_2, kamoku_cd_3, jokyaku_shubetsu_cd, 
      jokyaku_suryo, zan_suryo, jokyaku_gaku, 
      chozo_bunrui_cd, ks_sel_yen, ks_jkgenz_yen, 
      ks_jkgens_yen, ks_jktk1_yen, ks_jktk1s_yen, 
      ks_jktk2_yen, ks_jktk2s_yen, ks_jktk3_yen, 
      ks_jktk3s_yen, ks_jktk4_yen, ks_jktk4s_yen, 
      ks_jkgnrz_yen, ks_jkgnrs_yen, ks_jkbkaz_yen, 
      ks_jkbkas_yen, ks_jksonz_yen, ks_jksons_yen, 
      bibo_kagaku_zei, bibo_kagaku_sho, ks_jkagk1_yen, 
      ks_jkagk2_yen, ks_jkagk3_yen, ks_jgtgns_yen, 
      ks_jgendz_yen, ks_jgends_yen, ks_jzanz_yen, 
      ks_jzans_yen, ks_jmbkaz_yen, ks_jmbkas_yen, 
      ks_jmbkak_yen, ks_jgnrz_yen, ks_jgnrs_yen, 
      ks_jshor_yen, ks_jnbkaz_yen, ks_jnbkas_yen, 
      ks_jnbkak_yen, ks_jtkshz_yen, ks_jtkshs_yen, 
      ks_jendz_yen, ks_jends_yen, ks_jstbkz_yen, 
      ks_jstbks_yen, ks_jtk1_yen, ks_jtk2_yen, 
      ks_jtk3_yen, ks_jtk4_yen, ks_jtk1s_yen, 
      ks_jtk2s_yen, ks_jtk3s_yen, ks_jtk4s_yen, 
      ks_jtkr1_yen, ks_jtkr2_yen, ks_jtkr3_yen, 
      ks_jtkr4_yen, ks_jtkr1s_yen, ks_jtkr2s_yen, 
      ks_jtkr3s_yen, ks_jtkr4s_yen, ks_jsncsi_yen, 
      ks_jsnstk_yen, ks_jyfbka_yen, ks_jyfhyk_yen, 
      ks_jybbka_yen, ks_jybhyk_yen, ks_zkagk1_yen, 
      ks_zkagk2_yen, ks_zkagk3_yen, ks_zgtkgk_yen, 
      ks_zgtgns_yen, ks_zgendz_yen, ks_zgends_yen, 
      ks_zzanz_yen, ks_zzans_yen, ks_zmbkaz_yen, 
      ks_zmbkas_yen, ks_zmbkak_yen, ks_zgnrz_yen, 
      ks_zgnrs_yen, ks_zshor_yen, ks_znbkaz_yen, 
      ks_znbkas_yen, ks_znbkak_yen, ks_ztkshz_yen, 
      ks_ztkshs_yen, ks_zendz_yen, ks_zends_yen, 
      ks_zstbkz_yen, ks_zstbks_yen, ks_ztk1_yen, 
      ks_ztk2_yen, ks_ztk3_yen, ks_ztk4_yen, 
      ks_ztk1s_yen, ks_ztk2s_yen, ks_ztk3s_yen, 
      ks_ztk4s_yen, ks_ztkr1_yen, ks_ztkr2_yen, 
      ks_ztkr3_yen, ks_ztkr4_yen, ks_ztkr1s_yen, 
      ks_ztkr2s_yen, ks_ztkr3s_yen, ks_ztkr4s_yen, 
      ks_zsncsi_yen, ks_zsnstk_yen, ks_zyfbka_yen, 
      ks_zyfhyk_yen, ks_zybbka_yen, ks_zybhyk_yen, 
      ks_mei_cod, ks_meico_cod, ks_meirrk_cod, 
      ks_jkgenson_yen, ks_jksonrui_yen, ks_jgenson_yen, 
      ks_jsonrui_yen, ks_jsonsta_yen, ks_zgenson_yen, 
      ks_zsonrui_yen, ks_zsonsta_yen, entry_date, 
      entry_user_id, update_date, update_user_id
      )
    values (#{jokyakuSeisanShoId,jdbcType=CHAR}, #{jokyakuShisanId,jdbcType=CHAR}, #{motoKoteiShisanId,jdbcType=CHAR}, 
      #{rirekiNo,jdbcType=CHAR}, #{jokyakuKbn,jdbcType=CHAR}, #{shuruiCd,jdbcType=CHAR}, 
      #{kouzouCd,jdbcType=CHAR}, #{shisanTaniCd,jdbcType=CHAR}, #{kamokuCd1,jdbcType=CHAR}, 
      #{kamokuCd2,jdbcType=CHAR}, #{kamokuCd3,jdbcType=CHAR}, #{jokyakuShubetsuCd,jdbcType=CHAR}, 
      #{jokyakuSuryo,jdbcType=NUMERIC}, #{zanSuryo,jdbcType=NUMERIC}, #{jokyakuGaku,jdbcType=NUMERIC}, 
      #{chozoBunruiCd,jdbcType=CHAR}, #{ksSelYen,jdbcType=NUMERIC}, #{ksJkgenzYen,jdbcType=NUMERIC}, 
      #{ksJkgensYen,jdbcType=NUMERIC}, #{ksJktk1Yen,jdbcType=NUMERIC}, #{ksJktk1sYen,jdbcType=NUMERIC}, 
      #{ksJktk2Yen,jdbcType=NUMERIC}, #{ksJktk2sYen,jdbcType=NUMERIC}, #{ksJktk3Yen,jdbcType=NUMERIC}, 
      #{ksJktk3sYen,jdbcType=NUMERIC}, #{ksJktk4Yen,jdbcType=NUMERIC}, #{ksJktk4sYen,jdbcType=NUMERIC}, 
      #{ksJkgnrzYen,jdbcType=NUMERIC}, #{ksJkgnrsYen,jdbcType=NUMERIC}, #{ksJkbkazYen,jdbcType=NUMERIC}, 
      #{ksJkbkasYen,jdbcType=NUMERIC}, #{ksJksonzYen,jdbcType=NUMERIC}, #{ksJksonsYen,jdbcType=NUMERIC}, 
      #{biboKagakuZei,jdbcType=NUMERIC}, #{biboKagakuSho,jdbcType=NUMERIC}, #{ksJkagk1Yen,jdbcType=NUMERIC}, 
      #{ksJkagk2Yen,jdbcType=NUMERIC}, #{ksJkagk3Yen,jdbcType=NUMERIC}, #{ksJgtgnsYen,jdbcType=NUMERIC}, 
      #{ksJgendzYen,jdbcType=NUMERIC}, #{ksJgendsYen,jdbcType=NUMERIC}, #{ksJzanzYen,jdbcType=NUMERIC}, 
      #{ksJzansYen,jdbcType=NUMERIC}, #{ksJmbkazYen,jdbcType=NUMERIC}, #{ksJmbkasYen,jdbcType=NUMERIC}, 
      #{ksJmbkakYen,jdbcType=NUMERIC}, #{ksJgnrzYen,jdbcType=NUMERIC}, #{ksJgnrsYen,jdbcType=NUMERIC}, 
      #{ksJshorYen,jdbcType=NUMERIC}, #{ksJnbkazYen,jdbcType=NUMERIC}, #{ksJnbkasYen,jdbcType=NUMERIC}, 
      #{ksJnbkakYen,jdbcType=NUMERIC}, #{ksJtkshzYen,jdbcType=NUMERIC}, #{ksJtkshsYen,jdbcType=NUMERIC}, 
      #{ksJendzYen,jdbcType=NUMERIC}, #{ksJendsYen,jdbcType=NUMERIC}, #{ksJstbkzYen,jdbcType=NUMERIC}, 
      #{ksJstbksYen,jdbcType=NUMERIC}, #{ksJtk1Yen,jdbcType=NUMERIC}, #{ksJtk2Yen,jdbcType=NUMERIC}, 
      #{ksJtk3Yen,jdbcType=NUMERIC}, #{ksJtk4Yen,jdbcType=NUMERIC}, #{ksJtk1sYen,jdbcType=NUMERIC}, 
      #{ksJtk2sYen,jdbcType=NUMERIC}, #{ksJtk3sYen,jdbcType=NUMERIC}, #{ksJtk4sYen,jdbcType=NUMERIC}, 
      #{ksJtkr1Yen,jdbcType=NUMERIC}, #{ksJtkr2Yen,jdbcType=NUMERIC}, #{ksJtkr3Yen,jdbcType=NUMERIC}, 
      #{ksJtkr4Yen,jdbcType=NUMERIC}, #{ksJtkr1sYen,jdbcType=NUMERIC}, #{ksJtkr2sYen,jdbcType=NUMERIC}, 
      #{ksJtkr3sYen,jdbcType=NUMERIC}, #{ksJtkr4sYen,jdbcType=NUMERIC}, #{ksJsncsiYen,jdbcType=NUMERIC}, 
      #{ksJsnstkYen,jdbcType=NUMERIC}, #{ksJyfbkaYen,jdbcType=NUMERIC}, #{ksJyfhykYen,jdbcType=NUMERIC}, 
      #{ksJybbkaYen,jdbcType=NUMERIC}, #{ksJybhykYen,jdbcType=NUMERIC}, #{ksZkagk1Yen,jdbcType=NUMERIC}, 
      #{ksZkagk2Yen,jdbcType=NUMERIC}, #{ksZkagk3Yen,jdbcType=NUMERIC}, #{ksZgtkgkYen,jdbcType=NUMERIC}, 
      #{ksZgtgnsYen,jdbcType=NUMERIC}, #{ksZgendzYen,jdbcType=NUMERIC}, #{ksZgendsYen,jdbcType=NUMERIC}, 
      #{ksZzanzYen,jdbcType=NUMERIC}, #{ksZzansYen,jdbcType=NUMERIC}, #{ksZmbkazYen,jdbcType=NUMERIC}, 
      #{ksZmbkasYen,jdbcType=NUMERIC}, #{ksZmbkakYen,jdbcType=NUMERIC}, #{ksZgnrzYen,jdbcType=NUMERIC}, 
      #{ksZgnrsYen,jdbcType=NUMERIC}, #{ksZshorYen,jdbcType=NUMERIC}, #{ksZnbkazYen,jdbcType=NUMERIC}, 
      #{ksZnbkasYen,jdbcType=NUMERIC}, #{ksZnbkakYen,jdbcType=NUMERIC}, #{ksZtkshzYen,jdbcType=NUMERIC}, 
      #{ksZtkshsYen,jdbcType=NUMERIC}, #{ksZendzYen,jdbcType=NUMERIC}, #{ksZendsYen,jdbcType=NUMERIC}, 
      #{ksZstbkzYen,jdbcType=NUMERIC}, #{ksZstbksYen,jdbcType=NUMERIC}, #{ksZtk1Yen,jdbcType=NUMERIC}, 
      #{ksZtk2Yen,jdbcType=NUMERIC}, #{ksZtk3Yen,jdbcType=NUMERIC}, #{ksZtk4Yen,jdbcType=NUMERIC}, 
      #{ksZtk1sYen,jdbcType=NUMERIC}, #{ksZtk2sYen,jdbcType=NUMERIC}, #{ksZtk3sYen,jdbcType=NUMERIC}, 
      #{ksZtk4sYen,jdbcType=NUMERIC}, #{ksZtkr1Yen,jdbcType=NUMERIC}, #{ksZtkr2Yen,jdbcType=NUMERIC}, 
      #{ksZtkr3Yen,jdbcType=NUMERIC}, #{ksZtkr4Yen,jdbcType=NUMERIC}, #{ksZtkr1sYen,jdbcType=NUMERIC}, 
      #{ksZtkr2sYen,jdbcType=NUMERIC}, #{ksZtkr3sYen,jdbcType=NUMERIC}, #{ksZtkr4sYen,jdbcType=NUMERIC}, 
      #{ksZsncsiYen,jdbcType=NUMERIC}, #{ksZsnstkYen,jdbcType=NUMERIC}, #{ksZyfbkaYen,jdbcType=NUMERIC}, 
      #{ksZyfhykYen,jdbcType=NUMERIC}, #{ksZybbkaYen,jdbcType=NUMERIC}, #{ksZybhykYen,jdbcType=NUMERIC}, 
      #{ksMeiCod,jdbcType=CHAR}, #{ksMeicoCod,jdbcType=CHAR}, #{ksMeirrkCod,jdbcType=CHAR}, 
      #{ksJkgensonYen,jdbcType=NUMERIC}, #{ksJksonruiYen,jdbcType=NUMERIC}, #{ksJgensonYen,jdbcType=NUMERIC}, 
      #{ksJsonruiYen,jdbcType=NUMERIC}, #{ksJsonstaYen,jdbcType=NUMERIC}, #{ksZgensonYen,jdbcType=NUMERIC}, 
      #{ksZsonruiYen,jdbcType=NUMERIC}, #{ksZsonstaYen,jdbcType=NUMERIC}, #{entryDate,jdbcType=TIMESTAMP}, 
      #{entryUserId,jdbcType=CHAR}, #{updateDate,jdbcType=TIMESTAMP}, #{updateUserId,jdbcType=CHAR}
      )
  </insert>
  <insert id="insertSelective" parameterType="jp.co.nsd.nkssweb.dao.Kss007">
    insert into kss007
    <trim prefix="(" suffix=")" suffixOverrides=",">
      <if test="jokyakuSeisanShoId != null">
        jokyaku_seisan_sho_id,
      </if>
      <if test="jokyakuShisanId != null">
        jokyaku_shisan_id,
      </if>
      <if test="motoKoteiShisanId != null">
        moto_kotei_shisan_id,
      </if>
      <if test="rirekiNo != null">
        rireki_no,
      </if>
      <if test="jokyakuKbn != null">
        jokyaku_kbn,
      </if>
      <if test="shuruiCd != null">
        shurui_cd,
      </if>
      <if test="kouzouCd != null">
        kouzou_cd,
      </if>
      <if test="shisanTaniCd != null">
        shisan_tani_cd,
      </if>
      <if test="kamokuCd1 != null">
        kamoku_cd_1,
      </if>
      <if test="kamokuCd2 != null">
        kamoku_cd_2,
      </if>
      <if test="kamokuCd3 != null">
        kamoku_cd_3,
      </if>
      <if test="jokyakuShubetsuCd != null">
        jokyaku_shubetsu_cd,
      </if>
      <if test="jokyakuSuryo != null">
        jokyaku_suryo,
      </if>
      <if test="zanSuryo != null">
        zan_suryo,
      </if>
      <if test="jokyakuGaku != null">
        jokyaku_gaku,
      </if>
      <if test="chozoBunruiCd != null">
        chozo_bunrui_cd,
      </if>
      <if test="ksSelYen != null">
        ks_sel_yen,
      </if>
      <if test="ksJkgenzYen != null">
        ks_jkgenz_yen,
      </if>
      <if test="ksJkgensYen != null">
        ks_jkgens_yen,
      </if>
      <if test="ksJktk1Yen != null">
        ks_jktk1_yen,
      </if>
      <if test="ksJktk1sYen != null">
        ks_jktk1s_yen,
      </if>
      <if test="ksJktk2Yen != null">
        ks_jktk2_yen,
      </if>
      <if test="ksJktk2sYen != null">
        ks_jktk2s_yen,
      </if>
      <if test="ksJktk3Yen != null">
        ks_jktk3_yen,
      </if>
      <if test="ksJktk3sYen != null">
        ks_jktk3s_yen,
      </if>
      <if test="ksJktk4Yen != null">
        ks_jktk4_yen,
      </if>
      <if test="ksJktk4sYen != null">
        ks_jktk4s_yen,
      </if>
      <if test="ksJkgnrzYen != null">
        ks_jkgnrz_yen,
      </if>
      <if test="ksJkgnrsYen != null">
        ks_jkgnrs_yen,
      </if>
      <if test="ksJkbkazYen != null">
        ks_jkbkaz_yen,
      </if>
      <if test="ksJkbkasYen != null">
        ks_jkbkas_yen,
      </if>
      <if test="ksJksonzYen != null">
        ks_jksonz_yen,
      </if>
      <if test="ksJksonsYen != null">
        ks_jksons_yen,
      </if>
      <if test="biboKagakuZei != null">
        bibo_kagaku_zei,
      </if>
      <if test="biboKagakuSho != null">
        bibo_kagaku_sho,
      </if>
      <if test="ksJkagk1Yen != null">
        ks_jkagk1_yen,
      </if>
      <if test="ksJkagk2Yen != null">
        ks_jkagk2_yen,
      </if>
      <if test="ksJkagk3Yen != null">
        ks_jkagk3_yen,
      </if>
      <if test="ksJgtgnsYen != null">
        ks_jgtgns_yen,
      </if>
      <if test="ksJgendzYen != null">
        ks_jgendz_yen,
      </if>
      <if test="ksJgendsYen != null">
        ks_jgends_yen,
      </if>
      <if test="ksJzanzYen != null">
        ks_jzanz_yen,
      </if>
      <if test="ksJzansYen != null">
        ks_jzans_yen,
      </if>
      <if test="ksJmbkazYen != null">
        ks_jmbkaz_yen,
      </if>
      <if test="ksJmbkasYen != null">
        ks_jmbkas_yen,
      </if>
      <if test="ksJmbkakYen != null">
        ks_jmbkak_yen,
      </if>
      <if test="ksJgnrzYen != null">
        ks_jgnrz_yen,
      </if>
      <if test="ksJgnrsYen != null">
        ks_jgnrs_yen,
      </if>
      <if test="ksJshorYen != null">
        ks_jshor_yen,
      </if>
      <if test="ksJnbkazYen != null">
        ks_jnbkaz_yen,
      </if>
      <if test="ksJnbkasYen != null">
        ks_jnbkas_yen,
      </if>
      <if test="ksJnbkakYen != null">
        ks_jnbkak_yen,
      </if>
      <if test="ksJtkshzYen != null">
        ks_jtkshz_yen,
      </if>
      <if test="ksJtkshsYen != null">
        ks_jtkshs_yen,
      </if>
      <if test="ksJendzYen != null">
        ks_jendz_yen,
      </if>
      <if test="ksJendsYen != null">
        ks_jends_yen,
      </if>
      <if test="ksJstbkzYen != null">
        ks_jstbkz_yen,
      </if>
      <if test="ksJstbksYen != null">
        ks_jstbks_yen,
      </if>
      <if test="ksJtk1Yen != null">
        ks_jtk1_yen,
      </if>
      <if test="ksJtk2Yen != null">
        ks_jtk2_yen,
      </if>
      <if test="ksJtk3Yen != null">
        ks_jtk3_yen,
      </if>
      <if test="ksJtk4Yen != null">
        ks_jtk4_yen,
      </if>
      <if test="ksJtk1sYen != null">
        ks_jtk1s_yen,
      </if>
      <if test="ksJtk2sYen != null">
        ks_jtk2s_yen,
      </if>
      <if test="ksJtk3sYen != null">
        ks_jtk3s_yen,
      </if>
      <if test="ksJtk4sYen != null">
        ks_jtk4s_yen,
      </if>
      <if test="ksJtkr1Yen != null">
        ks_jtkr1_yen,
      </if>
      <if test="ksJtkr2Yen != null">
        ks_jtkr2_yen,
      </if>
      <if test="ksJtkr3Yen != null">
        ks_jtkr3_yen,
      </if>
      <if test="ksJtkr4Yen != null">
        ks_jtkr4_yen,
      </if>
      <if test="ksJtkr1sYen != null">
        ks_jtkr1s_yen,
      </if>
      <if test="ksJtkr2sYen != null">
        ks_jtkr2s_yen,
      </if>
      <if test="ksJtkr3sYen != null">
        ks_jtkr3s_yen,
      </if>
      <if test="ksJtkr4sYen != null">
        ks_jtkr4s_yen,
      </if>
      <if test="ksJsncsiYen != null">
        ks_jsncsi_yen,
      </if>
      <if test="ksJsnstkYen != null">
        ks_jsnstk_yen,
      </if>
      <if test="ksJyfbkaYen != null">
        ks_jyfbka_yen,
      </if>
      <if test="ksJyfhykYen != null">
        ks_jyfhyk_yen,
      </if>
      <if test="ksJybbkaYen != null">
        ks_jybbka_yen,
      </if>
      <if test="ksJybhykYen != null">
        ks_jybhyk_yen,
      </if>
      <if test="ksZkagk1Yen != null">
        ks_zkagk1_yen,
      </if>
      <if test="ksZkagk2Yen != null">
        ks_zkagk2_yen,
      </if>
      <if test="ksZkagk3Yen != null">
        ks_zkagk3_yen,
      </if>
      <if test="ksZgtkgkYen != null">
        ks_zgtkgk_yen,
      </if>
      <if test="ksZgtgnsYen != null">
        ks_zgtgns_yen,
      </if>
      <if test="ksZgendzYen != null">
        ks_zgendz_yen,
      </if>
      <if test="ksZgendsYen != null">
        ks_zgends_yen,
      </if>
      <if test="ksZzanzYen != null">
        ks_zzanz_yen,
      </if>
      <if test="ksZzansYen != null">
        ks_zzans_yen,
      </if>
      <if test="ksZmbkazYen != null">
        ks_zmbkaz_yen,
      </if>
      <if test="ksZmbkasYen != null">
        ks_zmbkas_yen,
      </if>
      <if test="ksZmbkakYen != null">
        ks_zmbkak_yen,
      </if>
      <if test="ksZgnrzYen != null">
        ks_zgnrz_yen,
      </if>
      <if test="ksZgnrsYen != null">
        ks_zgnrs_yen,
      </if>
      <if test="ksZshorYen != null">
        ks_zshor_yen,
      </if>
      <if test="ksZnbkazYen != null">
        ks_znbkaz_yen,
      </if>
      <if test="ksZnbkasYen != null">
        ks_znbkas_yen,
      </if>
      <if test="ksZnbkakYen != null">
        ks_znbkak_yen,
      </if>
      <if test="ksZtkshzYen != null">
        ks_ztkshz_yen,
      </if>
      <if test="ksZtkshsYen != null">
        ks_ztkshs_yen,
      </if>
      <if test="ksZendzYen != null">
        ks_zendz_yen,
      </if>
      <if test="ksZendsYen != null">
        ks_zends_yen,
      </if>
      <if test="ksZstbkzYen != null">
        ks_zstbkz_yen,
      </if>
      <if test="ksZstbksYen != null">
        ks_zstbks_yen,
      </if>
      <if test="ksZtk1Yen != null">
        ks_ztk1_yen,
      </if>
      <if test="ksZtk2Yen != null">
        ks_ztk2_yen,
      </if>
      <if test="ksZtk3Yen != null">
        ks_ztk3_yen,
      </if>
      <if test="ksZtk4Yen != null">
        ks_ztk4_yen,
      </if>
      <if test="ksZtk1sYen != null">
        ks_ztk1s_yen,
      </if>
      <if test="ksZtk2sYen != null">
        ks_ztk2s_yen,
      </if>
      <if test="ksZtk3sYen != null">
        ks_ztk3s_yen,
      </if>
      <if test="ksZtk4sYen != null">
        ks_ztk4s_yen,
      </if>
      <if test="ksZtkr1Yen != null">
        ks_ztkr1_yen,
      </if>
      <if test="ksZtkr2Yen != null">
        ks_ztkr2_yen,
      </if>
      <if test="ksZtkr3Yen != null">
        ks_ztkr3_yen,
      </if>
      <if test="ksZtkr4Yen != null">
        ks_ztkr4_yen,
      </if>
      <if test="ksZtkr1sYen != null">
        ks_ztkr1s_yen,
      </if>
      <if test="ksZtkr2sYen != null">
        ks_ztkr2s_yen,
      </if>
      <if test="ksZtkr3sYen != null">
        ks_ztkr3s_yen,
      </if>
      <if test="ksZtkr4sYen != null">
        ks_ztkr4s_yen,
      </if>
      <if test="ksZsncsiYen != null">
        ks_zsncsi_yen,
      </if>
      <if test="ksZsnstkYen != null">
        ks_zsnstk_yen,
      </if>
      <if test="ksZyfbkaYen != null">
        ks_zyfbka_yen,
      </if>
      <if test="ksZyfhykYen != null">
        ks_zyfhyk_yen,
      </if>
      <if test="ksZybbkaYen != null">
        ks_zybbka_yen,
      </if>
      <if test="ksZybhykYen != null">
        ks_zybhyk_yen,
      </if>
      <if test="ksMeiCod != null">
        ks_mei_cod,
      </if>
      <if test="ksMeicoCod != null">
        ks_meico_cod,
      </if>
      <if test="ksMeirrkCod != null">
        ks_meirrk_cod,
      </if>
      <if test="ksJkgensonYen != null">
        ks_jkgenson_yen,
      </if>
      <if test="ksJksonruiYen != null">
        ks_jksonrui_yen,
      </if>
      <if test="ksJgensonYen != null">
        ks_jgenson_yen,
      </if>
      <if test="ksJsonruiYen != null">
        ks_jsonrui_yen,
      </if>
      <if test="ksJsonstaYen != null">
        ks_jsonsta_yen,
      </if>
      <if test="ksZgensonYen != null">
        ks_zgenson_yen,
      </if>
      <if test="ksZsonruiYen != null">
        ks_zsonrui_yen,
      </if>
      <if test="ksZsonstaYen != null">
        ks_zsonsta_yen,
      </if>
      <if test="entryDate != null">
        entry_date,
      </if>
      <if test="entryUserId != null">
        entry_user_id,
      </if>
      <if test="updateDate != null">
        update_date,
      </if>
      <if test="updateUserId != null">
        update_user_id,
      </if>
    </trim>
    <trim prefix="values (" suffix=")" suffixOverrides=",">
      <if test="jokyakuSeisanShoId != null">
        #{jokyakuSeisanShoId,jdbcType=CHAR},
      </if>
      <if test="jokyakuShisanId != null">
        #{jokyakuShisanId,jdbcType=CHAR},
      </if>
      <if test="motoKoteiShisanId != null">
        #{motoKoteiShisanId,jdbcType=CHAR},
      </if>
      <if test="rirekiNo != null">
        #{rirekiNo,jdbcType=CHAR},
      </if>
      <if test="jokyakuKbn != null">
        #{jokyakuKbn,jdbcType=CHAR},
      </if>
      <if test="shuruiCd != null">
        #{shuruiCd,jdbcType=CHAR},
      </if>
      <if test="kouzouCd != null">
        #{kouzouCd,jdbcType=CHAR},
      </if>
      <if test="shisanTaniCd != null">
        #{shisanTaniCd,jdbcType=CHAR},
      </if>
      <if test="kamokuCd1 != null">
        #{kamokuCd1,jdbcType=CHAR},
      </if>
      <if test="kamokuCd2 != null">
        #{kamokuCd2,jdbcType=CHAR},
      </if>
      <if test="kamokuCd3 != null">
        #{kamokuCd3,jdbcType=CHAR},
      </if>
      <if test="jokyakuShubetsuCd != null">
        #{jokyakuShubetsuCd,jdbcType=CHAR},
      </if>
      <if test="jokyakuSuryo != null">
        #{jokyakuSuryo,jdbcType=NUMERIC},
      </if>
      <if test="zanSuryo != null">
        #{zanSuryo,jdbcType=NUMERIC},
      </if>
      <if test="jokyakuGaku != null">
        #{jokyakuGaku,jdbcType=NUMERIC},
      </if>
      <if test="chozoBunruiCd != null">
        #{chozoBunruiCd,jdbcType=CHAR},
      </if>
      <if test="ksSelYen != null">
        #{ksSelYen,jdbcType=NUMERIC},
      </if>
      <if test="ksJkgenzYen != null">
        #{ksJkgenzYen,jdbcType=NUMERIC},
      </if>
      <if test="ksJkgensYen != null">
        #{ksJkgensYen,jdbcType=NUMERIC},
      </if>
      <if test="ksJktk1Yen != null">
        #{ksJktk1Yen,jdbcType=NUMERIC},
      </if>
      <if test="ksJktk1sYen != null">
        #{ksJktk1sYen,jdbcType=NUMERIC},
      </if>
      <if test="ksJktk2Yen != null">
        #{ksJktk2Yen,jdbcType=NUMERIC},
      </if>
      <if test="ksJktk2sYen != null">
        #{ksJktk2sYen,jdbcType=NUMERIC},
      </if>
      <if test="ksJktk3Yen != null">
        #{ksJktk3Yen,jdbcType=NUMERIC},
      </if>
      <if test="ksJktk3sYen != null">
        #{ksJktk3sYen,jdbcType=NUMERIC},
      </if>
      <if test="ksJktk4Yen != null">
        #{ksJktk4Yen,jdbcType=NUMERIC},
      </if>
      <if test="ksJktk4sYen != null">
        #{ksJktk4sYen,jdbcType=NUMERIC},
      </if>
      <if test="ksJkgnrzYen != null">
        #{ksJkgnrzYen,jdbcType=NUMERIC},
      </if>
      <if test="ksJkgnrsYen != null">
        #{ksJkgnrsYen,jdbcType=NUMERIC},
      </if>
      <if test="ksJkbkazYen != null">
        #{ksJkbkazYen,jdbcType=NUMERIC},
      </if>
      <if test="ksJkbkasYen != null">
        #{ksJkbkasYen,jdbcType=NUMERIC},
      </if>
      <if test="ksJksonzYen != null">
        #{ksJksonzYen,jdbcType=NUMERIC},
      </if>
      <if test="ksJksonsYen != null">
        #{ksJksonsYen,jdbcType=NUMERIC},
      </if>
      <if test="biboKagakuZei != null">
        #{biboKagakuZei,jdbcType=NUMERIC},
      </if>
      <if test="biboKagakuSho != null">
        #{biboKagakuSho,jdbcType=NUMERIC},
      </if>
      <if test="ksJkagk1Yen != null">
        #{ksJkagk1Yen,jdbcType=NUMERIC},
      </if>
      <if test="ksJkagk2Yen != null">
        #{ksJkagk2Yen,jdbcType=NUMERIC},
      </if>
      <if test="ksJkagk3Yen != null">
        #{ksJkagk3Yen,jdbcType=NUMERIC},
      </if>
      <if test="ksJgtgnsYen != null">
        #{ksJgtgnsYen,jdbcType=NUMERIC},
      </if>
      <if test="ksJgendzYen != null">
        #{ksJgendzYen,jdbcType=NUMERIC},
      </if>
      <if test="ksJgendsYen != null">
        #{ksJgendsYen,jdbcType=NUMERIC},
      </if>
      <if test="ksJzanzYen != null">
        #{ksJzanzYen,jdbcType=NUMERIC},
      </if>
      <if test="ksJzansYen != null">
        #{ksJzansYen,jdbcType=NUMERIC},
      </if>
      <if test="ksJmbkazYen != null">
        #{ksJmbkazYen,jdbcType=NUMERIC},
      </if>
      <if test="ksJmbkasYen != null">
        #{ksJmbkasYen,jdbcType=NUMERIC},
      </if>
      <if test="ksJmbkakYen != null">
        #{ksJmbkakYen,jdbcType=NUMERIC},
      </if>
      <if test="ksJgnrzYen != null">
        #{ksJgnrzYen,jdbcType=NUMERIC},
      </if>
      <if test="ksJgnrsYen != null">
        #{ksJgnrsYen,jdbcType=NUMERIC},
      </if>
      <if test="ksJshorYen != null">
        #{ksJshorYen,jdbcType=NUMERIC},
      </if>
      <if test="ksJnbkazYen != null">
        #{ksJnbkazYen,jdbcType=NUMERIC},
      </if>
      <if test="ksJnbkasYen != null">
        #{ksJnbkasYen,jdbcType=NUMERIC},
      </if>
      <if test="ksJnbkakYen != null">
        #{ksJnbkakYen,jdbcType=NUMERIC},
      </if>
      <if test="ksJtkshzYen != null">
        #{ksJtkshzYen,jdbcType=NUMERIC},
      </if>
      <if test="ksJtkshsYen != null">
        #{ksJtkshsYen,jdbcType=NUMERIC},
      </if>
      <if test="ksJendzYen != null">
        #{ksJendzYen,jdbcType=NUMERIC},
      </if>
      <if test="ksJendsYen != null">
        #{ksJendsYen,jdbcType=NUMERIC},
      </if>
      <if test="ksJstbkzYen != null">
        #{ksJstbkzYen,jdbcType=NUMERIC},
      </if>
      <if test="ksJstbksYen != null">
        #{ksJstbksYen,jdbcType=NUMERIC},
      </if>
      <if test="ksJtk1Yen != null">
        #{ksJtk1Yen,jdbcType=NUMERIC},
      </if>
      <if test="ksJtk2Yen != null">
        #{ksJtk2Yen,jdbcType=NUMERIC},
      </if>
      <if test="ksJtk3Yen != null">
        #{ksJtk3Yen,jdbcType=NUMERIC},
      </if>
      <if test="ksJtk4Yen != null">
        #{ksJtk4Yen,jdbcType=NUMERIC},
      </if>
      <if test="ksJtk1sYen != null">
        #{ksJtk1sYen,jdbcType=NUMERIC},
      </if>
      <if test="ksJtk2sYen != null">
        #{ksJtk2sYen,jdbcType=NUMERIC},
      </if>
      <if test="ksJtk3sYen != null">
        #{ksJtk3sYen,jdbcType=NUMERIC},
      </if>
      <if test="ksJtk4sYen != null">
        #{ksJtk4sYen,jdbcType=NUMERIC},
      </if>
      <if test="ksJtkr1Yen != null">
        #{ksJtkr1Yen,jdbcType=NUMERIC},
      </if>
      <if test="ksJtkr2Yen != null">
        #{ksJtkr2Yen,jdbcType=NUMERIC},
      </if>
      <if test="ksJtkr3Yen != null">
        #{ksJtkr3Yen,jdbcType=NUMERIC},
      </if>
      <if test="ksJtkr4Yen != null">
        #{ksJtkr4Yen,jdbcType=NUMERIC},
      </if>
      <if test="ksJtkr1sYen != null">
        #{ksJtkr1sYen,jdbcType=NUMERIC},
      </if>
      <if test="ksJtkr2sYen != null">
        #{ksJtkr2sYen,jdbcType=NUMERIC},
      </if>
      <if test="ksJtkr3sYen != null">
        #{ksJtkr3sYen,jdbcType=NUMERIC},
      </if>
      <if test="ksJtkr4sYen != null">
        #{ksJtkr4sYen,jdbcType=NUMERIC},
      </if>
      <if test="ksJsncsiYen != null">
        #{ksJsncsiYen,jdbcType=NUMERIC},
      </if>
      <if test="ksJsnstkYen != null">
        #{ksJsnstkYen,jdbcType=NUMERIC},
      </if>
      <if test="ksJyfbkaYen != null">
        #{ksJyfbkaYen,jdbcType=NUMERIC},
      </if>
      <if test="ksJyfhykYen != null">
        #{ksJyfhykYen,jdbcType=NUMERIC},
      </if>
      <if test="ksJybbkaYen != null">
        #{ksJybbkaYen,jdbcType=NUMERIC},
      </if>
      <if test="ksJybhykYen != null">
        #{ksJybhykYen,jdbcType=NUMERIC},
      </if>
      <if test="ksZkagk1Yen != null">
        #{ksZkagk1Yen,jdbcType=NUMERIC},
      </if>
      <if test="ksZkagk2Yen != null">
        #{ksZkagk2Yen,jdbcType=NUMERIC},
      </if>
      <if test="ksZkagk3Yen != null">
        #{ksZkagk3Yen,jdbcType=NUMERIC},
      </if>
      <if test="ksZgtkgkYen != null">
        #{ksZgtkgkYen,jdbcType=NUMERIC},
      </if>
      <if test="ksZgtgnsYen != null">
        #{ksZgtgnsYen,jdbcType=NUMERIC},
      </if>
      <if test="ksZgendzYen != null">
        #{ksZgendzYen,jdbcType=NUMERIC},
      </if>
      <if test="ksZgendsYen != null">
        #{ksZgendsYen,jdbcType=NUMERIC},
      </if>
      <if test="ksZzanzYen != null">
        #{ksZzanzYen,jdbcType=NUMERIC},
      </if>
      <if test="ksZzansYen != null">
        #{ksZzansYen,jdbcType=NUMERIC},
      </if>
      <if test="ksZmbkazYen != null">
        #{ksZmbkazYen,jdbcType=NUMERIC},
      </if>
      <if test="ksZmbkasYen != null">
        #{ksZmbkasYen,jdbcType=NUMERIC},
      </if>
      <if test="ksZmbkakYen != null">
        #{ksZmbkakYen,jdbcType=NUMERIC},
      </if>
      <if test="ksZgnrzYen != null">
        #{ksZgnrzYen,jdbcType=NUMERIC},
      </if>
      <if test="ksZgnrsYen != null">
        #{ksZgnrsYen,jdbcType=NUMERIC},
      </if>
      <if test="ksZshorYen != null">
        #{ksZshorYen,jdbcType=NUMERIC},
      </if>
      <if test="ksZnbkazYen != null">
        #{ksZnbkazYen,jdbcType=NUMERIC},
      </if>
      <if test="ksZnbkasYen != null">
        #{ksZnbkasYen,jdbcType=NUMERIC},
      </if>
      <if test="ksZnbkakYen != null">
        #{ksZnbkakYen,jdbcType=NUMERIC},
      </if>
      <if test="ksZtkshzYen != null">
        #{ksZtkshzYen,jdbcType=NUMERIC},
      </if>
      <if test="ksZtkshsYen != null">
        #{ksZtkshsYen,jdbcType=NUMERIC},
      </if>
      <if test="ksZendzYen != null">
        #{ksZendzYen,jdbcType=NUMERIC},
      </if>
      <if test="ksZendsYen != null">
        #{ksZendsYen,jdbcType=NUMERIC},
      </if>
      <if test="ksZstbkzYen != null">
        #{ksZstbkzYen,jdbcType=NUMERIC},
      </if>
      <if test="ksZstbksYen != null">
        #{ksZstbksYen,jdbcType=NUMERIC},
      </if>
      <if test="ksZtk1Yen != null">
        #{ksZtk1Yen,jdbcType=NUMERIC},
      </if>
      <if test="ksZtk2Yen != null">
        #{ksZtk2Yen,jdbcType=NUMERIC},
      </if>
      <if test="ksZtk3Yen != null">
        #{ksZtk3Yen,jdbcType=NUMERIC},
      </if>
      <if test="ksZtk4Yen != null">
        #{ksZtk4Yen,jdbcType=NUMERIC},
      </if>
      <if test="ksZtk1sYen != null">
        #{ksZtk1sYen,jdbcType=NUMERIC},
      </if>
      <if test="ksZtk2sYen != null">
        #{ksZtk2sYen,jdbcType=NUMERIC},
      </if>
      <if test="ksZtk3sYen != null">
        #{ksZtk3sYen,jdbcType=NUMERIC},
      </if>
      <if test="ksZtk4sYen != null">
        #{ksZtk4sYen,jdbcType=NUMERIC},
      </if>
      <if test="ksZtkr1Yen != null">
        #{ksZtkr1Yen,jdbcType=NUMERIC},
      </if>
      <if test="ksZtkr2Yen != null">
        #{ksZtkr2Yen,jdbcType=NUMERIC},
      </if>
      <if test="ksZtkr3Yen != null">
        #{ksZtkr3Yen,jdbcType=NUMERIC},
      </if>
      <if test="ksZtkr4Yen != null">
        #{ksZtkr4Yen,jdbcType=NUMERIC},
      </if>
      <if test="ksZtkr1sYen != null">
        #{ksZtkr1sYen,jdbcType=NUMERIC},
      </if>
      <if test="ksZtkr2sYen != null">
        #{ksZtkr2sYen,jdbcType=NUMERIC},
      </if>
      <if test="ksZtkr3sYen != null">
        #{ksZtkr3sYen,jdbcType=NUMERIC},
      </if>
      <if test="ksZtkr4sYen != null">
        #{ksZtkr4sYen,jdbcType=NUMERIC},
      </if>
      <if test="ksZsncsiYen != null">
        #{ksZsncsiYen,jdbcType=NUMERIC},
      </if>
      <if test="ksZsnstkYen != null">
        #{ksZsnstkYen,jdbcType=NUMERIC},
      </if>
      <if test="ksZyfbkaYen != null">
        #{ksZyfbkaYen,jdbcType=NUMERIC},
      </if>
      <if test="ksZyfhykYen != null">
        #{ksZyfhykYen,jdbcType=NUMERIC},
      </if>
      <if test="ksZybbkaYen != null">
        #{ksZybbkaYen,jdbcType=NUMERIC},
      </if>
      <if test="ksZybhykYen != null">
        #{ksZybhykYen,jdbcType=NUMERIC},
      </if>
      <if test="ksMeiCod != null">
        #{ksMeiCod,jdbcType=CHAR},
      </if>
      <if test="ksMeicoCod != null">
        #{ksMeicoCod,jdbcType=CHAR},
      </if>
      <if test="ksMeirrkCod != null">
        #{ksMeirrkCod,jdbcType=CHAR},
      </if>
      <if test="ksJkgensonYen != null">
        #{ksJkgensonYen,jdbcType=NUMERIC},
      </if>
      <if test="ksJksonruiYen != null">
        #{ksJksonruiYen,jdbcType=NUMERIC},
      </if>
      <if test="ksJgensonYen != null">
        #{ksJgensonYen,jdbcType=NUMERIC},
      </if>
      <if test="ksJsonruiYen != null">
        #{ksJsonruiYen,jdbcType=NUMERIC},
      </if>
      <if test="ksJsonstaYen != null">
        #{ksJsonstaYen,jdbcType=NUMERIC},
      </if>
      <if test="ksZgensonYen != null">
        #{ksZgensonYen,jdbcType=NUMERIC},
      </if>
      <if test="ksZsonruiYen != null">
        #{ksZsonruiYen,jdbcType=NUMERIC},
      </if>
      <if test="ksZsonstaYen != null">
        #{ksZsonstaYen,jdbcType=NUMERIC},
      </if>
      <if test="entryDate != null">
        #{entryDate,jdbcType=TIMESTAMP},
      </if>
      <if test="entryUserId != null">
        #{entryUserId,jdbcType=CHAR},
      </if>
      <if test="updateDate != null">
        #{updateDate,jdbcType=TIMESTAMP},
      </if>
      <if test="updateUserId != null">
        #{updateUserId,jdbcType=CHAR},
      </if>
    </trim>
  </insert>
  <update id="updateByPrimaryKeySelective" parameterType="jp.co.nsd.nkssweb.dao.Kss007">
    update kss007
    <set>
      <if test="motoKoteiShisanId != null">
        moto_kotei_shisan_id = #{motoKoteiShisanId,jdbcType=CHAR},
      </if>
      <if test="rirekiNo != null">
        rireki_no = #{rirekiNo,jdbcType=CHAR},
      </if>
      <if test="jokyakuKbn != null">
        jokyaku_kbn = #{jokyakuKbn,jdbcType=CHAR},
      </if>
      <if test="shuruiCd != null">
        shurui_cd = #{shuruiCd,jdbcType=CHAR},
      </if>
      <if test="kouzouCd != null">
        kouzou_cd = #{kouzouCd,jdbcType=CHAR},
      </if>
      <if test="shisanTaniCd != null">
        shisan_tani_cd = #{shisanTaniCd,jdbcType=CHAR},
      </if>
      <if test="kamokuCd1 != null">
        kamoku_cd_1 = #{kamokuCd1,jdbcType=CHAR},
      </if>
      <if test="kamokuCd2 != null">
        kamoku_cd_2 = #{kamokuCd2,jdbcType=CHAR},
      </if>
      <if test="kamokuCd3 != null">
        kamoku_cd_3 = #{kamokuCd3,jdbcType=CHAR},
      </if>
      <if test="jokyakuShubetsuCd != null">
        jokyaku_shubetsu_cd = #{jokyakuShubetsuCd,jdbcType=CHAR},
      </if>
      <if test="jokyakuSuryo != null">
        jokyaku_suryo = #{jokyakuSuryo,jdbcType=NUMERIC},
      </if>
      <if test="zanSuryo != null">
        zan_suryo = #{zanSuryo,jdbcType=NUMERIC},
      </if>
      <if test="jokyakuGaku != null">
        jokyaku_gaku = #{jokyakuGaku,jdbcType=NUMERIC},
      </if>
      <if test="chozoBunruiCd != null">
        chozo_bunrui_cd = #{chozoBunruiCd,jdbcType=CHAR},
      </if>
      <if test="ksSelYen != null">
        ks_sel_yen = #{ksSelYen,jdbcType=NUMERIC},
      </if>
      <if test="ksJkgenzYen != null">
        ks_jkgenz_yen = #{ksJkgenzYen,jdbcType=NUMERIC},
      </if>
      <if test="ksJkgensYen != null">
        ks_jkgens_yen = #{ksJkgensYen,jdbcType=NUMERIC},
      </if>
      <if test="ksJktk1Yen != null">
        ks_jktk1_yen = #{ksJktk1Yen,jdbcType=NUMERIC},
      </if>
      <if test="ksJktk1sYen != null">
        ks_jktk1s_yen = #{ksJktk1sYen,jdbcType=NUMERIC},
      </if>
      <if test="ksJktk2Yen != null">
        ks_jktk2_yen = #{ksJktk2Yen,jdbcType=NUMERIC},
      </if>
      <if test="ksJktk2sYen != null">
        ks_jktk2s_yen = #{ksJktk2sYen,jdbcType=NUMERIC},
      </if>
      <if test="ksJktk3Yen != null">
        ks_jktk3_yen = #{ksJktk3Yen,jdbcType=NUMERIC},
      </if>
      <if test="ksJktk3sYen != null">
        ks_jktk3s_yen = #{ksJktk3sYen,jdbcType=NUMERIC},
      </if>
      <if test="ksJktk4Yen != null">
        ks_jktk4_yen = #{ksJktk4Yen,jdbcType=NUMERIC},
      </if>
      <if test="ksJktk4sYen != null">
        ks_jktk4s_yen = #{ksJktk4sYen,jdbcType=NUMERIC},
      </if>
      <if test="ksJkgnrzYen != null">
        ks_jkgnrz_yen = #{ksJkgnrzYen,jdbcType=NUMERIC},
      </if>
      <if test="ksJkgnrsYen != null">
        ks_jkgnrs_yen = #{ksJkgnrsYen,jdbcType=NUMERIC},
      </if>
      <if test="ksJkbkazYen != null">
        ks_jkbkaz_yen = #{ksJkbkazYen,jdbcType=NUMERIC},
      </if>
      <if test="ksJkbkasYen != null">
        ks_jkbkas_yen = #{ksJkbkasYen,jdbcType=NUMERIC},
      </if>
      <if test="ksJksonzYen != null">
        ks_jksonz_yen = #{ksJksonzYen,jdbcType=NUMERIC},
      </if>
      <if test="ksJksonsYen != null">
        ks_jksons_yen = #{ksJksonsYen,jdbcType=NUMERIC},
      </if>
      <if test="biboKagakuZei != null">
        bibo_kagaku_zei = #{biboKagakuZei,jdbcType=NUMERIC},
      </if>
      <if test="biboKagakuSho != null">
        bibo_kagaku_sho = #{biboKagakuSho,jdbcType=NUMERIC},
      </if>
      <if test="ksJkagk1Yen != null">
        ks_jkagk1_yen = #{ksJkagk1Yen,jdbcType=NUMERIC},
      </if>
      <if test="ksJkagk2Yen != null">
        ks_jkagk2_yen = #{ksJkagk2Yen,jdbcType=NUMERIC},
      </if>
      <if test="ksJkagk3Yen != null">
        ks_jkagk3_yen = #{ksJkagk3Yen,jdbcType=NUMERIC},
      </if>
      <if test="ksJgtgnsYen != null">
        ks_jgtgns_yen = #{ksJgtgnsYen,jdbcType=NUMERIC},
      </if>
      <if test="ksJgendzYen != null">
        ks_jgendz_yen = #{ksJgendzYen,jdbcType=NUMERIC},
      </if>
      <if test="ksJgendsYen != null">
        ks_jgends_yen = #{ksJgendsYen,jdbcType=NUMERIC},
      </if>
      <if test="ksJzanzYen != null">
        ks_jzanz_yen = #{ksJzanzYen,jdbcType=NUMERIC},
      </if>
      <if test="ksJzansYen != null">
        ks_jzans_yen = #{ksJzansYen,jdbcType=NUMERIC},
      </if>
      <if test="ksJmbkazYen != null">
        ks_jmbkaz_yen = #{ksJmbkazYen,jdbcType=NUMERIC},
      </if>
      <if test="ksJmbkasYen != null">
        ks_jmbkas_yen = #{ksJmbkasYen,jdbcType=NUMERIC},
      </if>
      <if test="ksJmbkakYen != null">
        ks_jmbkak_yen = #{ksJmbkakYen,jdbcType=NUMERIC},
      </if>
      <if test="ksJgnrzYen != null">
        ks_jgnrz_yen = #{ksJgnrzYen,jdbcType=NUMERIC},
      </if>
      <if test="ksJgnrsYen != null">
        ks_jgnrs_yen = #{ksJgnrsYen,jdbcType=NUMERIC},
      </if>
      <if test="ksJshorYen != null">
        ks_jshor_yen = #{ksJshorYen,jdbcType=NUMERIC},
      </if>
      <if test="ksJnbkazYen != null">
        ks_jnbkaz_yen = #{ksJnbkazYen,jdbcType=NUMERIC},
      </if>
      <if test="ksJnbkasYen != null">
        ks_jnbkas_yen = #{ksJnbkasYen,jdbcType=NUMERIC},
      </if>
      <if test="ksJnbkakYen != null">
        ks_jnbkak_yen = #{ksJnbkakYen,jdbcType=NUMERIC},
      </if>
      <if test="ksJtkshzYen != null">
        ks_jtkshz_yen = #{ksJtkshzYen,jdbcType=NUMERIC},
      </if>
      <if test="ksJtkshsYen != null">
        ks_jtkshs_yen = #{ksJtkshsYen,jdbcType=NUMERIC},
      </if>
      <if test="ksJendzYen != null">
        ks_jendz_yen = #{ksJendzYen,jdbcType=NUMERIC},
      </if>
      <if test="ksJendsYen != null">
        ks_jends_yen = #{ksJendsYen,jdbcType=NUMERIC},
      </if>
      <if test="ksJstbkzYen != null">
        ks_jstbkz_yen = #{ksJstbkzYen,jdbcType=NUMERIC},
      </if>
      <if test="ksJstbksYen != null">
        ks_jstbks_yen = #{ksJstbksYen,jdbcType=NUMERIC},
      </if>
      <if test="ksJtk1Yen != null">
        ks_jtk1_yen = #{ksJtk1Yen,jdbcType=NUMERIC},
      </if>
      <if test="ksJtk2Yen != null">
        ks_jtk2_yen = #{ksJtk2Yen,jdbcType=NUMERIC},
      </if>
      <if test="ksJtk3Yen != null">
        ks_jtk3_yen = #{ksJtk3Yen,jdbcType=NUMERIC},
      </if>
      <if test="ksJtk4Yen != null">
        ks_jtk4_yen = #{ksJtk4Yen,jdbcType=NUMERIC},
      </if>
      <if test="ksJtk1sYen != null">
        ks_jtk1s_yen = #{ksJtk1sYen,jdbcType=NUMERIC},
      </if>
      <if test="ksJtk2sYen != null">
        ks_jtk2s_yen = #{ksJtk2sYen,jdbcType=NUMERIC},
      </if>
      <if test="ksJtk3sYen != null">
        ks_jtk3s_yen = #{ksJtk3sYen,jdbcType=NUMERIC},
      </if>
      <if test="ksJtk4sYen != null">
        ks_jtk4s_yen = #{ksJtk4sYen,jdbcType=NUMERIC},
      </if>
      <if test="ksJtkr1Yen != null">
        ks_jtkr1_yen = #{ksJtkr1Yen,jdbcType=NUMERIC},
      </if>
      <if test="ksJtkr2Yen != null">
        ks_jtkr2_yen = #{ksJtkr2Yen,jdbcType=NUMERIC},
      </if>
      <if test="ksJtkr3Yen != null">
        ks_jtkr3_yen = #{ksJtkr3Yen,jdbcType=NUMERIC},
      </if>
      <if test="ksJtkr4Yen != null">
        ks_jtkr4_yen = #{ksJtkr4Yen,jdbcType=NUMERIC},
      </if>
      <if test="ksJtkr1sYen != null">
        ks_jtkr1s_yen = #{ksJtkr1sYen,jdbcType=NUMERIC},
      </if>
      <if test="ksJtkr2sYen != null">
        ks_jtkr2s_yen = #{ksJtkr2sYen,jdbcType=NUMERIC},
      </if>
      <if test="ksJtkr3sYen != null">
        ks_jtkr3s_yen = #{ksJtkr3sYen,jdbcType=NUMERIC},
      </if>
      <if test="ksJtkr4sYen != null">
        ks_jtkr4s_yen = #{ksJtkr4sYen,jdbcType=NUMERIC},
      </if>
      <if test="ksJsncsiYen != null">
        ks_jsncsi_yen = #{ksJsncsiYen,jdbcType=NUMERIC},
      </if>
      <if test="ksJsnstkYen != null">
        ks_jsnstk_yen = #{ksJsnstkYen,jdbcType=NUMERIC},
      </if>
      <if test="ksJyfbkaYen != null">
        ks_jyfbka_yen = #{ksJyfbkaYen,jdbcType=NUMERIC},
      </if>
      <if test="ksJyfhykYen != null">
        ks_jyfhyk_yen = #{ksJyfhykYen,jdbcType=NUMERIC},
      </if>
      <if test="ksJybbkaYen != null">
        ks_jybbka_yen = #{ksJybbkaYen,jdbcType=NUMERIC},
      </if>
      <if test="ksJybhykYen != null">
        ks_jybhyk_yen = #{ksJybhykYen,jdbcType=NUMERIC},
      </if>
      <if test="ksZkagk1Yen != null">
        ks_zkagk1_yen = #{ksZkagk1Yen,jdbcType=NUMERIC},
      </if>
      <if test="ksZkagk2Yen != null">
        ks_zkagk2_yen = #{ksZkagk2Yen,jdbcType=NUMERIC},
      </if>
      <if test="ksZkagk3Yen != null">
        ks_zkagk3_yen = #{ksZkagk3Yen,jdbcType=NUMERIC},
      </if>
      <if test="ksZgtkgkYen != null">
        ks_zgtkgk_yen = #{ksZgtkgkYen,jdbcType=NUMERIC},
      </if>
      <if test="ksZgtgnsYen != null">
        ks_zgtgns_yen = #{ksZgtgnsYen,jdbcType=NUMERIC},
      </if>
      <if test="ksZgendzYen != null">
        ks_zgendz_yen = #{ksZgendzYen,jdbcType=NUMERIC},
      </if>
      <if test="ksZgendsYen != null">
        ks_zgends_yen = #{ksZgendsYen,jdbcType=NUMERIC},
      </if>
      <if test="ksZzanzYen != null">
        ks_zzanz_yen = #{ksZzanzYen,jdbcType=NUMERIC},
      </if>
      <if test="ksZzansYen != null">
        ks_zzans_yen = #{ksZzansYen,jdbcType=NUMERIC},
      </if>
      <if test="ksZmbkazYen != null">
        ks_zmbkaz_yen = #{ksZmbkazYen,jdbcType=NUMERIC},
      </if>
      <if test="ksZmbkasYen != null">
        ks_zmbkas_yen = #{ksZmbkasYen,jdbcType=NUMERIC},
      </if>
      <if test="ksZmbkakYen != null">
        ks_zmbkak_yen = #{ksZmbkakYen,jdbcType=NUMERIC},
      </if>
      <if test="ksZgnrzYen != null">
        ks_zgnrz_yen = #{ksZgnrzYen,jdbcType=NUMERIC},
      </if>
      <if test="ksZgnrsYen != null">
        ks_zgnrs_yen = #{ksZgnrsYen,jdbcType=NUMERIC},
      </if>
      <if test="ksZshorYen != null">
        ks_zshor_yen = #{ksZshorYen,jdbcType=NUMERIC},
      </if>
      <if test="ksZnbkazYen != null">
        ks_znbkaz_yen = #{ksZnbkazYen,jdbcType=NUMERIC},
      </if>
      <if test="ksZnbkasYen != null">
        ks_znbkas_yen = #{ksZnbkasYen,jdbcType=NUMERIC},
      </if>
      <if test="ksZnbkakYen != null">
        ks_znbkak_yen = #{ksZnbkakYen,jdbcType=NUMERIC},
      </if>
      <if test="ksZtkshzYen != null">
        ks_ztkshz_yen = #{ksZtkshzYen,jdbcType=NUMERIC},
      </if>
      <if test="ksZtkshsYen != null">
        ks_ztkshs_yen = #{ksZtkshsYen,jdbcType=NUMERIC},
      </if>
      <if test="ksZendzYen != null">
        ks_zendz_yen = #{ksZendzYen,jdbcType=NUMERIC},
      </if>
      <if test="ksZendsYen != null">
        ks_zends_yen = #{ksZendsYen,jdbcType=NUMERIC},
      </if>
      <if test="ksZstbkzYen != null">
        ks_zstbkz_yen = #{ksZstbkzYen,jdbcType=NUMERIC},
      </if>
      <if test="ksZstbksYen != null">
        ks_zstbks_yen = #{ksZstbksYen,jdbcType=NUMERIC},
      </if>
      <if test="ksZtk1Yen != null">
        ks_ztk1_yen = #{ksZtk1Yen,jdbcType=NUMERIC},
      </if>
      <if test="ksZtk2Yen != null">
        ks_ztk2_yen = #{ksZtk2Yen,jdbcType=NUMERIC},
      </if>
      <if test="ksZtk3Yen != null">
        ks_ztk3_yen = #{ksZtk3Yen,jdbcType=NUMERIC},
      </if>
      <if test="ksZtk4Yen != null">
        ks_ztk4_yen = #{ksZtk4Yen,jdbcType=NUMERIC},
      </if>
      <if test="ksZtk1sYen != null">
        ks_ztk1s_yen = #{ksZtk1sYen,jdbcType=NUMERIC},
      </if>
      <if test="ksZtk2sYen != null">
        ks_ztk2s_yen = #{ksZtk2sYen,jdbcType=NUMERIC},
      </if>
      <if test="ksZtk3sYen != null">
        ks_ztk3s_yen = #{ksZtk3sYen,jdbcType=NUMERIC},
      </if>
      <if test="ksZtk4sYen != null">
        ks_ztk4s_yen = #{ksZtk4sYen,jdbcType=NUMERIC},
      </if>
      <if test="ksZtkr1Yen != null">
        ks_ztkr1_yen = #{ksZtkr1Yen,jdbcType=NUMERIC},
      </if>
      <if test="ksZtkr2Yen != null">
        ks_ztkr2_yen = #{ksZtkr2Yen,jdbcType=NUMERIC},
      </if>
      <if test="ksZtkr3Yen != null">
        ks_ztkr3_yen = #{ksZtkr3Yen,jdbcType=NUMERIC},
      </if>
      <if test="ksZtkr4Yen != null">
        ks_ztkr4_yen = #{ksZtkr4Yen,jdbcType=NUMERIC},
      </if>
      <if test="ksZtkr1sYen != null">
        ks_ztkr1s_yen = #{ksZtkr1sYen,jdbcType=NUMERIC},
      </if>
      <if test="ksZtkr2sYen != null">
        ks_ztkr2s_yen = #{ksZtkr2sYen,jdbcType=NUMERIC},
      </if>
      <if test="ksZtkr3sYen != null">
        ks_ztkr3s_yen = #{ksZtkr3sYen,jdbcType=NUMERIC},
      </if>
      <if test="ksZtkr4sYen != null">
        ks_ztkr4s_yen = #{ksZtkr4sYen,jdbcType=NUMERIC},
      </if>
      <if test="ksZsncsiYen != null">
        ks_zsncsi_yen = #{ksZsncsiYen,jdbcType=NUMERIC},
      </if>
      <if test="ksZsnstkYen != null">
        ks_zsnstk_yen = #{ksZsnstkYen,jdbcType=NUMERIC},
      </if>
      <if test="ksZyfbkaYen != null">
        ks_zyfbka_yen = #{ksZyfbkaYen,jdbcType=NUMERIC},
      </if>
      <if test="ksZyfhykYen != null">
        ks_zyfhyk_yen = #{ksZyfhykYen,jdbcType=NUMERIC},
      </if>
      <if test="ksZybbkaYen != null">
        ks_zybbka_yen = #{ksZybbkaYen,jdbcType=NUMERIC},
      </if>
      <if test="ksZybhykYen != null">
        ks_zybhyk_yen = #{ksZybhykYen,jdbcType=NUMERIC},
      </if>
      <if test="ksMeiCod != null">
        ks_mei_cod = #{ksMeiCod,jdbcType=CHAR},
      </if>
      <if test="ksMeicoCod != null">
        ks_meico_cod = #{ksMeicoCod,jdbcType=CHAR},
      </if>
      <if test="ksMeirrkCod != null">
        ks_meirrk_cod = #{ksMeirrkCod,jdbcType=CHAR},
      </if>
      <if test="ksJkgensonYen != null">
        ks_jkgenson_yen = #{ksJkgensonYen,jdbcType=NUMERIC},
      </if>
      <if test="ksJksonruiYen != null">
        ks_jksonrui_yen = #{ksJksonruiYen,jdbcType=NUMERIC},
      </if>
      <if test="ksJgensonYen != null">
        ks_jgenson_yen = #{ksJgensonYen,jdbcType=NUMERIC},
      </if>
      <if test="ksJsonruiYen != null">
        ks_jsonrui_yen = #{ksJsonruiYen,jdbcType=NUMERIC},
      </if>
      <if test="ksJsonstaYen != null">
        ks_jsonsta_yen = #{ksJsonstaYen,jdbcType=NUMERIC},
      </if>
      <if test="ksZgensonYen != null">
        ks_zgenson_yen = #{ksZgensonYen,jdbcType=NUMERIC},
      </if>
      <if test="ksZsonruiYen != null">
        ks_zsonrui_yen = #{ksZsonruiYen,jdbcType=NUMERIC},
      </if>
      <if test="ksZsonstaYen != null">
        ks_zsonsta_yen = #{ksZsonstaYen,jdbcType=NUMERIC},
      </if>
      <if test="entryDate != null">
        entry_date = #{entryDate,jdbcType=TIMESTAMP},
      </if>
      <if test="entryUserId != null">
        entry_user_id = #{entryUserId,jdbcType=CHAR},
      </if>
      <if test="updateDate != null">
        update_date = #{updateDate,jdbcType=TIMESTAMP},
      </if>
      <if test="updateUserId != null">
        update_user_id = #{updateUserId,jdbcType=CHAR},
      </if>
    </set>
    where jokyaku_seisan_sho_id = #{jokyakuSeisanShoId,jdbcType=CHAR}
      and jokyaku_shisan_id = #{jokyakuShisanId,jdbcType=CHAR}
  </update>
  <update id="updateByPrimaryKey" parameterType="jp.co.nsd.nkssweb.dao.Kss007">
    update kss007
    set moto_kotei_shisan_id = #{motoKoteiShisanId,jdbcType=CHAR},
      rireki_no = #{rirekiNo,jdbcType=CHAR},
      jokyaku_kbn = #{jokyakuKbn,jdbcType=CHAR},
      shurui_cd = #{shuruiCd,jdbcType=CHAR},
      kouzou_cd = #{kouzouCd,jdbcType=CHAR},
      shisan_tani_cd = #{shisanTaniCd,jdbcType=CHAR},
      kamoku_cd_1 = #{kamokuCd1,jdbcType=CHAR},
      kamoku_cd_2 = #{kamokuCd2,jdbcType=CHAR},
      kamoku_cd_3 = #{kamokuCd3,jdbcType=CHAR},
      jokyaku_shubetsu_cd = #{jokyakuShubetsuCd,jdbcType=CHAR},
      jokyaku_suryo = #{jokyakuSuryo,jdbcType=NUMERIC},
      zan_suryo = #{zanSuryo,jdbcType=NUMERIC},
      jokyaku_gaku = #{jokyakuGaku,jdbcType=NUMERIC},
      chozo_bunrui_cd = #{chozoBunruiCd,jdbcType=CHAR},
      ks_sel_yen = #{ksSelYen,jdbcType=NUMERIC},
      ks_jkgenz_yen = #{ksJkgenzYen,jdbcType=NUMERIC},
      ks_jkgens_yen = #{ksJkgensYen,jdbcType=NUMERIC},
      ks_jktk1_yen = #{ksJktk1Yen,jdbcType=NUMERIC},
      ks_jktk1s_yen = #{ksJktk1sYen,jdbcType=NUMERIC},
      ks_jktk2_yen = #{ksJktk2Yen,jdbcType=NUMERIC},
      ks_jktk2s_yen = #{ksJktk2sYen,jdbcType=NUMERIC},
      ks_jktk3_yen = #{ksJktk3Yen,jdbcType=NUMERIC},
      ks_jktk3s_yen = #{ksJktk3sYen,jdbcType=NUMERIC},
      ks_jktk4_yen = #{ksJktk4Yen,jdbcType=NUMERIC},
      ks_jktk4s_yen = #{ksJktk4sYen,jdbcType=NUMERIC},
      ks_jkgnrz_yen = #{ksJkgnrzYen,jdbcType=NUMERIC},
      ks_jkgnrs_yen = #{ksJkgnrsYen,jdbcType=NUMERIC},
      ks_jkbkaz_yen = #{ksJkbkazYen,jdbcType=NUMERIC},
      ks_jkbkas_yen = #{ksJkbkasYen,jdbcType=NUMERIC},
      ks_jksonz_yen = #{ksJksonzYen,jdbcType=NUMERIC},
      ks_jksons_yen = #{ksJksonsYen,jdbcType=NUMERIC},
      bibo_kagaku_zei = #{biboKagakuZei,jdbcType=NUMERIC},
      bibo_kagaku_sho = #{biboKagakuSho,jdbcType=NUMERIC},
      ks_jkagk1_yen = #{ksJkagk1Yen,jdbcType=NUMERIC},
      ks_jkagk2_yen = #{ksJkagk2Yen,jdbcType=NUMERIC},
      ks_jkagk3_yen = #{ksJkagk3Yen,jdbcType=NUMERIC},
      ks_jgtgns_yen = #{ksJgtgnsYen,jdbcType=NUMERIC},
      ks_jgendz_yen = #{ksJgendzYen,jdbcType=NUMERIC},
      ks_jgends_yen = #{ksJgendsYen,jdbcType=NUMERIC},
      ks_jzanz_yen = #{ksJzanzYen,jdbcType=NUMERIC},
      ks_jzans_yen = #{ksJzansYen,jdbcType=NUMERIC},
      ks_jmbkaz_yen = #{ksJmbkazYen,jdbcType=NUMERIC},
      ks_jmbkas_yen = #{ksJmbkasYen,jdbcType=NUMERIC},
      ks_jmbkak_yen = #{ksJmbkakYen,jdbcType=NUMERIC},
      ks_jgnrz_yen = #{ksJgnrzYen,jdbcType=NUMERIC},
      ks_jgnrs_yen = #{ksJgnrsYen,jdbcType=NUMERIC},
      ks_jshor_yen = #{ksJshorYen,jdbcType=NUMERIC},
      ks_jnbkaz_yen = #{ksJnbkazYen,jdbcType=NUMERIC},
      ks_jnbkas_yen = #{ksJnbkasYen,jdbcType=NUMERIC},
      ks_jnbkak_yen = #{ksJnbkakYen,jdbcType=NUMERIC},
      ks_jtkshz_yen = #{ksJtkshzYen,jdbcType=NUMERIC},
      ks_jtkshs_yen = #{ksJtkshsYen,jdbcType=NUMERIC},
      ks_jendz_yen = #{ksJendzYen,jdbcType=NUMERIC},
      ks_jends_yen = #{ksJendsYen,jdbcType=NUMERIC},
      ks_jstbkz_yen = #{ksJstbkzYen,jdbcType=NUMERIC},
      ks_jstbks_yen = #{ksJstbksYen,jdbcType=NUMERIC},
      ks_jtk1_yen = #{ksJtk1Yen,jdbcType=NUMERIC},
      ks_jtk2_yen = #{ksJtk2Yen,jdbcType=NUMERIC},
      ks_jtk3_yen = #{ksJtk3Yen,jdbcType=NUMERIC},
      ks_jtk4_yen = #{ksJtk4Yen,jdbcType=NUMERIC},
      ks_jtk1s_yen = #{ksJtk1sYen,jdbcType=NUMERIC},
      ks_jtk2s_yen = #{ksJtk2sYen,jdbcType=NUMERIC},
      ks_jtk3s_yen = #{ksJtk3sYen,jdbcType=NUMERIC},
      ks_jtk4s_yen = #{ksJtk4sYen,jdbcType=NUMERIC},
      ks_jtkr1_yen = #{ksJtkr1Yen,jdbcType=NUMERIC},
      ks_jtkr2_yen = #{ksJtkr2Yen,jdbcType=NUMERIC},
      ks_jtkr3_yen = #{ksJtkr3Yen,jdbcType=NUMERIC},
      ks_jtkr4_yen = #{ksJtkr4Yen,jdbcType=NUMERIC},
      ks_jtkr1s_yen = #{ksJtkr1sYen,jdbcType=NUMERIC},
      ks_jtkr2s_yen = #{ksJtkr2sYen,jdbcType=NUMERIC},
      ks_jtkr3s_yen = #{ksJtkr3sYen,jdbcType=NUMERIC},
      ks_jtkr4s_yen = #{ksJtkr4sYen,jdbcType=NUMERIC},
      ks_jsncsi_yen = #{ksJsncsiYen,jdbcType=NUMERIC},
      ks_jsnstk_yen = #{ksJsnstkYen,jdbcType=NUMERIC},
      ks_jyfbka_yen = #{ksJyfbkaYen,jdbcType=NUMERIC},
      ks_jyfhyk_yen = #{ksJyfhykYen,jdbcType=NUMERIC},
      ks_jybbka_yen = #{ksJybbkaYen,jdbcType=NUMERIC},
      ks_jybhyk_yen = #{ksJybhykYen,jdbcType=NUMERIC},
      ks_zkagk1_yen = #{ksZkagk1Yen,jdbcType=NUMERIC},
      ks_zkagk2_yen = #{ksZkagk2Yen,jdbcType=NUMERIC},
      ks_zkagk3_yen = #{ksZkagk3Yen,jdbcType=NUMERIC},
      ks_zgtkgk_yen = #{ksZgtkgkYen,jdbcType=NUMERIC},
      ks_zgtgns_yen = #{ksZgtgnsYen,jdbcType=NUMERIC},
      ks_zgendz_yen = #{ksZgendzYen,jdbcType=NUMERIC},
      ks_zgends_yen = #{ksZgendsYen,jdbcType=NUMERIC},
      ks_zzanz_yen = #{ksZzanzYen,jdbcType=NUMERIC},
      ks_zzans_yen = #{ksZzansYen,jdbcType=NUMERIC},
      ks_zmbkaz_yen = #{ksZmbkazYen,jdbcType=NUMERIC},
      ks_zmbkas_yen = #{ksZmbkasYen,jdbcType=NUMERIC},
      ks_zmbkak_yen = #{ksZmbkakYen,jdbcType=NUMERIC},
      ks_zgnrz_yen = #{ksZgnrzYen,jdbcType=NUMERIC},
      ks_zgnrs_yen = #{ksZgnrsYen,jdbcType=NUMERIC},
      ks_zshor_yen = #{ksZshorYen,jdbcType=NUMERIC},
      ks_znbkaz_yen = #{ksZnbkazYen,jdbcType=NUMERIC},
      ks_znbkas_yen = #{ksZnbkasYen,jdbcType=NUMERIC},
      ks_znbkak_yen = #{ksZnbkakYen,jdbcType=NUMERIC},
      ks_ztkshz_yen = #{ksZtkshzYen,jdbcType=NUMERIC},
      ks_ztkshs_yen = #{ksZtkshsYen,jdbcType=NUMERIC},
      ks_zendz_yen = #{ksZendzYen,jdbcType=NUMERIC},
      ks_zends_yen = #{ksZendsYen,jdbcType=NUMERIC},
      ks_zstbkz_yen = #{ksZstbkzYen,jdbcType=NUMERIC},
      ks_zstbks_yen = #{ksZstbksYen,jdbcType=NUMERIC},
      ks_ztk1_yen = #{ksZtk1Yen,jdbcType=NUMERIC},
      ks_ztk2_yen = #{ksZtk2Yen,jdbcType=NUMERIC},
      ks_ztk3_yen = #{ksZtk3Yen,jdbcType=NUMERIC},
      ks_ztk4_yen = #{ksZtk4Yen,jdbcType=NUMERIC},
      ks_ztk1s_yen = #{ksZtk1sYen,jdbcType=NUMERIC},
      ks_ztk2s_yen = #{ksZtk2sYen,jdbcType=NUMERIC},
      ks_ztk3s_yen = #{ksZtk3sYen,jdbcType=NUMERIC},
      ks_ztk4s_yen = #{ksZtk4sYen,jdbcType=NUMERIC},
      ks_ztkr1_yen = #{ksZtkr1Yen,jdbcType=NUMERIC},
      ks_ztkr2_yen = #{ksZtkr2Yen,jdbcType=NUMERIC},
      ks_ztkr3_yen = #{ksZtkr3Yen,jdbcType=NUMERIC},
      ks_ztkr4_yen = #{ksZtkr4Yen,jdbcType=NUMERIC},
      ks_ztkr1s_yen = #{ksZtkr1sYen,jdbcType=NUMERIC},
      ks_ztkr2s_yen = #{ksZtkr2sYen,jdbcType=NUMERIC},
      ks_ztkr3s_yen = #{ksZtkr3sYen,jdbcType=NUMERIC},
      ks_ztkr4s_yen = #{ksZtkr4sYen,jdbcType=NUMERIC},
      ks_zsncsi_yen = #{ksZsncsiYen,jdbcType=NUMERIC},
      ks_zsnstk_yen = #{ksZsnstkYen,jdbcType=NUMERIC},
      ks_zyfbka_yen = #{ksZyfbkaYen,jdbcType=NUMERIC},
      ks_zyfhyk_yen = #{ksZyfhykYen,jdbcType=NUMERIC},
      ks_zybbka_yen = #{ksZybbkaYen,jdbcType=NUMERIC},
      ks_zybhyk_yen = #{ksZybhykYen,jdbcType=NUMERIC},
      ks_mei_cod = #{ksMeiCod,jdbcType=CHAR},
      ks_meico_cod = #{ksMeicoCod,jdbcType=CHAR},
      ks_meirrk_cod = #{ksMeirrkCod,jdbcType=CHAR},
      ks_jkgenson_yen = #{ksJkgensonYen,jdbcType=NUMERIC},
      ks_jksonrui_yen = #{ksJksonruiYen,jdbcType=NUMERIC},
      ks_jgenson_yen = #{ksJgensonYen,jdbcType=NUMERIC},
      ks_jsonrui_yen = #{ksJsonruiYen,jdbcType=NUMERIC},
      ks_jsonsta_yen = #{ksJsonstaYen,jdbcType=NUMERIC},
      ks_zgenson_yen = #{ksZgensonYen,jdbcType=NUMERIC},
      ks_zsonrui_yen = #{ksZsonruiYen,jdbcType=NUMERIC},
      ks_zsonsta_yen = #{ksZsonstaYen,jdbcType=NUMERIC},
      entry_date = #{entryDate,jdbcType=TIMESTAMP},
      entry_user_id = #{entryUserId,jdbcType=CHAR},
      update_date = #{updateDate,jdbcType=TIMESTAMP},
      update_user_id = #{updateUserId,jdbcType=CHAR}
    where jokyaku_seisan_sho_id = #{jokyakuSeisanShoId,jdbcType=CHAR}
      and jokyaku_shisan_id = #{jokyakuShisanId,jdbcType=CHAR}
  </update>
</mapper>