<?xml version="1.0" encoding="UTF-8"?>
<!DOCTYPE mapper PUBLIC "-//mybatis.org//DTD Mapper 3.0//EN" "http://mybatis.org/dtd/mybatis-3-mapper.dtd">
<mapper namespace="jp.co.nsd.nkssweb.dao.mapper.Kss011Mapper">
  <resultMap id="BaseResultMap" type="jp.co.nsd.nkssweb.dao.Kss011">
    <id column="soshiki_cd" jdbcType="CHAR" property="soshikiCd" />
    <result column="tekiyo_start_ymd" jdbcType="DATE" property="tekiyoStartYmd" />
    <result column="disabled_flg" jdbcType="CHAR" property="disabledFlg" />
    <result column="soshiki_nm" jdbcType="VARCHAR" property="soshikiNm" />
    <result column="soshiki_ren_nm" jdbcType="VARCHAR" property="soshikiRenNm" />
    <result column="sort_key" jdbcType="NUMERIC" property="sortKey" />
    <result column="soshiki_level" jdbcType="NUMERIC" property="soshikiLevel" />
    <result column="oya_soshiki_cd" jdbcType="CHAR" property="oyaSoshikiCd" />
  </resultMap>
  <sql id="Base_Column_List">
    soshiki_cd, tekiyo_start_ymd, disabled_flg, soshiki_nm, soshiki_ren_nm, sort_key,
    soshiki_level, oya_soshiki_cd
  </sql>
  <select id="selectByPrimaryKey" parameterType="java.lang.String" resultMap="BaseResultMap">
    select
    <include refid="Base_Column_List" />
    from kss011
    where soshiki_cd = #{soshikiCd,jdbcType=CHAR}
  </select>
  <delete id="deleteByPrimaryKey" parameterType="java.lang.String">
    delete from kss011
    where soshiki_cd = #{soshikiCd,jdbcType=CHAR}
  </delete>
  <insert id="insert" parameterType="jp.co.nsd.nkssweb.dao.Kss011">
    insert into kss011 (soshiki_cd, tekiyo_start_ymd, disabled_flg,
      soshiki_nm, soshiki_ren_nm, sort_key,
      soshiki_level, oya_soshiki_cd)
    values (#{soshikiCd,jdbcType=CHAR}, #{tekiyoStartYmd,jdbcType=DATE}, #{disabledFlg,jdbcType=CHAR},
      #{soshikiNm,jdbcType=VARCHAR}, #{soshikiRenNm,jdbcType=VARCHAR}, #{sortKey,jdbcType=NUMERIC},
      #{soshikiLevel,jdbcType=NUMERIC}, #{oyaSoshikiCd,jdbcType=CHAR})
  </insert>
  <insert id="insertSelective" parameterType="jp.co.nsd.nkssweb.dao.Kss011">
    insert into kss011
    <trim prefix="(" suffix=")" suffixOverrides=",">
      <if test="soshikiCd != null">
        soshiki_cd,
      </if>
      <if test="tekiyoStartYmd != null">
        tekiyo_start_ymd,
      </if>
      <if test="disabledFlg != null">
        disabled_flg,
      </if>
      <if test="soshikiNm != null">
        soshiki_nm,
      </if>
      <if test="soshikiRenNm != null">
        soshiki_ren_nm,
      </if>
      <if test="sortKey != null">
        sort_key,
      </if>
      <if test="soshikiLevel != null">
        soshiki_level,
      </if>
      <if test="oyaSoshikiCd != null">
        oya_soshiki_cd,
      </if>
    </trim>
    <trim prefix="values (" suffix=")" suffixOverrides=",">
      <if test="soshikiCd != null">
        #{soshikiCd,jdbcType=CHAR},
      </if>
      <if test="tekiyoStartYmd != null">
        #{tekiyoStartYmd,jdbcType=DATE},
      </if>
      <if test="disabledFlg != null">
        #{disabledFlg,jdbcType=CHAR},
      </if>
      <if test="soshikiNm != null">
        #{soshikiNm,jdbcType=VARCHAR},
      </if>
      <if test="soshikiRenNm != null">
        #{soshikiRenNm,jdbcType=VARCHAR},
      </if>
      <if test="sortKey != null">
        #{sortKey,jdbcType=NUMERIC},
      </if>
      <if test="soshikiLevel != null">
        #{soshikiLevel,jdbcType=NUMERIC},
      </if>
      <if test="oyaSoshikiCd != null">
        #{oyaSoshikiCd,jdbcType=CHAR},
      </if>
    </trim>
  </insert>
  <update id="updateByPrimaryKeySelective" parameterType="jp.co.nsd.nkssweb.dao.Kss011">
    update kss011
    <set>
      <if test="tekiyoStartYmd != null">
        tekiyo_start_ymd = #{tekiyoStartYmd,jdbcType=DATE},
      </if>
      <if test="disabledFlg != null">
        disabled_flg = #{disabledFlg,jdbcType=CHAR},
      </if>
      <if test="soshikiNm != null">
        soshiki_nm = #{soshikiNm,jdbcType=VARCHAR},
      </if>
      <if test="soshikiRenNm != null">
        soshiki_ren_nm = #{soshikiRenNm,jdbcType=VARCHAR},
      </if>
      <if test="sortKey != null">
        sort_key = #{sortKey,jdbcType=NUMERIC},
      </if>
      <if test="soshikiLevel != null">
        soshiki_level = #{soshikiLevel,jdbcType=NUMERIC},
      </if>
      <if test="oyaSoshikiCd != null">
        oya_soshiki_cd = #{oyaSoshikiCd,jdbcType=CHAR},
      </if>
    </set>
    where soshiki_cd = #{soshikiCd,jdbcType=CHAR}
  </update>
  <update id="updateByPrimaryKey" parameterType="jp.co.nsd.nkssweb.dao.Kss011">
    update kss011
    set tekiyo_start_ymd = #{tekiyoStartYmd,jdbcType=DATE},
      disabled_flg = #{disabledFlg,jdbcType=CHAR},
      soshiki_nm = #{soshikiNm,jdbcType=VARCHAR},
      soshiki_ren_nm = #{soshikiRenNm,jdbcType=VARCHAR},
      sort_key = #{sortKey,jdbcType=NUMERIC},
      soshiki_level = #{soshikiLevel,jdbcType=NUMERIC},
      oya_soshiki_cd = #{oyaSoshikiCd,jdbcType=CHAR}
    where soshiki_cd = #{soshikiCd,jdbcType=CHAR}
  </update>
</mapper>