<?xml version="1.0" encoding="UTF-8"?>
<!DOCTYPE mapper PUBLIC "-//mybatis.org//DTD Mapper 3.0//EN" "http://mybatis.org/dtd/mybatis-3-mapper.dtd">
<mapper namespace="jp.co.nsd.nkssweb.dao.mapper.Kss004Mapper">
  <resultMap id="BaseResultMap" type="jp.co.nsd.nkssweb.dao.Kss004">
    <id column="seisan_sho_id" jdbcType="CHAR" property="seisanShoId" />
    <id column="kotei_shisan_id" jdbcType="CHAR" property="koteiShisanId" />
    <result column="seisan_sho_no" jdbcType="CHAR" property="seisanShoNo" />
    <result column="kotei_shisan_no" jdbcType="CHAR" property="koteiShisanNo" />
    <result column="kenmei_cd" jdbcType="CHAR" property="kenmeiCd" />
    <result column="seisan_soshiki_cd" jdbcType="CHAR" property="seisanSoshikiCd" />
    <result column="siyo_start_ymd" jdbcType="DATE" property="siyoStartYmd" />
    <result column="seisan_entry_user_id" jdbcType="CHAR" property="seisanEntryUserId" />
    <result column="tekiyo" jdbcType="VARCHAR" property="tekiyo" />
    <result column="shonin_status" jdbcType="CHAR" property="shoninStatus" />
    <result column="riyu" jdbcType="VARCHAR" property="riyu" />
    <result column="hansu" jdbcType="NUMERIC" property="hansu" />
    <result column="ks_old_soshiki_cd" jdbcType="CHAR" property="ksOldSoshikiCd" />
    <result column="entry_date" jdbcType="TIMESTAMP" property="entryDate" />
    <result column="entry_user_id" jdbcType="CHAR" property="entryUserId" />
    <result column="update_date" jdbcType="TIMESTAMP" property="updateDate" />
    <result column="update_user_id" jdbcType="CHAR" property="updateUserId" />
  </resultMap>
  <sql id="Base_Column_List">
    seisan_sho_id, kotei_shisan_id, seisan_sho_no, kotei_shisan_no, kenmei_cd, seisan_soshiki_cd, 
    siyo_start_ymd, seisan_entry_user_id, tekiyo, shonin_status, riyu, hansu, ks_old_soshiki_cd, 
    entry_date, entry_user_id, update_date, update_user_id
  </sql>
  <select id="selectByPrimaryKey" parameterType="jp.co.nsd.nkssweb.dao.Kss004Key" resultMap="BaseResultMap">
    select 
    <include refid="Base_Column_List" />
    from kss004
    where seisan_sho_id = #{seisanShoId,jdbcType=CHAR}
      and kotei_shisan_id = #{koteiShisanId,jdbcType=CHAR}
  </select>
  <delete id="deleteByPrimaryKey" parameterType="jp.co.nsd.nkssweb.dao.Kss004Key">
    delete from kss004
    where seisan_sho_id = #{seisanShoId,jdbcType=CHAR}
      and kotei_shisan_id = #{koteiShisanId,jdbcType=CHAR}
  </delete>
  <insert id="insert" parameterType="jp.co.nsd.nkssweb.dao.Kss004">
    insert into kss004 (seisan_sho_id, kotei_shisan_id, seisan_sho_no, 
      kotei_shisan_no, kenmei_cd, seisan_soshiki_cd, 
      siyo_start_ymd, seisan_entry_user_id, tekiyo, 
      shonin_status, riyu, hansu, 
      ks_old_soshiki_cd, entry_date, entry_user_id, 
      update_date, update_user_id)
    values (#{seisanShoId,jdbcType=CHAR}, #{koteiShisanId,jdbcType=CHAR}, #{seisanShoNo,jdbcType=CHAR}, 
      #{koteiShisanNo,jdbcType=CHAR}, #{kenmeiCd,jdbcType=CHAR}, #{seisanSoshikiCd,jdbcType=CHAR}, 
      #{siyoStartYmd,jdbcType=DATE}, #{seisanEntryUserId,jdbcType=CHAR}, #{tekiyo,jdbcType=VARCHAR}, 
      #{shoninStatus,jdbcType=CHAR}, #{riyu,jdbcType=VARCHAR}, #{hansu,jdbcType=NUMERIC}, 
      #{ksOldSoshikiCd,jdbcType=CHAR}, #{entryDate,jdbcType=TIMESTAMP}, #{entryUserId,jdbcType=CHAR}, 
      #{updateDate,jdbcType=TIMESTAMP}, #{updateUserId,jdbcType=CHAR})
  </insert>
  <insert id="insertSelective" parameterType="jp.co.nsd.nkssweb.dao.Kss004">
    insert into kss004
    <trim prefix="(" suffix=")" suffixOverrides=",">
      <if test="seisanShoId != null">
        seisan_sho_id,
      </if>
      <if test="koteiShisanId != null">
        kotei_shisan_id,
      </if>
      <if test="seisanShoNo != null">
        seisan_sho_no,
      </if>
      <if test="koteiShisanNo != null">
        kotei_shisan_no,
      </if>
      <if test="kenmeiCd != null">
        kenmei_cd,
      </if>
      <if test="seisanSoshikiCd != null">
        seisan_soshiki_cd,
      </if>
      <if test="siyoStartYmd != null">
        siyo_start_ymd,
      </if>
      <if test="seisanEntryUserId != null">
        seisan_entry_user_id,
      </if>
      <if test="tekiyo != null">
        tekiyo,
      </if>
      <if test="shoninStatus != null">
        shonin_status,
      </if>
      <if test="riyu != null">
        riyu,
      </if>
      <if test="hansu != null">
        hansu,
      </if>
      <if test="ksOldSoshikiCd != null">
        ks_old_soshiki_cd,
      </if>
      <if test="entryDate != null">
        entry_date,
      </if>
      <if test="entryUserId != null">
        entry_user_id,
      </if>
      <if test="updateDate != null">
        update_date,
      </if>
      <if test="updateUserId != null">
        update_user_id,
      </if>
    </trim>
    <trim prefix="values (" suffix=")" suffixOverrides=",">
      <if test="seisanShoId != null">
        #{seisanShoId,jdbcType=CHAR},
      </if>
      <if test="koteiShisanId != null">
        #{koteiShisanId,jdbcType=CHAR},
      </if>
      <if test="seisanShoNo != null">
        #{seisanShoNo,jdbcType=CHAR},
      </if>
      <if test="koteiShisanNo != null">
        #{koteiShisanNo,jdbcType=CHAR},
      </if>
      <if test="kenmeiCd != null">
        #{kenmeiCd,jdbcType=CHAR},
      </if>
      <if test="seisanSoshikiCd != null">
        #{seisanSoshikiCd,jdbcType=CHAR},
      </if>
      <if test="siyoStartYmd != null">
        #{siyoStartYmd,jdbcType=DATE},
      </if>
      <if test="seisanEntryUserId != null">
        #{seisanEntryUserId,jdbcType=CHAR},
      </if>
      <if test="tekiyo != null">
        #{tekiyo,jdbcType=VARCHAR},
      </if>
      <if test="shoninStatus != null">
        #{shoninStatus,jdbcType=CHAR},
      </if>
      <if test="riyu != null">
        #{riyu,jdbcType=VARCHAR},
      </if>
      <if test="hansu != null">
        #{hansu,jdbcType=NUMERIC},
      </if>
      <if test="ksOldSoshikiCd != null">
        #{ksOldSoshikiCd,jdbcType=CHAR},
      </if>
      <if test="entryDate != null">
        #{entryDate,jdbcType=TIMESTAMP},
      </if>
      <if test="entryUserId != null">
        #{entryUserId,jdbcType=CHAR},
      </if>
      <if test="updateDate != null">
        #{updateDate,jdbcType=TIMESTAMP},
      </if>
      <if test="updateUserId != null">
        #{updateUserId,jdbcType=CHAR},
      </if>
    </trim>
  </insert>
  <update id="updateByPrimaryKeySelective" parameterType="jp.co.nsd.nkssweb.dao.Kss004">
    update kss004
    <set>
      <if test="seisanShoNo != null">
        seisan_sho_no = #{seisanShoNo,jdbcType=CHAR},
      </if>
      <if test="koteiShisanNo != null">
        kotei_shisan_no = #{koteiShisanNo,jdbcType=CHAR},
      </if>
      <if test="kenmeiCd != null">
        kenmei_cd = #{kenmeiCd,jdbcType=CHAR},
      </if>
      <if test="seisanSoshikiCd != null">
        seisan_soshiki_cd = #{seisanSoshikiCd,jdbcType=CHAR},
      </if>
      <if test="siyoStartYmd != null">
        siyo_start_ymd = #{siyoStartYmd,jdbcType=DATE},
      </if>
      <if test="seisanEntryUserId != null">
        seisan_entry_user_id = #{seisanEntryUserId,jdbcType=CHAR},
      </if>
      <if test="tekiyo != null">
        tekiyo = #{tekiyo,jdbcType=VARCHAR},
      </if>
      <if test="shoninStatus != null">
        shonin_status = #{shoninStatus,jdbcType=CHAR},
      </if>
      <if test="riyu != null">
        riyu = #{riyu,jdbcType=VARCHAR},
      </if>
      <if test="hansu != null">
        hansu = #{hansu,jdbcType=NUMERIC},
      </if>
      <if test="ksOldSoshikiCd != null">
        ks_old_soshiki_cd = #{ksOldSoshikiCd,jdbcType=CHAR},
      </if>
      <if test="entryDate != null">
        entry_date = #{entryDate,jdbcType=TIMESTAMP},
      </if>
      <if test="entryUserId != null">
        entry_user_id = #{entryUserId,jdbcType=CHAR},
      </if>
      <if test="updateDate != null">
        update_date = #{updateDate,jdbcType=TIMESTAMP},
      </if>
      <if test="updateUserId != null">
        update_user_id = #{updateUserId,jdbcType=CHAR},
      </if>
    </set>
    where seisan_sho_id = #{seisanShoId,jdbcType=CHAR}
      and kotei_shisan_id = #{koteiShisanId,jdbcType=CHAR}
  </update>
  <update id="updateByPrimaryKey" parameterType="jp.co.nsd.nkssweb.dao.Kss004">
    update kss004
    set seisan_sho_no = #{seisanShoNo,jdbcType=CHAR},
      kotei_shisan_no = #{koteiShisanNo,jdbcType=CHAR},
      kenmei_cd = #{kenmeiCd,jdbcType=CHAR},
      seisan_soshiki_cd = #{seisanSoshikiCd,jdbcType=CHAR},
      siyo_start_ymd = #{siyoStartYmd,jdbcType=DATE},
      seisan_entry_user_id = #{seisanEntryUserId,jdbcType=CHAR},
      tekiyo = #{tekiyo,jdbcType=VARCHAR},
      shonin_status = #{shoninStatus,jdbcType=CHAR},
      riyu = #{riyu,jdbcType=VARCHAR},
      hansu = #{hansu,jdbcType=NUMERIC},
      ks_old_soshiki_cd = #{ksOldSoshikiCd,jdbcType=CHAR},
      entry_date = #{entryDate,jdbcType=TIMESTAMP},
      entry_user_id = #{entryUserId,jdbcType=CHAR},
      update_date = #{updateDate,jdbcType=TIMESTAMP},
      update_user_id = #{updateUserId,jdbcType=CHAR}
    where seisan_sho_id = #{seisanShoId,jdbcType=CHAR}
      and kotei_shisan_id = #{koteiShisanId,jdbcType=CHAR}
  </update>
</mapper>