<?xml version="1.0" encoding="UTF-8"?>
<!DOCTYPE mapper PUBLIC "-//mybatis.org//DTD Mapper 3.0//EN" "http://mybatis.org/dtd/mybatis-3-mapper.dtd">
<mapper namespace="jp.co.nsd.nkssweb.dao.mapper.Kss023Mapper">
  <resultMap id="BaseResultMap" type="jp.co.nsd.nkssweb.dao.Kss023">
    <id column="role_id" jdbcType="CHAR" property="roleId" />
    <id column="soshiki_cd" jdbcType="CHAR" property="soshikiCd" />
    <result column="entry_date" jdbcType="TIMESTAMP" property="entryDate" />
    <result column="entry_user_id" jdbcType="CHAR" property="entryUserId" />
    <result column="update_date" jdbcType="TIMESTAMP" property="updateDate" />
    <result column="update_user_id" jdbcType="CHAR" property="updateUserId" />
  </resultMap>
  <sql id="Base_Column_List">
    role_id, soshiki_cd, entry_date, entry_user_id, update_date, update_user_id
  </sql>
  <select id="selectByPrimaryKey" parameterType="jp.co.nsd.nkssweb.dao.Kss023Key" resultMap="BaseResultMap">
    select 
    <include refid="Base_Column_List" />
    from kss023
    where role_id = #{roleId,jdbcType=CHAR}
      and soshiki_cd = #{soshikiCd,jdbcType=CHAR}
  </select>
  <delete id="deleteByPrimaryKey" parameterType="jp.co.nsd.nkssweb.dao.Kss023Key">
    delete from kss023
    where role_id = #{roleId,jdbcType=CHAR}
      and soshiki_cd = #{soshikiCd,jdbcType=CHAR}
  </delete>
  <insert id="insert" parameterType="jp.co.nsd.nkssweb.dao.Kss023">
    insert into kss023 (role_id, soshiki_cd, entry_date, 
      entry_user_id, update_date, update_user_id
      )
    values (#{roleId,jdbcType=CHAR}, #{soshikiCd,jdbcType=CHAR}, #{entryDate,jdbcType=TIMESTAMP}, 
      #{entryUserId,jdbcType=CHAR}, #{updateDate,jdbcType=TIMESTAMP}, #{updateUserId,jdbcType=CHAR}
      )
  </insert>
  <insert id="insertSelective" parameterType="jp.co.nsd.nkssweb.dao.Kss023">
    insert into kss023
    <trim prefix="(" suffix=")" suffixOverrides=",">
      <if test="roleId != null">
        role_id,
      </if>
      <if test="soshikiCd != null">
        soshiki_cd,
      </if>
      <if test="entryDate != null">
        entry_date,
      </if>
      <if test="entryUserId != null">
        entry_user_id,
      </if>
      <if test="updateDate != null">
        update_date,
      </if>
      <if test="updateUserId != null">
        update_user_id,
      </if>
    </trim>
    <trim prefix="values (" suffix=")" suffixOverrides=",">
      <if test="roleId != null">
        #{roleId,jdbcType=CHAR},
      </if>
      <if test="soshikiCd != null">
        #{soshikiCd,jdbcType=CHAR},
      </if>
      <if test="entryDate != null">
        #{entryDate,jdbcType=TIMESTAMP},
      </if>
      <if test="entryUserId != null">
        #{entryUserId,jdbcType=CHAR},
      </if>
      <if test="updateDate != null">
        #{updateDate,jdbcType=TIMESTAMP},
      </if>
      <if test="updateUserId != null">
        #{updateUserId,jdbcType=CHAR},
      </if>
    </trim>
  </insert>
  <update id="updateByPrimaryKeySelective" parameterType="jp.co.nsd.nkssweb.dao.Kss023">
    update kss023
    <set>
      <if test="entryDate != null">
        entry_date = #{entryDate,jdbcType=TIMESTAMP},
      </if>
      <if test="entryUserId != null">
        entry_user_id = #{entryUserId,jdbcType=CHAR},
      </if>
      <if test="updateDate != null">
        update_date = #{updateDate,jdbcType=TIMESTAMP},
      </if>
      <if test="updateUserId != null">
        update_user_id = #{updateUserId,jdbcType=CHAR},
      </if>
    </set>
    where role_id = #{roleId,jdbcType=CHAR}
      and soshiki_cd = #{soshikiCd,jdbcType=CHAR}
  </update>
  <update id="updateByPrimaryKey" parameterType="jp.co.nsd.nkssweb.dao.Kss023">
    update kss023
    set entry_date = #{entryDate,jdbcType=TIMESTAMP},
      entry_user_id = #{entryUserId,jdbcType=CHAR},
      update_date = #{updateDate,jdbcType=TIMESTAMP},
      update_user_id = #{updateUserId,jdbcType=CHAR}
    where role_id = #{roleId,jdbcType=CHAR}
      and soshiki_cd = #{soshikiCd,jdbcType=CHAR}
  </update>
</mapper>