<?xml version="1.0" encoding="UTF-8"?>
<!DOCTYPE mapper PUBLIC "-//mybatis.org//DTD Mapper 3.0//EN" "http://mybatis.org/dtd/mybatis-3-mapper.dtd">
<mapper namespace="jp.co.nsd.nkssweb.dao.mapper.Kss009Mapper">
  <resultMap id="BaseResultMap" type="jp.co.nsd.nkssweb.dao.Kss009">
    <id column="daicho_id" jdbcType="CHAR" property="daichoId" />
    <id column="sakusei_timestamp" jdbcType="TIMESTAMP" property="sakuseiTimestamp" />
    <result column="daicho_nm" jdbcType="VARCHAR" property="daichoNm" />
    <result column="sakusei_kbn" jdbcType="CHAR" property="sakuseiKbn" />
    <result column="sakusei_user_id" jdbcType="CHAR" property="sakuseiUserId" />
    <result column="entry_date" jdbcType="TIMESTAMP" property="entryDate" />
    <result column="entry_user_id" jdbcType="CHAR" property="entryUserId" />
    <result column="update_date" jdbcType="TIMESTAMP" property="updateDate" />
    <result column="update_user_id" jdbcType="CHAR" property="updateUserId" />
  </resultMap>
  <sql id="Base_Column_List">
    daicho_id, sakusei_timestamp, daicho_nm, sakusei_kbn, sakusei_user_id, entry_date, 
    entry_user_id, update_date, update_user_id
  </sql>
  <select id="selectByPrimaryKey" parameterType="jp.co.nsd.nkssweb.dao.Kss009Key" resultMap="BaseResultMap">
    select 
    <include refid="Base_Column_List" />
    from kss009
    where daicho_id = #{daichoId,jdbcType=CHAR}
      and sakusei_timestamp = #{sakuseiTimestamp,jdbcType=TIMESTAMP}
  </select>
  <delete id="deleteByPrimaryKey" parameterType="jp.co.nsd.nkssweb.dao.Kss009Key">
    delete from kss009
    where daicho_id = #{daichoId,jdbcType=CHAR}
      and sakusei_timestamp = #{sakuseiTimestamp,jdbcType=TIMESTAMP}
  </delete>
  <insert id="insert" parameterType="jp.co.nsd.nkssweb.dao.Kss009">
    insert into kss009 (daicho_id, sakusei_timestamp, daicho_nm, 
      sakusei_kbn, sakusei_user_id, entry_date, 
      entry_user_id, update_date, update_user_id
      )
    values (#{daichoId,jdbcType=CHAR}, #{sakuseiTimestamp,jdbcType=TIMESTAMP}, #{daichoNm,jdbcType=VARCHAR}, 
      #{sakuseiKbn,jdbcType=CHAR}, #{sakuseiUserId,jdbcType=CHAR}, #{entryDate,jdbcType=TIMESTAMP}, 
      #{entryUserId,jdbcType=CHAR}, #{updateDate,jdbcType=TIMESTAMP}, #{updateUserId,jdbcType=CHAR}
      )
  </insert>
  <insert id="insertSelective" parameterType="jp.co.nsd.nkssweb.dao.Kss009">
    insert into kss009
    <trim prefix="(" suffix=")" suffixOverrides=",">
      <if test="daichoId != null">
        daicho_id,
      </if>
      <if test="sakuseiTimestamp != null">
        sakusei_timestamp,
      </if>
      <if test="daichoNm != null">
        daicho_nm,
      </if>
      <if test="sakuseiKbn != null">
        sakusei_kbn,
      </if>
      <if test="sakuseiUserId != null">
        sakusei_user_id,
      </if>
      <if test="entryDate != null">
        entry_date,
      </if>
      <if test="entryUserId != null">
        entry_user_id,
      </if>
      <if test="updateDate != null">
        update_date,
      </if>
      <if test="updateUserId != null">
        update_user_id,
      </if>
    </trim>
    <trim prefix="values (" suffix=")" suffixOverrides=",">
      <if test="daichoId != null">
        #{daichoId,jdbcType=CHAR},
      </if>
      <if test="sakuseiTimestamp != null">
        #{sakuseiTimestamp,jdbcType=TIMESTAMP},
      </if>
      <if test="daichoNm != null">
        #{daichoNm,jdbcType=VARCHAR},
      </if>
      <if test="sakuseiKbn != null">
        #{sakuseiKbn,jdbcType=CHAR},
      </if>
      <if test="sakuseiUserId != null">
        #{sakuseiUserId,jdbcType=CHAR},
      </if>
      <if test="entryDate != null">
        #{entryDate,jdbcType=TIMESTAMP},
      </if>
      <if test="entryUserId != null">
        #{entryUserId,jdbcType=CHAR},
      </if>
      <if test="updateDate != null">
        #{updateDate,jdbcType=TIMESTAMP},
      </if>
      <if test="updateUserId != null">
        #{updateUserId,jdbcType=CHAR},
      </if>
    </trim>
  </insert>
  <update id="updateByPrimaryKeySelective" parameterType="jp.co.nsd.nkssweb.dao.Kss009">
    update kss009
    <set>
      <if test="daichoNm != null">
        daicho_nm = #{daichoNm,jdbcType=VARCHAR},
      </if>
      <if test="sakuseiKbn != null">
        sakusei_kbn = #{sakuseiKbn,jdbcType=CHAR},
      </if>
      <if test="sakuseiUserId != null">
        sakusei_user_id = #{sakuseiUserId,jdbcType=CHAR},
      </if>
      <if test="entryDate != null">
        entry_date = #{entryDate,jdbcType=TIMESTAMP},
      </if>
      <if test="entryUserId != null">
        entry_user_id = #{entryUserId,jdbcType=CHAR},
      </if>
      <if test="updateDate != null">
        update_date = #{updateDate,jdbcType=TIMESTAMP},
      </if>
      <if test="updateUserId != null">
        update_user_id = #{updateUserId,jdbcType=CHAR},
      </if>
    </set>
    where daicho_id = #{daichoId,jdbcType=CHAR}
      and sakusei_timestamp = #{sakuseiTimestamp,jdbcType=TIMESTAMP}
  </update>
  <update id="updateByPrimaryKey" parameterType="jp.co.nsd.nkssweb.dao.Kss009">
    update kss009
    set daicho_nm = #{daichoNm,jdbcType=VARCHAR},
      sakusei_kbn = #{sakuseiKbn,jdbcType=CHAR},
      sakusei_user_id = #{sakuseiUserId,jdbcType=CHAR},
      entry_date = #{entryDate,jdbcType=TIMESTAMP},
      entry_user_id = #{entryUserId,jdbcType=CHAR},
      update_date = #{updateDate,jdbcType=TIMESTAMP},
      update_user_id = #{updateUserId,jdbcType=CHAR}
    where daicho_id = #{daichoId,jdbcType=CHAR}
      and sakusei_timestamp = #{sakuseiTimestamp,jdbcType=TIMESTAMP}
  </update>
</mapper>