<?xml version="1.0" encoding="UTF-8"?>
<!DOCTYPE mapper PUBLIC "-//mybatis.org//DTD Mapper 3.0//EN" "http://mybatis.org/dtd/mybatis-3-mapper.dtd">
<mapper namespace="jp.co.nsd.nkssweb.dao.mapper.SampleMapper">
  <resultMap id="BaseResultMap" type="jp.co.nsd.nkssweb.dao.Sample">
    <id column="user_id" jdbcType="VARCHAR" property="userId" />
    <result column="user_name" jdbcType="VARCHAR" property="userName" />
    <result column="start_date" jdbcType="DATE" property="startDate" />
    <result column="expired_date" jdbcType="DATE" property="expiredDate" />
  </resultMap>
  <sql id="Base_Column_List">
    user_id, user_name, start_date, expired_date
  </sql>
  <select id="selectByPrimaryKey" parameterType="java.lang.String" resultMap="BaseResultMap">
    select
    <include refid="Base_Column_List" />
    from sample
    where user_id = #{userId,jdbcType=VARCHAR}
  </select>
  <delete id="deleteByPrimaryKey" parameterType="java.lang.String">
    delete from sample
    where user_id = #{userId,jdbcType=VARCHAR}
  </delete>
  <insert id="insert" parameterType="jp.co.nsd.nkssweb.dao.Sample">
    insert into sample (user_id, user_name, start_date,
      expired_date)
    values (#{userId,jdbcType=VARCHAR}, #{userName,jdbcType=VARCHAR}, #{startDate,jdbcType=DATE},
      #{expiredDate,jdbcType=DATE})
  </insert>
  <insert id="insertSelective" parameterType="jp.co.nsd.nkssweb.dao.Sample">
    insert into sample
    <trim prefix="(" suffix=")" suffixOverrides=",">
      <if test="userId != null">
        user_id,
      </if>
      <if test="userName != null">
        user_name,
      </if>
      <if test="startDate != null">
        start_date,
      </if>
      <if test="expiredDate != null">
        expired_date,
      </if>
    </trim>
    <trim prefix="values (" suffix=")" suffixOverrides=",">
      <if test="userId != null">
        #{userId,jdbcType=VARCHAR},
      </if>
      <if test="userName != null">
        #{userName,jdbcType=VARCHAR},
      </if>
      <if test="startDate != null">
        #{startDate,jdbcType=DATE},
      </if>
      <if test="expiredDate != null">
        #{expiredDate,jdbcType=DATE},
      </if>
    </trim>
  </insert>
  <update id="updateByPrimaryKeySelective" parameterType="jp.co.nsd.nkssweb.dao.Sample">
    update sample
    <set>
      <if test="userName != null">
        user_name = #{userName,jdbcType=VARCHAR},
      </if>
      <if test="startDate != null">
        start_date = #{startDate,jdbcType=DATE},
      </if>
      <if test="expiredDate != null">
        expired_date = #{expiredDate,jdbcType=DATE},
      </if>
    </set>
    where user_id = #{userId,jdbcType=VARCHAR}
  </update>
  <update id="updateByPrimaryKey" parameterType="jp.co.nsd.nkssweb.dao.Sample">
    update sample
    set user_name = #{userName,jdbcType=VARCHAR},
      start_date = #{startDate,jdbcType=DATE},
      expired_date = #{expiredDate,jdbcType=DATE}
    where user_id = #{userId,jdbcType=VARCHAR}
  </update>
  <select id="selectAll" parameterType="java.lang.String" resultMap="BaseResultMap">
    select
    <include refid="Base_Column_List" />
    from sample
  </select>
  <select id="selectByWhere" parameterType="jp.co.nsd.nkssweb.dao.Sample" resultMap="BaseResultMap">
    select
    <include refid="Base_Column_List" />
    from sample
    <where>
      <if test="userId != null">
        user_id = #{userId,jdbcType=VARCHAR}
      </if>
      <if test="userName != null">
        and user_name like #{userName,jdbcType=VARCHAR} || '%'
      </if>
      <if test="startDate != null">
        and start_date &gt;= #{startDate,jdbcType=DATE}
      </if>
      <if test="expiredDate != null">
        and expired_date &lt;= #{expiredDate,jdbcType=DATE}
      </if>
    </where>
  </select>
  <select id="callTestFunction" parameterType="jp.co.nsd.nkssweb.dao.Sample" resultType="hashmap" statementType="CALLABLE" useCache="false">
        select nkss.Test_Function(
        #{userId,mode=IN,jdbcType=VARCHAR},
        #{userName,mode=IN,jdbcType=VARCHAR})
  </select>
</mapper>