<?xml version="1.0" encoding="UTF-8"?>
<!DOCTYPE mapper PUBLIC "-//mybatis.org//DTD Mapper 3.0//EN" "http://mybatis.org/dtd/mybatis-3-mapper.dtd">

<mapper namespace="jp.co.nsd.nkssweb.dao.mapper.SeisanshoShutokuKeiriMapper">

	<select id="selectByWhere" parameterType="jp.co.nsd.nkssweb.dao.SeisanshoShutokuKeiri"
		resultType="jp.co.nsd.nkssweb.dao.SeisanshoShutokuKeiri">
		SELECT DISTINCT
		    kss004.seisan_sho_no                        AS seisanShoNo--精算書番号
		  , kss004.riyu                                 AS riyu--経理否認理由
		  , kss004.kenmei_cd                            AS kenmeiCd--工事件名コード
		  , kss004.siyo_start_ymd                       AS siyoStartYmd--使用開始年月日
		  , kss004.shonin_status                        AS shoninStatusCd--承認ステータス
		  , kss004.hansu                                AS hansu--処理No
		  , tmp1.shutokuKagakuGokei                     AS shutokuKagakuGokei--取得価額合計
		  , REPLACE (kss011.soshiki_ren_nm, '直属', '') AS soshikiRenNm--精算箇所
		  , kss.abda08.ab8_kmouwk_knj                   AS kenmeiNm--工事件名
		FROM
		  kss005
		  INNER JOIN kss004
		    ON (kss005.seisan_sho_id = kss004.seisan_sho_id)
		  INNER JOIN (
		    SELECT
		        kss005.seisan_sho_id
		      , sum(kss005.buppin_gaku + kss005.kouhi_gaku + kss005.sou_keihi_gaku) AS shutokuKagakuGokei
		    FROM
		      kss005
		    GROUP BY
		      kss005.seisan_sho_id
		  ) tmp1
		    ON (kss004.seisan_sho_id = tmp1.seisan_sho_id)
		  INNER JOIN kss011                               -- 組織マスタ
		    ON (
		      kss004.seisan_soshiki_cd = kss011.soshiki_cd
		      AND CURRENT_DATE <![CDATA[ >= ]]> kss011.tekiyo_start_ymd
		      AND disabled_flg = '0'
		    )
		  INNER JOIN kss.abda08                            -- 科目内訳定数
		    ON (
		      kss004.kenmei_cd = kss.abda08.ab8_kmouwk_cod
		      AND CURRENT_DATE <![CDATA[ >= ]]> kss.abda08.ab8_tekiyf_ymd
		      AND CURRENT_DATE <![CDATA[ <= ]]> kss.abda08.ab8_tekiyt_ymd
		    )
		<where>
		TRIM(kss004.shonin_status) IN ('01', '02', '20')
		AND NOT EXISTS (
		  SELECT
		      *
		  FROM
		    kss008
		  WHERE
		    kss008.seisan_sho_id = kss004.seisan_sho_id
		    AND kss008.kotei_shisan_id = kss004.kotei_shisan_id
		)
		AND NOT EXISTS (
		  SELECT
		      *
		  FROM
		    kss005
		  WHERE
		    kss005.seisan_sho_id = kss004.seisan_sho_id
		    AND kss005.kotei_shisan_id = kss004.kotei_shisan_id
		    AND (
		      trim(kss005.shurui_cd) = '42'
		      OR trim(kss005.shurui_cd) = '43'
		      OR trim(kss005.shurui_cd) = '51'
		      OR trim(kss005.shurui_cd) = '61'
		      OR trim(kss005.shurui_cd) = '12'
		      OR trim(kss005.kamoku_cd_1) = '305'
		    )
		)
		<if test="seisanShoNo != ''">
			AND kss004.seisan_sho_no LIKE CONCAT(CONCAT('%', #{seisanShoNo, jdbcType=VARCHAR}), '%')
		</if>
		<if test="siyoStartYmdFrom != ''">
			AND kss004.siyo_start_ymd <![CDATA[ >= ]]> CAST(#{siyoStartYmdFrom} AS DATE)
		</if>
		<if test="siyoStartYmdTo != ''">
			AND kss004.siyo_start_ymd <![CDATA[ <= ]]> CAST(#{siyoStartYmdTo} AS DATE)
		</if>
		<if test="shoninStatusCd != ''">
			AND kss004.shonin_status = #{shoninStatusCd, jdbcType=VARCHAR}
		</if>
		<if test="kenmeiNm != ''">
			AND kss.abda08.ab8_kmouwk_knj LIKE CONCAT(CONCAT('%', #{kenmeiNm, jdbcType=VARCHAR}), '%')
		</if>
	    </where>
 	    ORDER BY
 	      kss004.seisan_sho_no
	</select>
</mapper>