<?xml version="1.0" encoding="UTF-8"?>
<!DOCTYPE mapper PUBLIC "-//mybatis.org//DTD Mapper 3.0//EN" "http://mybatis.org/dtd/mybatis-3-mapper.dtd">

<mapper namespace="jp.co.nsd.nkssweb.dao.mapper.SeisanshoTorokuKmskJheMapper">

	<select id="selectByWhere"  resultType="jp.co.nsd.nkssweb.dao.SeisanshoTorokuKmskJhe">
		SELECT
		    kss002.kenmei_id                            AS kenmeiId
		  , trim(kss002.kenmei_cd)                      AS kenmeiCd
		  , to_char(kss002.tekiyo_start_ymd,'YYYYMMDD') AS tekiyoStart
		  , to_char(kss002.tekiyo_end_ymd,'YYYYMMDD')   AS tekiyoEnd
		  , trim(kss002.kenmei_nm)                      AS kenmeiNm
		  , kss002.renkei_status                        AS renkeiStatus
		FROM
		  kss002
		<where>
		  kss002.renkei_status = '0'
	    </where>
	    ORDER BY
	      kss002.kenmei_id
	</select>

	<select id="selectSeqNo" parameterType="java.lang.String"
		resultType="java.lang.Integer">
		SELECT
		  kss001.seq_no     AS seqNo
		FROM
		  kss001
		<where>
		  kss001.file_name = 'kenmei'
	    </where>
	</select>

	<select id="selectFileCreateYmd" parameterType="java.lang.String"
		resultType="java.lang.String">
		SELECT
		  to_char(file_create_ymd, 'YYYYMMDD') AS fileCreateYmd
		FROM
		  kss001
		<where>
		  kss001.file_name = 'kenmei'
	    </where>
	</select>

	<select id="selectFileName" parameterType="java.lang.String"
		resultType="java.lang.String">
		SELECT
		  kss001.file_name     AS fileName
		FROM
		  kss001
		<where>
		  kss001.file_name = 'kenmei'
	    </where>
	</select>

    <insert id="insertBySeqNo" parameterType="jp.co.nsd.nkssweb.dao.SeisanshoTorokuKmskJhe">
        INSERT INTO kss001
          (file_name,seq_no,file_create_ymd,entry_date,entry_user_id,update_date,update_user_id)
        values (
          'kenmei',#{seqNo, jdbcType=NUMERIC},#{fileCreateYmd, jdbcType=DATE},current_timestamp,
          #{entryUserId, jdbcType=CHAR}, current_timestamp,#{updateUserId, jdbcType=CHAR})
    </insert>

    <update id="updateBySeqNo" parameterType="jp.co.nsd.nkssweb.dao.SeisanshoTorokuKmskJhe">
        UPDATE kss001
        <set>
          seq_no = #{seqNo, jdbcType=CHAR},
          file_create_ymd = #{fileCreateYmd, jdbcType=CHAR},
          update_date = current_timestamp,
          update_user_id = #{updateUserId, jdbcType=CHAR}
        </set>
        WHERE
          file_name = 'kenmei'
    </update>


    <update id="updateByPrimaryKey" parameterType="jp.co.nsd.nkssweb.dao.SeisanshoTorokuKmskJhe">
        UPDATE kss002
        <set>
          renkei_status = #{renkeiStatus, jdbcType=CHAR},
          update_date = current_timestamp,
          update_user_id = #{updateUserId, jdbcType=CHAR}
        </set>
        WHERE
          kenmei_id =  CAST(#{kenmeiId} AS NUMERIC)
    </update>

</mapper>