<?xml version="1.0" encoding="UTF-8"?>
<!DOCTYPE mapper PUBLIC "-//mybatis.org//DTD Mapper 3.0//EN" "http://mybatis.org/dtd/mybatis-3-mapper.dtd">

<mapper namespace="jp.co.nsd.nkssweb.dao.mapper.SeisanshoJokyakuNaiyoMapper">

	<select id="selectByWhere" parameterType="jp.co.nsd.nkssweb.dao.SeisanshoJokyakuNaiyo"
		resultType="jp.co.nsd.nkssweb.dao.SeisanshoJokyakuNaiyo">
		SELECT
		    kss006.jokyaku_seisan_sho_id                            AS jokyakuSeisanShoId
		  , kss006.jokyaku_seisan_sho_no                            AS jokyakuSeisanShoNo
		  , kss006.kenmei_nm                                        AS kenmeiNm
		  , kss006.jokyaku_yote_ymd                                 AS jokyakuYoteYmd
		  , replace(kss011.soshiki_ren_nm, '直属', '')              AS soshikiRenNm
		FROM
		  kss006
		  INNER JOIN kss011
		    ON (
		      kss006.seisan_soshiki_cd = kss011.soshiki_cd
		      AND kss011.disabled_flg = '0'
		      AND CURRENT_DATE >= kss011.tekiyo_start_ymd
		    )
		<where>
		0 = 0
		<if test="jokyakuSeisanShoNo != ''">
			AND kss006.jokyaku_seisan_sho_no LIKE CONCAT(CONCAT('%', #{jokyakuSeisanShoNo, jdbcType=VARCHAR}), '%')
		</if>
		<if test="jokyakuYoteYmdFrom != ''">
			AND kss006.jokyaku_yote_ymd <![CDATA[ >= ]]> CAST(#{jokyakuYoteYmdFrom} AS DATE)
		</if>
		<if test="jokyakuYoteYmdTo != ''">
			AND kss006.jokyaku_yote_ymd <![CDATA[ <= ]]> CAST(#{jokyakuYoteYmdTo} AS DATE)
		</if>
		<if test="kenmeiNm != ''">
			AND kss006.kenmei_nm LIKE CONCAT(CONCAT('%', #{kenmeiNm, jdbcType=VARCHAR}), '%')
		</if>
		<if test="soshikiRenNm != ''">
			AND kss011.soshiki_ren_nm LIKE CONCAT(CONCAT('%', #{soshikiRenNm, jdbcType=VARCHAR}), '%')
		</if>
	    </where>
	    ORDER BY
	      kss006.jokyaku_seisan_sho_no
	</select>

	<select id="selectBySeisanShoNo" parameterType="jp.co.nsd.nkssweb.dao.SeisanshoJokyakuNaiyoShokai"
		resultType="jp.co.nsd.nkssweb.dao.SeisanshoJokyakuNaiyoShokai">
        SELECT
            kss006.jokyaku_seisan_sho_id                               AS jokyakuSeisanShoId
          , kss006.jokyaku_seisan_sho_no                               AS jokyakuSeisanShoNo
          , kss006.kenmei_nm                                           AS kenmeiNm
          , kss006.jokyaku_yote_ymd                                    AS jokyakuYoteYmd
          , kss006.jokyaku_ymd                                         AS jokyakuYmd
          , kss006.shonin_status                                       AS shoninStatus
          , kss006.tekiyo
          , replace(kss011.soshiki_ren_nm, '直属', '')                 AS soshikiRenNm
          , kss007.jokyaku_shisan_id                                   AS jokyakuShisanId
          , kss007.jokyaku_gaku                                        AS jokyakuGaku
          , kss007.moto_kotei_shisan_id                                AS motoKoteiShisanId
          , kss007.rireki_no                                           AS rirekiNo
          , kss007.jokyaku_shubetsu_cd                                 AS jokyakuShubetsuCd
          , kss007.jokyaku_suryo                                       AS jokyakuSuryo
          , kss007.jokyaku_kbn                                         AS jokyakuKbn
        FROM
          kss006
          INNER JOIN kss007
            ON (
              kss007.jokyaku_seisan_sho_id = kss006.jokyaku_seisan_sho_id
            )
          INNER JOIN kss011
            ON (
              kss011.soshiki_cd = kss006.seisan_soshiki_cd
              AND kss011.disabled_flg = '0'
              AND CURRENT_DATE >= kss011.tekiyo_start_ymd
            )
		WHERE
		  kss007.jokyaku_seisan_sho_id = #{jokyakuSeisanShoId, jdbcType=CHAR}
		ORDER BY
  		  kss007.moto_kotei_shisan_id
	</select>
</mapper>