<?xml version="1.0" encoding="UTF-8"?>
<!DOCTYPE mapper PUBLIC "-//mybatis.org//DTD Mapper 3.0//EN" "http://mybatis.org/dtd/mybatis-3-mapper.dtd">

<mapper namespace="jp.co.nsd.nkssweb.dao.mapper.SeisanshoJokyakuShoninMapper">

    <select id="selectByWhere" parameterType="jp.co.nsd.nkssweb.dao.SeisanshoJokyakuShonin"
        resultType="jp.co.nsd.nkssweb.dao.SeisanshoJokyakuShonin">
        SELECT
            kss006.jokyaku_seisan_sho_id AS jokyakuSeisanShoId
          , kss006.jokyaku_seisan_sho_no AS jokyakuSeisanShoNo
          , kss006.kenmei_nm             AS kenmeiNm
          , kss006.jokyaku_ymd           AS jokyakuYmd
          , trim(kss006.shonin_status)   AS shoninStatus
          , replace(kss011.soshiki_ren_nm, '直属', '')              AS soshikiRenNm
          , kss007Item.jokyaku_gaku      AS jokyakuKagakuGokei
        FROM
          kss006
          INNER JOIN kss011
            ON (
              kss006.seisan_soshiki_cd = kss011.soshiki_cd
              AND kss011.disabled_flg = '0'
              AND CURRENT_DATE >= kss011.tekiyo_start_ymd
            )
          INNER JOIN (
            SELECT
              kss007.jokyaku_seisan_sho_id  AS jokyaku_seisan_sho_id
              , SUM(kss007.jokyaku_gaku)      AS jokyaku_gaku
            FROM
              kss007
            GROUP BY
              kss007.jokyaku_seisan_sho_id
          ) AS kss007Item
            ON (
               kss007Item.jokyaku_seisan_sho_id = kss006.jokyaku_seisan_sho_id
            )
        <where>
            kss006.jokyaku_ymd is not NULL
            AND TRIM(kss006.shonin_status) IN ( '00', '01', '20' )
        <if test="jokyakuSeisanShoNo != ''">
            AND kss006.jokyaku_seisan_sho_no LIKE CONCAT(CONCAT('%', #{jokyakuSeisanShoNo, jdbcType=VARCHAR}), '%')
        </if>
        <if test="soshikiRenNm != ''">
            AND kss011.soshiki_ren_nm LIKE CONCAT(CONCAT('%', #{soshikiRenNm, jdbcType=VARCHAR}), '%')
        </if>
        <if test="jokyakuYmdFrom != ''">
            AND kss006.jokyaku_ymd <![CDATA[ >= ]]> CAST(#{jokyakuYmdFrom} AS DATE)
        </if>
        <if test="jokyakuYmdTo != ''">
            AND kss006.jokyaku_ymd <![CDATA[ <= ]]> CAST(#{jokyakuYmdTo} AS DATE)
        </if>
        <if test="kenmeiNm != ''">
            AND kss006.kenmei_nm LIKE CONCAT(CONCAT('%', #{kenmeiNm, jdbcType=VARCHAR}), '%')
        </if>
        <if test="shoninStatus != ''">
            AND kss006.shonin_status = #{shoninStatus, jdbcType=VARCHAR}
        </if>
        </where>
        ORDER BY
          kss006.jokyaku_seisan_sho_no
    </select>

    <select id="selectBySeisanShoNo" parameterType="jp.co.nsd.nkssweb.dao.SeisanshoJokyakuShoninShokai"
        resultType="jp.co.nsd.nkssweb.dao.SeisanshoJokyakuShoninShokai">
        SELECT
            kss006.jokyaku_seisan_sho_id                      AS jokyakuSeisanShoId
          , kss006.jokyaku_seisan_sho_no                      AS jokyakuSeisanShoNo
          , kss006.kenmei_nm                                  AS kenmeiNm
          , kss006.jokyaku_yote_ymd                           AS jokyakuYoteYmd
          , kss006.jokyaku_ymd                                AS jokyakuYmd
          , trim(kss006.shonin_status)                        AS shoninStatus
          , kss006.hansu
          , kss006.riyu
          , kss006.update_date                                AS updateDate
          , replace(kss011.soshiki_ren_nm, '直属', '')        AS soshikiRenNm
          , kss007.jokyaku_gaku                               AS jokyakuGaku
          , kss007.moto_kotei_shisan_id                       AS motoKoteiShisanId
          , kss007.rireki_no                                  AS rirekiNo
          , kss007.jokyaku_shubetsu_cd                        AS jokyakuShubetsuCd
          , kss007Item.jokyaku_gaku                           AS jokyakuKagakuGokei
        FROM
          kss006
          INNER JOIN kss007
            ON (
              kss007.jokyaku_seisan_sho_id = kss006.jokyaku_seisan_sho_id
            )
          INNER JOIN (
            SELECT
              kss007.jokyaku_seisan_sho_id  AS jokyaku_seisan_sho_id
              , SUM(kss007.jokyaku_gaku)      AS jokyaku_gaku
            FROM
              kss007
            GROUP BY
              kss007.jokyaku_seisan_sho_id
          ) AS kss007Item
            ON (
               kss007Item.jokyaku_seisan_sho_id = kss006.jokyaku_seisan_sho_id
            )
          INNER JOIN kss011
            ON (
              kss011.soshiki_cd = kss006.seisan_soshiki_cd
              AND kss011.disabled_flg = '0'
              AND CURRENT_DATE >= kss011.tekiyo_start_ymd
            )
        WHERE
          kss006.jokyaku_seisan_sho_id = #{jokyakuSeisanShoId, jdbcType=CHAR}
        ORDER BY
            kss007.moto_kotei_shisan_id
    </select>


    <update id="updateByPrimaryKey" parameterType="jp.co.nsd.nkssweb.dao.Kss006">
        UPDATE kss006
        <set>
            shonin_status = #{shoninStatus, jdbcType=CHAR}
            , update_date = #{updateDate,jdbcType=TIMESTAMP}
            , update_user_id = #{updateUserId,jdbcType=CHAR}
        </set>
         where kss006.jokyaku_seisan_sho_id = #{jokyakuSeisanShoId,jdbcType=VARCHAR}
    </update>
</mapper>