<?xml version="1.0" encoding="UTF-8"?>
<!DOCTYPE mapper PUBLIC "-//mybatis.org//DTD Mapper 3.0//EN" "http://mybatis.org/dtd/mybatis-3-mapper.dtd">

<mapper namespace="jp.co.nsd.nkssweb.dao.mapper.SeisanshoJokyakuMapper">

    <select id="selectByWhere" parameterType="jp.co.nsd.nkssweb.dao.SeisanshoJokyaku"
        resultType="jp.co.nsd.nkssweb.dao.SeisanshoJokyaku">
        SELECT
            kss006.jokyaku_seisan_sho_id                            AS jokyakuSeisanShoId
          , kss006.jokyaku_seisan_sho_no                            AS jokyakuSeisanShoNo
          , kss006.kenmei_nm                                        AS kenmeiNm
          , kss006.jokyaku_yote_ymd                                 AS jokyakuYoteYmd
          , kss006.tekiyo
          , replace(kss011.soshiki_ren_nm, '直属', '')              AS soshikiRenNm
        FROM
          kss006
          INNER JOIN kss011
            ON (
              kss006.seisan_soshiki_cd = kss011.soshiki_cd
              AND kss011.disabled_flg = '0'
              AND CURRENT_DATE >= kss011.tekiyo_start_ymd
            )
        <where>
        0 = 0
        <if test="jokyakuSeisanShoNo != ''">
            AND kss006.jokyaku_seisan_sho_no LIKE CONCAT(CONCAT('%', #{jokyakuSeisanShoNo, jdbcType=VARCHAR}), '%')
        </if>
        <if test="jokyakuYoteYmdFrom != ''">
            AND kss006.jokyaku_yote_ymd <![CDATA[ >= ]]> CAST(#{jokyakuYoteYmdFrom} AS DATE)
        </if>
        <if test="jokyakuYoteYmdTo != ''">
            AND kss006.jokyaku_yote_ymd <![CDATA[ <= ]]> CAST(#{jokyakuYoteYmdTo} AS DATE)
        </if>
        <if test="kenmeiNm != ''">
            AND kss006.kenmei_nm LIKE CONCAT(CONCAT('%', #{kenmeiNm, jdbcType=VARCHAR}), '%')
        </if>
        <if test="soshikiRenNm != ''">
            AND kss011.soshiki_ren_nm LIKE CONCAT(CONCAT('%', #{soshikiRenNm, jdbcType=VARCHAR}), '%')
        </if>
        </where>
        ORDER BY
          kss006.jokyaku_seisan_sho_no
    </select>

    <select id="selectBySeisanShoNo" parameterType="jp.co.nsd.nkssweb.dao.SeisanshoJokyakuShokai"
        resultType="jp.co.nsd.nkssweb.dao.SeisanshoJokyakuShokai">
        SELECT
            kss006.jokyaku_seisan_sho_id                              AS jokyakuSeisanShoId
          , kss006.jokyaku_seisan_sho_no                              AS jokyakuSeisanShoNo
          , kss006.kenmei_nm                                          AS kenmeiNm
          , to_char(kss006.jokyaku_yote_ymd,'yyyy-MM')                AS jokyakuYoteYmd
          , kss006.jokyaku_ymd                                        AS jokyakuYmd
          , kss006.shonin_status                                      AS shoninStatus
          , kss006.tekiyo
          , replace(kss011.soshiki_ren_nm, '直属', '')                AS soshikiRenNm
          , kss006.seisan_soshiki_cd                                  AS seisanSoshikiCd
          , kss006.seisan_entry_user_id                               AS userId
          , kss007.jokyaku_shisan_id                                  AS jokyakuShisanId
          , kss007.jokyaku_gaku                                       AS jokyakuGaku
          , kss007.moto_kotei_shisan_id                               AS motoKoteiShisanId
          , kss007.rireki_no                                          AS rrkCod
          , CONCAT(kss013.sei, rtrim(ltrim(kss013.mei,'　'),'　'))    AS seiMei
          , kss006.update_date                                        AS updateDate
          , kss006.tanto_tekiyo_start_ymd                             AS tekiyoStartYmd
          , kss006.tekiyo_start_ymd                                   AS nyushaYmd
        FROM
          kss006
          LEFT JOIN kss007
            ON (
              kss007.jokyaku_seisan_sho_id = kss006.jokyaku_seisan_sho_id
            )
          INNER JOIN kss011
            ON (
              kss011.soshiki_cd = kss006.seisan_soshiki_cd
              AND kss011.disabled_flg = '0'
              AND CURRENT_DATE >= kss011.tekiyo_start_ymd
            )
          LEFT JOIN kss013
            ON (kss013.user_id = kss006.seisan_entry_user_id)
        WHERE
          kss007.jokyaku_seisan_sho_id = #{jokyakuSeisanShoId, jdbcType=CHAR}
    </select>

    <update id="updateByPrimaryKey" parameterType="java.util.Map">
        UPDATE awdm01
        <set>
            mw1_jkksei_kbn = #{jkkseiKbn, jdbcType=VARCHAR}
            , mw1_update_dh = #{updateDate,jdbcType=TIMESTAMP}
            , mw1_updsha_cod = #{updshaCod,jdbcType=CHAR}
        </set>
         where awdm01.mw1_kotei_cod = #{koteiCod,jdbcType=VARCHAR}
         AND awdm01.mw1_rrk_cod = #{rrkCod,jdbcType=VARCHAR}
    </update>

    <delete id="deleteByPyKey" parameterType="jp.co.nsd.nkssweb.dao.Kss007Key">
    delete from kss007
    where jokyaku_seisan_sho_id = #{jokyakuSeisanShoId,jdbcType=CHAR}
    </delete>

    <select id="selectByPyKey" parameterType="jp.co.nsd.nkssweb.dao.Kss007Key"
        resultType="jp.co.nsd.nkssweb.dao.Kss007">
    select
      moto_kotei_shisan_id                                        AS motoKoteiShisanId
      , kss007.rireki_no                                          AS rirekiNo
    from kss007
    where jokyaku_seisan_sho_id = #{jokyakuSeisanShoId,jdbcType=CHAR}
  </select>

  <select id="selectMaxId" resultType="jp.co.nsd.nkssweb.dao.SeisanshoJokyaku">
    SELECT
        MAX(jokyaku_seisan_sho_id) AS jokyakuSeisanShoId
      , MAX(jokyaku_seisan_sho_no) AS jokyakuSeisanShoNo
    FROM
      kss006
  </select>
</mapper>