<?xml version="1.0" encoding="UTF-8"?>
<!DOCTYPE mapper PUBLIC "-//mybatis.org//DTD Mapper 3.0//EN" "http://mybatis.org/dtd/mybatis-3-mapper.dtd">

<mapper namespace="jp.co.nsd.nkssweb.dao.mapper.SeisanshoTorokuMapper">
  <resultMap id="BaseResultMap" type="jp.co.nsd.nkssweb.dao.SeisanshoToroku">
    <result column="seisanShoId"      jdbcType="CHAR"     property="seisanShoId"      />
    <result column="koteiShisanId"    jdbcType="CHAR"     property="koteiShisanId"    />
    <result column="seisanShoNo"      jdbcType="VARCHAR"  property="seisanShoNo"      />
    <result column="soshikiNm"        jdbcType="VARCHAR"  property="soshikiNm"        />
    <result column="siyoStartYmdFrom" jdbcType="VARCHAR"  property="siyoStartYmdFrom" />
    <result column="tekiyo"           jdbcType="VARCHAR"  property="tekiyo"           />
    <result column="yoyakusu"         jdbcType="VARCHAR"  property="yoyakusu"         />
    <result column="torokushaName"    jdbcType="VARCHAR"  property="torokushaName"    />
    <result column="kenmeiCd"         jdbcType="VARCHAR"  property="kenmeiCd"         />
    <result column="kenmeiNm"         jdbcType="VARCHAR"  property="kenmeiNm"         />
    <result column="tekiyoStartYmd"   jdbcType="VARCHAR"  property="tekiyoStartYmd"   />
    <result column="tekiyoEndYmd"     jdbcType="VARCHAR"  property="tekiyoEndYmd"     />
  </resultMap>

  <select id="selectByWhere" parameterType="jp.co.nsd.nkssweb.dao.SeisanshoToroku"
                             resultType="jp.co.nsd.nkssweb.dao.SeisanshoToroku">
      SELECT DISTINCT
          kss004.seisan_sho_id                       AS seisanShoId,
<!--      kss004.kotei_shisan_id                     AS koteiShisanId,  -->
          kss004.seisan_sho_no                       AS seisanShoNo,
          replace(kss011.soshiki_ren_nm, '直属', '')     AS soshikiNm,
          kss004.siyo_start_ymd                      AS siyoStartYmd,
          tmp.yoyakusu                               AS yoyakusu,
          kss013.name                                AS torokushaName,
          kss004.kenmei_cd                           AS kenmeiCd,
          kss002.kenmei_id                           AS kenmeiId,
          kss002.kenmei_cd                           AS kenmeiCd,
          kss002.kenmei_nm                           AS kenmeiNm,
          kss002.tekiyo_start_ymd                    AS tekiyoStartYmd,
          kss002.tekiyo_end_ymd                      AS tekiyoEndYmd
      FROM
          kss004
          INNER JOIN kss011
                 ON (kss004.seisan_soshiki_cd = kss011.soshiki_cd
                     AND current_date <![CDATA[ >= ]]> kss011.tekiyo_start_ymd
                     AND kss011.disabled_flg = '0'
                    )
          LEFT JOIN kss002
                 ON (kss004.kenmei_cd = kss002.kenmei_cd
		             AND kss004.siyo_start_ymd <![CDATA[ >= ]]> kss002.tekiyo_start_ymd
		             AND kss004.siyo_start_ymd <![CDATA[ <= ]]> kss002.tekiyo_end_ymd
                    )
          LEFT JOIN (SELECT user_id, nyusha_ymd, CONCAT(kss013.sei, rtrim(ltrim(kss013.mei,'　'),'　')) AS name
                     FROM kss013
                     WHERE current_date <![CDATA[ >= ]]> nyusha_ymd) AS kss013
                 ON (kss004.seisan_entry_user_id = kss013.user_id)
          LEFT JOIN (SELECT count(*) AS yoyakusu , kss004.seisan_sho_id
                     FROM
                      kss004
                     GROUP BY
                      kss004.seisan_sho_id) AS tmp
                 ON (kss004.seisan_sho_id = tmp.seisan_sho_id)
    <where>
      0 = 0
      <if test="seisanShoNo != ''">
        AND kss004.seisan_sho_no LIKE CONCAT(CONCAT('%', #{seisanShoNo, jdbcType=VARCHAR}), '%')
      </if>
      <if test="soshikiNm != ''">
        AND kss011.soshiki_ren_nm LIKE CONCAT(CONCAT('%', #{soshikiNm, jdbcType=VARCHAR}), '%')
      </if>
      <if test="siyoStartYmdFrom != ''">
        AND kss004.siyo_start_ymd <![CDATA[ >= ]]> CAST(#{siyoStartYmdFrom} AS DATE)
      </if>
      <if test="siyoStartYmdTo != ''">
        AND kss004.siyo_start_ymd <![CDATA[ <= ]]> CAST(#{siyoStartYmdTo} AS DATE)
      </if>
      <if test="torokushaName != ''">
        AND kss013.name LIKE CONCAT(CONCAT('%', #{torokushaName, jdbcType=VARCHAR}), '%')
      </if>
      <if test="kenmeiNm != ''">
        AND kss002.kenmei_nm LIKE CONCAT(CONCAT('%', #{kenmeiNm, jdbcType=VARCHAR}), '%')
      </if>
      <if test="tekiyoStartYmd != ''">
        AND kss002.tekiyo_start_ymd <![CDATA[ >= ]]> CAST(#{tekiyoStartYmd} AS DATE)
      </if>
      <if test="tekiyoEndYmd != ''">
        AND kss002.tekiyo_end_ymd <![CDATA[ <= ]]> CAST(#{tekiyoEndYmd} AS DATE)
      </if>
    </where>
        ORDER BY
          kss004.seisan_sho_no
  </select>

  <select id="selectByKey" parameterType="jp.co.nsd.nkssweb.dao.SeisanshoToroku"
                           resultType="jp.co.nsd.nkssweb.dao.SeisanshoToroku">
      SELECT DISTINCT
          kss004.seisan_sho_id                       AS seisanShoId,
          kss004.kotei_shisan_id                     AS koteiShisanId,
          kss004.seisan_sho_no                       AS seisanShoNo,
          replace(kss011.soshiki_ren_nm, '直属', '')         AS soshikiNm,
          kss004.siyo_start_ymd                      AS siyoStartYmdFrom,
          kss004.tekiyo                              AS tekiyo,
          kss004.shonin_status                       AS shoninStatus,
          tmp.yoyakusu                               AS yoyakusu,
          kss013.name                                AS torokushaName,
          kss004.kenmei_cd                           AS kenmeiCd,
          kss002.kenmei_id                           AS kenmeiId,
          kss002.kenmei_cd                           AS kenmeiCd,
          kss002.kenmei_nm                           AS kenmeiNm,
          kss002.tekiyo_start_ymd                    AS tekiyoStartYmd,
          kss002.tekiyo_end_ymd                      AS tekiyoEndYmd,
          kss016.cd_knj                              AS renkeiStatus
      FROM
          kss004
          INNER JOIN kss011
                 ON (kss004.seisan_soshiki_cd = kss011.soshiki_cd
                     AND current_date <![CDATA[ >= ]]> kss011.tekiyo_start_ymd
                     AND kss011.disabled_flg = '0'
                    )
          LEFT JOIN (SELECT user_id, nyusha_ymd, CONCAT(kss013.sei, rtrim(ltrim(kss013.mei,'　'),'　')) AS name
                     FROM kss013
                     WHERE current_date <![CDATA[ >= ]]> nyusha_ymd) AS kss013
                 ON (kss004.seisan_entry_user_id = kss013.user_id)
          LEFT JOIN kss002
                 ON (kss004.kenmei_cd = kss002.kenmei_cd
		             AND kss004.siyo_start_ymd <![CDATA[ >= ]]> kss002.tekiyo_start_ymd
		             AND kss004.siyo_start_ymd <![CDATA[ <= ]]> kss002.tekiyo_end_ymd
                    )
          LEFT JOIN kss016
                 ON (kss016.cd_shubetsu = 'CD0003'
                     AND kss016.cd_1 = kss002.renkei_status
                    )
          LEFT JOIN (SELECT count(*) AS yoyakusu , kss004.seisan_sho_id
                     FROM
                      kss004
                     GROUP BY
                      kss004.seisan_sho_id) AS tmp
                 ON (kss004.seisan_sho_id = tmp.seisan_sho_id)
    <where>
      0 = 0
      <if test="seisanShoId != ''">
        AND kss004.seisan_sho_id = #{seisanShoId}
      </if>
    </where>
  </select>

  <select id="selectRenkeiStatus" parameterType="java.lang.String"
		resultType="java.lang.String">
		SELECT
		  renkei_status     AS renkeiStatus
		FROM
		  kss002
		<where>
		  kss002.kenmei_id = #{kenmeiId, jdbcType=NUMERIC}
		  and kss002.kenmei_cd = #{kenmeiCd, jdbcType=CHAR}
		  and kss002.kenmei_nm = #{kenmeiNm, jdbcType=CHAR}
		  and kss002.tekiyo_start_ymd = #{tekiyoStartYmd, jdbcType=DATE}
	    </where>
  </select>

  <select id="selectShoninStatus" parameterType="java.lang.String"
		resultType="java.lang.String">
		SELECT
		  shonin_status     AS shoninStatus
		FROM
		  kss004
		<where>
		  kss004.seisan_sho_id = #{seisanShoId, jdbcType=CHAR}
		  and kss004.kotei_shisan_id = #{koteiShisanId, jdbcType=CHAR}
	    </where>
  </select>

  <select id="selectConut" parameterType="java.lang.String"
		resultType="java.lang.String">
		SELECT
		  count(*)     AS kensu
		FROM
		  kss005
		<where>
		  kss005.seisan_sho_id = #{seisanShoId, jdbcType=CHAR}
		  and kss005.kotei_shisan_id = #{koteiShisanId, jdbcType=CHAR}
	    </where>
  </select>

  <delete id="deleteKenMeByPyKey" parameterType="jp.co.nsd.nkssweb.dao.Kss002Key">
    delete from kss002
    where kenmei_id = #{kenmeiId,jdbcType=CHAR}
      and kenmei_cd = #{kenmeiCd,jdbcType=CHAR}
      and kenmei_nm = #{kenmeiNm,jdbcType=CHAR}
      and tekiyo_start_ymd = #{tekiyoStartYmd,jdbcType=CHAR}
  </delete>

  <delete id="deleteByPyKey" parameterType="jp.co.nsd.nkssweb.dao.Kss004Key">
    delete from kss004
    where seisan_sho_id = #{seisanShoId,jdbcType=CHAR}
      and kotei_shisan_id = #{koteiShisanId,jdbcType=CHAR}
  </delete>

  <delete id="deletemesaiByPyKey" parameterType="jp.co.nsd.nkssweb.dao.Kss005Key">
    delete from kss005
    where seisan_sho_id = #{seisanShoId,jdbcType=CHAR}
      and kotei_shisan_id = #{koteiShisanId,jdbcType=CHAR}
  </delete>

</mapper>