<?xml version="1.0" encoding="UTF-8"?>
<!DOCTYPE mapper PUBLIC "-//mybatis.org//DTD Mapper 3.0//EN" "http://mybatis.org/dtd/mybatis-3-mapper.dtd">

<mapper namespace="jp.co.nsd.nkssweb.dao.mapper.StoredMapper">
  <select id="setAllKs2020" statementType="CALLABLE" parameterType="java.util.Map" resultType="int">
    <![CDATA[
      { call kss.pkg_KS2020_set_all(#{JokyakuSeisanShoId, mode=IN, jdbcType=VARCHAR}, #{shoriKbn, mode=IN, jdbcType=VARCHAR}) }
    ]]>
  </select>

  <select id="setAllKs2030" statementType="CALLABLE" parameterType="java.util.Map" resultType="int">
    <![CDATA[
      { call kss.pkg_KS2030_set_all(
        #{jokyakuSeisanShoId, mode=IN, jdbcType=VARCHAR}
        , #{jokyakuShisanId, mode=IN, jdbcType=VARCHAR}
        , #{shoriKbn, mode=IN, jdbcType=VARCHAR}) }
    ]]>
  </select>

  <select id="setAllKs2040" statementType="CALLABLE" parameterType="java.util.Map" resultType="int">
    <![CDATA[
      { call kss.pkg_KS2040_set_all(#{JokyakuSeisanShoId, mode=IN, jdbcType=VARCHAR}, #{shoriKbn, mode=IN, jdbcType=VARCHAR}) }
    ]]>
  </select>

  <select id="clearSisanIdListKs2070" statementType="CALLABLE" resultType="int">
    <![CDATA[
      { call kss.pkg_KS2070_clear_sisan_id_list() }
    ]]>
  </select>

  <select id="addSisanIdKs2070" statementType="CALLABLE" parameterType="java.util.Map" resultType="int">
    <![CDATA[
      { call kss.pkg_KS2070_add_sisan_id(#{JokyakuSeisanShoId, mode=IN, jdbcType=VARCHAR}) }
    ]]>
  </select>

  <select id="setAllKs2070" statementType="CALLABLE" parameterType="java.util.Map" resultType="int">
    <![CDATA[
      { call kss.pkg_KS2070_set_all(
        #{hakouSoshikiCd, mode=IN, jdbcType=VARCHAR}
        , #{renkeidataSakuseiYmd, mode=IN, jdbcType=DATE}
        , #{kaikeiSeiriYm, mode=IN, jdbcType=NUMERIC}
      ) }
    ]]>
  </select>
</mapper>