<?xml version="1.0" encoding="UTF-8"?>
<configuration  scan="true" scanPeriod="60 seconds" debug="false">
    <contextName>logback</contextName>
    <property name="log.path" value="C:/work/spring-log" />
    <!--コンソールへ出力-->
    <appender name="console" class="ch.qos.logback.core.ConsoleAppender">
       <!-- <filter class="ch.qos.logback.classic.filter.ThresholdFilter">
            <level>ERROR</level>
        </filter>-->
        <encoder>
            <pattern>%d{HH:mm:ss.SSS} %contextName [%thread] %-5level %logger{36} - %msg%n</pattern>
            <charset>UTF-8</charset>
        </encoder>
    </appender>

    <!--ファイルへ出力-->
    <appender name="file" class="ch.qos.logback.core.rolling.RollingFileAppender">
        <rollingPolicy class="ch.qos.logback.core.rolling.TimeBasedRollingPolicy">
            <fileNamePattern>${log.path}/logback.%d{yyyy-MM-dd}.log</fileNamePattern>
        </rollingPolicy>
        <encoder>
            <pattern>%d{HH:mm:ss.SSS} %contextName [%thread] %-5level %logger{36} - %msg%n</pattern>
            <charset>UTF-8</charset>
        </encoder>
    </appender>

    <root level="info">
        <appender-ref ref="console" />
        <appender-ref ref="file" />
    </root>

    <!-- logbackパッケージ -->
    <logger name="jp.co.nsd.nkssweb.controller"/>
    <!--logback.LogbackDemo：クラスパス -->
    <logger name="jp.co.nsd.nkssweb.controller.SeisanshoShutokuController" level="WARN" additivity="false">
        <appender-ref ref="console"/>
        <appender-ref ref="file" />
    </logger>
    <logger name="jp.co.nsd.nkssweb.service" level="WARN" additivity="false">
        <appender-ref ref="console"/>
        <appender-ref ref="file" />
    </logger>
    <logger name="jp.co.nsd.nkssweb.dao" level="DEBUG" additivity="false">
        <appender-ref ref="console"/>
        <appender-ref ref="file" />
    </logger>
    <logger name="jp.co.nsd.nkssweb.NSDTest" level="INFO" additivity="false">
        <appender-ref ref="console"/>
        <appender-ref ref="file" />
    </logger>
</configuration>